query,product_id,url,title,sale_price_krw,seller_list_price_krw,orders,star,choice,launched,observed_at,source
aluminum laptop stand foldable,1005010759406824,https://www.aliexpress.com/item/1005010759406824.html,"조절 가능한 노트북 거치대 2개 세트, 접이식 2단 높이 조절 노트북 받침대, 휴대용 데스크탑 높이 조절 홀더 (가정 및 사무실용)",1201,2402,33496,4.9,true,2026-01-09 00:00:00,2026-09-27T11:08+00:00,"AliExpress public search page, ship-to KR, KRW"
aluminum laptop stand foldable,1005007562753306,https://www.aliexpress.com/item/1005007562753306.html,"조정 가능한 알루미늄 노트북 스탠드 - 8~16인치 노트북을 위한 6단계 높이, 접이식 및 휴대용 디자인, 향상된 환기 및 열",1750,8837,22677,4.7,true,2024-08-17 00:00:00,2026-09-27T11:08+00:00,"AliExpress public search page, ship-to KR, KRW"
aluminum laptop stand foldable,1005011940143389,https://www.aliexpress.com/item/1005011940143389.html,"휴대용 접이식 노트북 스탠드, 책상용, 인체공학적 디자인, 8단계 높이 조절 가능, 삼각대 형태, 휴대 및 사용이 편리함.",2680,5581,20856,4.9,true,2026-03-25 00:00:00,2026-09-27T11:08+00:00,"AliExpress public search page, ship-to KR, KRW"
aluminum laptop stand foldable,1005008693526129,https://www.aliexpress.com/item/1005008693526129.html,YYLM N8 노트북 스탠드 알루미늄 Macbook 조정 가능한 휴대용 더 많은 Stabe 노트북 스탠드 냉각 스탠드 접이식 노트북 홀더,8900,26714,13627,4.6,true,2025-03-23 00:00:00,2026-09-27T11:08+00:00,"AliExpress public search page, ship-to KR, KRW"
aluminum laptop stand foldable,1005009916289049,https://www.aliexpress.com/item/1005009916289049.html,"접이식 자석 부착 데스크폰 거치대, 알루미늄 합금 노트북 스탠드, 휴대용 조절식 셀카봉 삼각대 (스마트폰, 태블릿, 노트북용)",3750,16705,9245,4.9,true,2025-09-08 00:00:00,2026-09-27T11:08+00:00,"AliExpress public search page, ship-to KR, KRW"
aluminum laptop stand foldable,1005006863862389,https://www.aliexpress.com/item/1005006863862389.html,알루미늄 합금 노트북 홀더 스탠드 조정 가능한 접이식 휴대용 노트북 컴퓨터 브래킷 리프팅 냉각 홀더 미끄럼 방지,1500,6145,8867,4.9,true,2024-04-24 00:00:00,2026-09-27T11:08+00:00,"AliExpress public search page, ship-to KR, KRW"
aluminum laptop stand foldable,1005007118062140,https://www.aliexpress.com/item/1005007118062140.html,"조절 가능한 접이식 노트북 스탠드, 휴대용 노트북 브래킷, 지지대 베이스, 알루미늄 합금 거치대, 맥북 PC 액세서리 ,Foldable Laptop Stand Adjustable Portable Notebook Bracket Support Base Aluminum Alloy Holder For Macbook PC Accessories",1500,4573,8858,4.4,true,2024-06-03 00:00:00,2026-09-27T11:08+00:00,"AliExpress public search page, ship-to KR, KRW"
aluminum laptop stand foldable,1005006013195858,https://www.aliexpress.com/item/1005006013195858.html,"Baseus 접이식 노트북 스탠드, 휴대용 노트북 지지대 베이스 거치대, 조절식 라이저 냉각 브래킷, 노트북 태블릿용 범용",4000,18126,7202,4.9,false,2023-09-05 00:00:00,2026-09-27T11:08+00:00,"AliExpress public search page, ship-to KR, KRW"
aluminum laptop stand foldable,1005007038139855,https://www.aliexpress.com/item/1005007038139855.html,Xnyocn 노트북 스탠드 알루미늄 합금 미니 접이식 홀더 3 높이 조정 노트북 Macbook 스마트 폰용 브래킷 액세서리,1000,4073,4846,4.9,true,2024-05-22 00:00:00,2026-09-27T11:08+00:00,"AliExpress public search page, ship-to KR, KRW"
aluminum laptop stand foldable,1005009448449057,https://www.aliexpress.com/item/1005009448449057.html,"접이식 노트북 스탠드 조정 가능한 휴대용 노트북 브래킷 지원 Macbook 노트북 PC 액세서리 용 알루미늄 합금 홀더 ,Foldable Laptop Stand Adjustable Portable Notebook Bracket Support Base Aluminum Alloy Holder For Macbook Laptop PC Accessories",1500,4532,4105,4.4,true,2025-07-08 00:00:00,2026-09-27T11:08+00:00,"AliExpress public search page, ship-to KR, KRW"
aluminum laptop stand foldable,1005005605228469,https://www.aliexpress.com/item/1005005605228469.html,Xnyocn 노트북 스탠드 알루미늄 합금 미니 접이식 홀더 3 높이 조정 노트북 Macbook 스마트 폰용 브래킷 액세서리,2750,5982,3183,4.7,true,2023-05-23 00:00:00,2026-09-27T11:08+00:00,"AliExpress public search page, ship-to KR, KRW"
aluminum laptop stand foldable,1005005757050899,https://www.aliexpress.com/item/1005005757050899.html,접이식 노트북 스탠드 360 ° 회전 노트북 테이블 알루미늄 합금 홀더 열 방출 기능이 있는 휴대용 책 태블릿 브래킷,29150,73829,3033,4.9,true,2023-06-26 00:00:00,2026-09-27T11:08+00:00,"AliExpress public search page, ship-to KR, KRW"
monitor stand riser aluminum,1005007562753306,https://www.aliexpress.com/item/1005007562753306.html,"조정 가능한 알루미늄 노트북 스탠드 - 8~16인치 노트북을 위한 6단계 높이, 접이식 및 휴대용 디자인, 향상된 환기 및 열",1750,8837,22677,4.7,true,2024-08-17 00:00:00,2026-09-27T11:08+00:00,"AliExpress public search page, ship-to KR, KRW"
monitor stand riser aluminum,1005006410623450,https://www.aliexpress.com/item/1005006410623450.html,Artpowers 태블릿 홀더 패드 지원 휴대용 모니터 홀더 전화 스탠드 노트북 조정 가능한 회전 태블릿 ​​클립 홀더 마운트,20650,69789,2391,4.8,true,2024-01-02 00:00:00,2026-09-27T11:08+00:00,"AliExpress public search page, ship-to KR, KRW"
monitor stand riser aluminum,1005007808038796,https://www.aliexpress.com/item/1005007808038796.html,"책상용 노트북 스탠드, 높이 조절 가능, 노트북용 컴퓨터 스탠드, 휴대용 노트북 스탠드",89358,93782,2310,5,false,2024-09-26 00:00:00,2026-09-27T11:08+00:00,"AliExpress public search page, ship-to KR, KRW"
monitor stand riser aluminum,1005010155315423,https://www.aliexpress.com/item/1005010155315423.html,"DT-02B 접이식 조절 가능 알루미늄 합금 쿨링 지원 브래킷, 휴대용 인체공학적 데스크탑 스탠드, 휴대폰 호환",6000,28172,1931,4.9,true,2025-10-14 00:00:00,2026-09-27T11:08+00:00,"AliExpress public search page, ship-to KR, KRW"
monitor stand riser aluminum,1005008144826681,https://www.aliexpress.com/item/1005008144826681.html,"킴둘 태블릿 데스크탑 캔틸레버 브래킷은 테이블 휴대폰 및 휴대용 모니터를 지지하며, 조절 가능한 회전식 태블릿 클립 브래킷입니다.",10250,46686,1357,4.9,true,2024-12-02 00:00:00,2026-09-27T11:08+00:00,"AliExpress public search page, ship-to KR, KRW"
monitor stand riser aluminum,1005010168947540,https://www.aliexpress.com/item/1005010168947540.html,"높이 조절이 가능한 회전식 알루미늄 노트북 스탠드, 7-13인치 태블릿 스탠드에 적합",95800,93782,768,5,false,2025-10-16 00:00:00,2026-09-27T11:08+00:00,"AliExpress public search page, ship-to KR, KRW"
monitor stand riser aluminum,1005010225629371,https://www.aliexpress.com/item/1005010225629371.html,유니버설 확장형 모니터 데스크 홀더 조절 가능 360도 °   회전식 태블릿 스탠드 12-17인치용 접이식 태블릿 브래킷,7750,35758,585,4.8,true,2025-10-24 00:00:00,2026-09-27T11:08+00:00,"AliExpress public search page, ship-to KR, KRW"
monitor stand riser aluminum,1005008152792401,https://www.aliexpress.com/item/1005008152792401.html,Protable 모니터 테이블 브래킷 용 알루미늄 합금 스탠드 조정 가능한 360 회전 M4 나사베이스 강력한 부하 용량 슈퍼 안정적,26357,62661,551,5,false,2024-11-26 00:00:00,2026-09-27T11:08+00:00,"AliExpress public search page, ship-to KR, KRW"
monitor stand riser aluminum,1005008248161047,https://www.aliexpress.com/item/1005008248161047.html,김두레 360 °   접이식 회전 알루미늄 태블릿 스탠드 자석 VESA 마운트 휴대폰 태블릿 휴대용 모니터 호환,26750,56223,373,4.9,true,2024-12-15 00:00:00,2026-09-27T11:08+00:00,"AliExpress public search page, ship-to KR, KRW"
monitor stand riser aluminum,1005003604572544,https://www.aliexpress.com/item/1005003604572544.html,NB NEW F150 3-12kg 알루미늄 가스 스프링 모니터 TV 벽걸이 브래킷 풀 모션 2암 24'-35' LCD 마운트 모니터 홀더 LED 스탠드,23000,30861,231,4.9,false,2021-11-24 00:00:00,2026-09-27T11:08+00:00,"AliExpress public search page, ship-to KR, KRW"
monitor stand riser aluminum,1005009332933947,https://www.aliexpress.com/item/1005009332933947.html,"2025 태블릿 스탠드 홀더 (아이패드용), 휴대용 모니터 스탠드 데스크 마운트 (15.6인치, 16인치 화면용), 회전 가능한 알루미늄 롱 암",20099,41985,220,4.7,false,2025-06-23 00:00:00,2026-09-27T11:08+00:00,"AliExpress public search page, ship-to KR, KRW"
monitor stand riser aluminum,1005012898526772,https://www.aliexpress.com/item/1005012898526772.html,"7-13인치 태블릿 스탠드, 높이 조절 가능한 회전식 알루미늄 노트북 스탠드",95800,93782,217,5,false,2026-08-06 00:00:00,2026-09-27T11:08+00:00,"AliExpress public search page, ship-to KR, KRW"
packing cubes set travel,1005007011689536,https://www.aliexpress.com/item/1005007011689536.html,7/8/9/10 Pcs 세트 여행 주최자 보관 가방 가방 포장 큐브 케이스 휴대용 옷장 수하물 의류 신발 주머니 접이식,2250,10230,12765,4.9,true,2024-05-16 00:00:00,2026-09-27T11:08+00:00,"AliExpress public search page, ship-to KR, KRW"
packing cubes set travel,1005006991378678,https://www.aliexpress.com/item/1005006991378678.html,6pcs 여행 저장 가방 대용량 수하물 의류 정렬 주최자 세트 가방 파우치 케이스 신발 포장 큐브 가방,1500,6834,10764,4.7,true,2024-05-13 00:00:00,2026-09-27T11:08+00:00,"AliExpress public search page, ship-to KR, KRW"
packing cubes set travel,1005006431120177,https://www.aliexpress.com/item/1005006431120177.html,7종 세트 여행 가방 정리함 옷 가방 여행 정리함 담요 신발 정리함 가방 여행 가방 파우치 포장 큐브,8630,8447,7806,4.8,true,2024-01-08 00:00:00,2026-09-27T11:08+00:00,"AliExpress public search page, ship-to KR, KRW"
packing cubes set travel,1005008530707168,https://www.aliexpress.com/item/1005008530707168.html,4 개/대 여행 압축 포장 큐브 가방 휴대용 가방 의류 주최자 방수 수하물 보관 케이스 서랍 가방,8400,8221,5103,4.4,true,2025-02-26 00:00:00,2026-09-27T11:08+00:00,"AliExpress public search page, ship-to KR, KRW"
packing cubes set travel,1005007604243742,https://www.aliexpress.com/item/1005007604243742.html,세트/6 개 압축 포장 여행용 수납 가방 큐브 방수 가방 나일론 휴대용 핸드백 수하물 주최자,4500,22220,4573,4.9,true,2024-09-03 00:00:00,2026-09-27T11:08+00:00,"AliExpress public search page, ship-to KR, KRW"
packing cubes set travel,1005007539952803,https://www.aliexpress.com/item/1005007539952803.html,홈피쉬 6종 세트 압축 여행용 수납 가방 방수 휴대용 여행 가방 정리함 손잡이 포함,6250,28916,4539,4.9,true,2024-08-15 00:00:00,2026-09-27T11:08+00:00,"AliExpress public search page, ship-to KR, KRW"
packing cubes set travel,1005009384292372,https://www.aliexpress.com/item/1005009384292372.html,"여행용 수납 가방 세트, 의류, 디지털 용품, 세면도구, 신발 정리 가방, 학생 기숙사 의류 분류 가방, 패킹 큐브",3250,14759,4034,4.9,true,2025-06-30 00:00:00,2026-09-27T11:08+00:00,"AliExpress public search page, ship-to KR, KRW"
packing cubes set travel,1005009268873921,https://www.aliexpress.com/item/1005009268873921.html,4/6개 압축형 여행용 수납 가방 방수 캐리어 나일론 휴대용 핸드백 수하물 정리함 라이아나이,6000,27237,3954,4.8,true,2025-06-14 00:00:00,2026-09-27T11:08+00:00,"AliExpress public search page, ship-to KR, KRW"
packing cubes set travel,1005008464166220,https://www.aliexpress.com/item/1005008464166220.html,10/7 Pcs 세트 여행 주최자 보관 가방 가방 포장 큐브 케이스 휴대용 옷장 수하물 의류 신발 주머니 접이식,3250,22203,3640,4.7,true,2025-02-07 00:00:00,2026-09-27T11:08+00:00,"AliExpress public search page, ship-to KR, KRW"
packing cubes set travel,1005007899436600,https://www.aliexpress.com/item/1005007899436600.html,3 개/대 여행 압축 포장 다기능 여행 저장 가방 방수 가방 나일론 휴대용 수하물 주최자 핑크,4000,21311,3415,4.7,true,2024-10-14 00:00:00,2026-09-27T11:08+00:00,"AliExpress public search page, ship-to KR, KRW"
packing cubes set travel,1005009508836651,https://www.aliexpress.com/item/1005009508836651.html,"3개 세트 압축형 수납 큐브, 여행용 수하물 정리함, 가볍고 공간을 절약해 주는 휴대용 여행 필수품",4000,26259,3216,4.9,true,2025-09-23 00:00:00,2026-09-27T11:08+00:00,"AliExpress public search page, ship-to KR, KRW"
packing cubes set travel,1005006059130666,https://www.aliexpress.com/item/1005006059130666.html,6종 여행용 의류 보관 가방 세트 휴대용 수하물 정리 패킹 큐브 (슈트케이스 신발 및 의류용 휴대용 파우치),3000,15024,2730,4.7,true,2023-09-19 00:00:00,2026-09-27T11:08+00:00,"AliExpress public search page, ship-to KR, KRW"
car seat back organizer,1005006904730174,https://www.aliexpress.com/item/1005006904730174.html,자동차 보관 가방 그물 접착제 자동 좌석 주최자 도어 사이드 네트 포켓 다기능 15-20cm 탄력있는 자동차 스타일링 보관 그물,1500,3889,23652,4.9,true,2024-04-30 00:00:00,2026-09-27T11:08+00:00,"AliExpress public search page, ship-to KR, KRW"
car seat back organizer,1005013002464817,https://www.aliexpress.com/item/1005013002464817.html,"다용도 옥스포드 원단 차량용 시트백 정리함, 태블릿 홀더가 있는 어린이용 보호 기능 다중 포켓 수납 가방",1500,8188,22149,4.9,true,2026-08-19 00:00:00,2026-09-27T11:08+00:00,"AliExpress public search page, ship-to KR, KRW"
car seat back organizer,1005006769553688,https://www.aliexpress.com/item/1005006769553688.html,"자동차 좌석 등받이 정리함 트렁크 메쉬 포켓 탄성 스트링 그물 매직 스티커, 범용 휴대용 보관 가방, 자동차 액세서리",1250,6122,14156,4.8,true,2024-03-29 00:00:00,2026-09-27T11:08+00:00,"AliExpress public search page, ship-to KR, KRW"
car seat back organizer,4001140150186,https://www.aliexpress.com/item/4001140150186.html,자동차 뒤 후면 메쉬 트렁크 좌석 탄성 문자열 그물 매직 스티커 범용 보관 가방 포켓 케이지 자동 주최자 좌석 뒤 가방,1500,3304,6167,4.8,true,2020-06-11 00:00:00,2026-09-27T11:08+00:00,"AliExpress public search page, ship-to KR, KRW"
car seat back organizer,1005011653819703,https://www.aliexpress.com/item/1005011653819703.html,새로운 유니버설 자동차 시트 백 오거나이저 터치 스크린 태블릿 홀더 포함 자동차 뒷좌석 수납 가방 다중 포켓 자동차 시트 오거나이저,3700,7394,4827,4.9,true,2026-03-01 00:00:00,2026-09-27T11:08+00:00,"AliExpress public search page, ship-to KR, KRW"
car seat back organizer,1005006678236198,https://www.aliexpress.com/item/1005006678236198.html,자동차 좌석 정리함 다기능 옥스포드 패브릭 자동차 뒷좌석 다중 포켓 수납 가방 태블릿 홀더 보호대 포함 어린이용,2000,8706,4748,4.9,true,2024-03-12 00:00:00,2026-09-27T11:08+00:00,"AliExpress public search page, ship-to KR, KRW"
car seat back organizer,1005008918798028,https://www.aliexpress.com/item/1005008918798028.html,JFBONIN 자동차 트렁크 수납 가방 SUV 자동차 시트 백걸이형 가방 다기능 수납 메쉬 가방 자동차 내부 수납 용품,4750,21681,3208,4.5,true,2025-04-27 00:00:00,2026-09-27T11:08+00:00,"AliExpress public search page, ship-to KR, KRW"
car seat back organizer,1005011847944832,https://www.aliexpress.com/item/1005011847944832.html,홈피쉬 6포켓 차량 시트백 수납 가방 내마모성 자동차 뒷좌석 정리함 티슈/컵 홀더 방수 안티킥 패드,7540,16062,3171,4.5,true,2026-03-12 00:00:00,2026-09-27T11:08+00:00,"AliExpress public search page, ship-to KR, KRW"
car seat back organizer,1005006727610850,https://www.aliexpress.com/item/1005006727610850.html,자동차 시트 사이드 오거나이저 자동차 수납 걸이형 가방 휴대폰 음료 홀더 메쉬 포켓 자동차 SUV 트럭용,1000,5046,3152,4.9,true,2024-03-21 00:00:00,2026-09-27T11:08+00:00,"AliExpress public search page, ship-to KR, KRW"
car seat back organizer,1005006085162717,https://www.aliexpress.com/item/1005006085162717.html,1Pc 자동차 뒤 후면 메쉬 트렁크 좌석 탄성 문자열 그물 범용 보관 가방 포켓 케이지 자동 주최자 좌석 뒤 가방,1250,6139,3101,4.7,true,2023-09-27 00:00:00,2026-09-27T11:08+00:00,"AliExpress public search page, ship-to KR, KRW"
car seat back organizer,1005006154959342,https://www.aliexpress.com/item/1005006154959342.html,자동차 뒷좌석 보관함 탄성 문자열 그물 범용 메쉬 보관 가방 매직 스티커 자동차 자동차 트렁크 주최자 액세서리,2000,4927,3004,4.7,true,2023-10-23 00:00:00,2026-09-27T11:08+00:00,"AliExpress public search page, ship-to KR, KRW"
car seat back organizer,1005008666149403,https://www.aliexpress.com/item/1005008666149403.html,자동차 트렁크 주최자 뒷좌석 보관 가방 대용량 다용도 옥스포드 카시트 백 주최자 자동차 인테리어,7340,14675,2921,4.9,true,2025-03-17 00:00:00,2026-09-27T11:08+00:00,"AliExpress public search page, ship-to KR, KRW"
car trunk organizer foldable,1005007099890875,https://www.aliexpress.com/item/1005007099890875.html,"자동차 트렁크 정리함 상자, 대용량, 자동 다용도 도구, 보관 가방, 보관, 정리, 가죽, 비상용 접이식",4250,19155,10835,4.6,true,2024-05-30 00:00:00,2026-09-27T11:08+00:00,"AliExpress public search page, ship-to KR, KRW"
car trunk organizer foldable,1005010285399813,https://www.aliexpress.com/item/1005010285399813.html,다용도 접이식 자동차 트렁크 정리함 PU 가죽 자동차 트렁크 정리함 수납 정리 자동차 액세서리,3750,16547,8214,4.9,true,2025-11-11 00:00:00,2026-09-27T11:08+00:00,"AliExpress public search page, ship-to KR, KRW"
car trunk organizer foldable,1005008625418534,https://www.aliexpress.com/item/1005008625418534.html,1pc 자동차 스토리지 펠트 상자 어두운 회색 안티 슬립 스토리지 도구 수건 자동차 액세서리 유니버설 접이식 고품질 펠트 상자,1750,7950,6336,4.7,false,2025-03-09 00:00:00,2026-09-27T11:08+00:00,"AliExpress public search page, ship-to KR, KRW"
car trunk organizer foldable,1005008395026123,https://www.aliexpress.com/item/1005008395026123.html,SEAMETAL 접이식 트렁크 보관 상자 방수 옥스포드 천 110L 캠핑/낚시 용 대용량 자동차 주최자 휴대하기 쉬운,17150,34261,4815,4.8,false,2025-01-17 00:00:00,2026-09-27T11:08+00:00,"AliExpress public search page, ship-to KR, KRW"
car trunk organizer foldable,1005010775385091,https://www.aliexpress.com/item/1005010775385091.html,자동차 트렁크 정리함 대용량 다용도 도구 보관 가방 가죽 접이식 비상용 보관함,4750,22090,3940,4.7,true,2026-01-11 00:00:00,2026-09-27T11:08+00:00,"AliExpress public search page, ship-to KR, KRW"
car trunk organizer foldable,1005005852064579,https://www.aliexpress.com/item/1005005852064579.html,보관 상자 PU 가죽 다목적 접이식 자동차 트렁크 보관 주최자 자동차 트렁크 주최자 Stowing Tidying Auto Accessories,13250,27347,3705,4.6,true,2023-07-18 00:00:00,2026-09-27T11:08+00:00,"AliExpress public search page, ship-to KR, KRW"
car trunk organizer foldable,1005007475096405,https://www.aliexpress.com/item/1005007475096405.html,뚜껑이있는 자동차 트렁크 스토리지 주최자 범용 자동차 트렁크 주최자 70L 스토리지 박스 옥스포드 천 접이식 Organizador,9250,41828,3447,4.8,true,2024-08-01 00:00:00,2026-09-27T11:08+00:00,"AliExpress public search page, ship-to KR, KRW"
car trunk organizer foldable,1005007937933768,https://www.aliexpress.com/item/1005007937933768.html,"자동차 백업 수납함, 접이식 대형 자동차 화물함 캠핑카 수납함 다기능 접이식 정리함",2250,10151,3110,4.9,true,2024-10-21 00:00:00,2026-09-27T11:08+00:00,"AliExpress public search page, ship-to KR, KRW"
car trunk organizer foldable,1005009583868784,https://www.aliexpress.com/item/1005009583868784.html,카템 차량용 접이식 폴딩 트렁크 정리함 박스,5000,28800,2477,4.8,false,2025-07-24 00:00:00,2026-09-27T11:08+00:00,"AliExpress public search page, ship-to KR, KRW"
car trunk organizer foldable,1005012718683211,https://www.aliexpress.com/item/1005012718683211.html,1 패브릭 팩 자동차 트렁크 정리함 SUV/세단/트럭용 접이식 인체공학적 손잡이 내구성 있는 원단,1500,8915,2450,4.6,true,2026-07-13 00:00:00,2026-09-27T11:08+00:00,"AliExpress public search page, ship-to KR, KRW"
car trunk organizer foldable,1005007892579561,https://www.aliexpress.com/item/1005007892579561.html,대용량 자동차 보관 상자 자동차 트렁크 주최자 친환경 슈퍼 내구성 접이식화물 보관 도구 자동 트럭 트렁크 상자,7990,15665,2434,4.4,false,2024-10-13 00:00:00,2026-09-27T11:08+00:00,"AliExpress public search page, ship-to KR, KRW"
car trunk organizer foldable,1005008782431434,https://www.aliexpress.com/item/1005008782431434.html,"SUV용 트렁크 정리함, 캠핑이나 야외 활동 시 휴대하기 편리한 접이식 차량용 수납함, 공간 활용도가 높은 다기능 제품",4250,19818,1987,4.8,true,2025-04-07 00:00:00,2026-09-27T11:08+00:00,"AliExpress public search page, ship-to KR, KRW"
cable management box,1005008077575515,https://www.aliexpress.com/item/1005008077575515.html,"1세트 데스크 수납용 데이터 케이블 보관함, 전원 충전 케이블 정리 및 액세서리 보관용 케이블 정리 가방",500,4750,35965,4.9,true,2024-11-12 00:00:00,2026-09-27T11:08+00:00,"AliExpress public search page, ship-to KR, KRW"
cable management box,1005008256098228,https://www.aliexpress.com/item/1005008256098228.html,투명한 데이터 케이블 정리 케이스 분류 사무실 홈용 뚜껑 혼란 수집 상자가 있는 방진 카드 정리함,1500,2709,10445,4.7,true,2024-12-16 00:00:00,2026-09-27T11:08+00:00,"AliExpress public search page, ship-to KR, KRW"
cable management box,1005007264291819,https://www.aliexpress.com/item/1005007264291819.html,투명 플라스틱 데이터 케이블 보관함 가정용 케이블 휴대폰 충전기 충전 케이블 정리함 분리형 그리드 박스,1500,2321,5910,4.6,true,2024-06-26 00:00:00,2026-09-27T11:08+00:00,"AliExpress public search page, ship-to KR, KRW"
cable management box,1005006966210676,https://www.aliexpress.com/item/1005006966210676.html,"1pc 가정용 전원 스트립 와이어 보관함, 창의적인 다기능 데이터 케이블 보관함",3650,9011,5857,4.9,true,2024-05-15 00:00:00,2026-09-27T11:08+00:00,"AliExpress public search page, ship-to KR, KRW"
cable management box,1005009733734961,https://www.aliexpress.com/item/1005009733734961.html,"데스크탑 덮힌 데이터 케이블 보관함, 전원 충전 케이블 정렬 도구, 충전기 보관함, 혼돈에 작별 인사를 하세요",1500,6688,4623,4.6,true,2025-08-14 00:00:00,2026-09-27T11:08+00:00,"AliExpress public search page, ship-to KR, KRW"
cable management box,1005008766411570,https://www.aliexpress.com/item/1005008766411570.html,대나무 커버 케이블 관리 상자 와이어 정션 보드 보관 상자 와이어 숨기기 전원 스트립 데스크 케이블 컴퓨터 정리 상자,2324,8455,3698,4.6,true,2025-04-04 00:00:00,2026-09-27T11:08+00:00,"AliExpress public search page, ship-to KR, KRW"
cable management box,1005007066633687,https://www.aliexpress.com/item/1005007066633687.html,케이블 보관함 데스크탑 전원 스트립 보관함 방진 소켓 보관함 홈 와이어 케이스 와이어 관리 케이블 주최자,1500,3971,3288,4.7,true,2024-05-25 00:00:00,2026-09-27T11:08+00:00,"AliExpress public search page, ship-to KR, KRW"
cable management box,1005005807363695,https://www.aliexpress.com/item/1005005807363695.html,북유럽 플러그 보드 보관함 케이블 와이어 주최자 케이스 소켓 무선 WiFi 라우터 팔찌 데스크탑 데이터 라인 플러그 홀더 선반,2500,17184,2749,4.5,true,2023-07-07 00:00:00,2026-09-27T11:08+00:00,"AliExpress public search page, ship-to KR, KRW"
cable management box,1005007734841018,https://www.aliexpress.com/item/1005007734841018.html,"가정용 케이블 보관함, 목재 전력선 보관 케이스, 방진 충전기 소켓 정리함 와이어 케이스, 케이블 와인더 정리함",8460,24043,2469,4.7,true,2024-09-14 00:00:00,2026-09-27T11:08+00:00,"AliExpress public search page, ship-to KR, KRW"
cable management box,1005005859885058,https://www.aliexpress.com/item/1005005859885058.html,데스크탑 데이터 케이블 보관함 커버가 있는 방진 휴대폰 충전기 상자 사무실 홈의 투명 케이블 와이어 컨테이너 상자,1500,7544,1551,4.5,true,2023-07-20 00:00:00,2026-09-27T11:08+00:00,"AliExpress public search page, ship-to KR, KRW"
cable management box,1005007805754079,https://www.aliexpress.com/item/1005007805754079.html,케이블 보관함 전원 스트립 케이스 나무 전선 정리함 먼지 방지 충전기 소켓 네트워크 케이블 보관함,4000,18514,1463,4.9,true,2024-09-28 00:00:00,2026-09-27T11:08+00:00,"AliExpress public search page, ship-to KR, KRW"
cable management box,1005007386486430,https://www.aliexpress.com/item/1005007386486430.html,케이블 보관함 전원 스트립 케이스 나무 전력선 와이어 관리 주최자 방진 충전기 소켓 네트워크 라인 보관함,4500,30698,1366,4.6,true,2024-07-17 00:00:00,2026-09-27T11:08+00:00,"AliExpress public search page, ship-to KR, KRW"
keyboard wrist rest,1005008430079305,https://www.aliexpress.com/item/1005008430079305.html,"엔젤 윙 손목 받침대 2개 세트, 클라우드 키보드 마우스 손목 지지대, 인체공학적 메모리폼 쿠션, 손목 보호대, 컴퓨터용 손바닥 받침대",3250,14191,17239,4.9,true,2025-01-25 00:00:00,2026-09-27T11:08+00:00,"AliExpress public search page, ship-to KR, KRW"
keyboard wrist rest,1005005275963034,https://www.aliexpress.com/item/1005005275963034.html,마우스 패드에 대한 새로운 귀여운 손목 받침대 지원 책상에 대한 컴퓨터 노트북 팔걸이 인체 공학적 Kawaii 천천히 상승 Squishy 장난감,1750,7379,10862,4.9,true,2023-04-13 00:00:00,2026-09-27T11:08+00:00,"AliExpress public search page, ship-to KR, KRW"
keyboard wrist rest,1005007573036416,https://www.aliexpress.com/item/1005007573036416.html,키보드 마우스 손목 받침대 천사 날개 메모리 폼 마우스 패드 세트 손목 지원 인체 공학적 미끄럼 방지 컴퓨터 노트북 쉬운 타이핑,1500,4798,9775,4.9,false,2024-08-20 00:00:00,2026-09-27T11:08+00:00,"AliExpress public search page, ship-to KR, KRW"
keyboard wrist rest,1005010806384671,https://www.aliexpress.com/item/1005010806384671.html,"키보드 및 마우스용 손목 받침대, 메모리폼 소재, 인체공학적 디자인, 노트북 및 데스크톱 컴퓨터용",1750,7114,6579,4.9,false,2026-01-15 00:00:00,2026-09-27T11:08+00:00,"AliExpress public search page, ship-to KR, KRW"
keyboard wrist rest,1005006996363413,https://www.aliexpress.com/item/1005006996363413.html,손목 받침대가 있는 마우스 패드 키보드 클라우드 미끄럼 방지 데스크탑 오피스 게이머 마우스 손목 받침대 인체공학적 키보드 마우스 패드 손목 받침대,2000,8823,5330,4.9,true,2024-05-16 00:00:00,2026-09-27T11:08+00:00,"AliExpress public search page, ship-to KR, KRW"
keyboard wrist rest,1005008632918775,https://www.aliexpress.com/item/1005008632918775.html,"키보드용 손목 받침대가 있는 인체공학적 마우스 패드, 손목 받침대가 있는 클라우드 미끄럼 방지 데스크탑 오피스 게이머 마우스 패드",1981,16237,5097,4.6,true,2025-03-11 00:00:00,2026-09-27T11:08+00:00,"AliExpress public search page, ship-to KR, KRW"
keyboard wrist rest,1005007038372581,https://www.aliexpress.com/item/1005007038372581.html,"인체공학적 키보드 손목 받침대와 메모리폼 마우스 패드 세트 (사무실, 게임용 PC, 노트북) - 손목 보호 마우스패드",1500,6416,4663,4.9,true,2024-05-22 00:00:00,2026-09-27T11:08+00:00,"AliExpress public search page, ship-to KR, KRW"
keyboard wrist rest,1005007805695229,https://www.aliexpress.com/item/1005007805695229.html,"실리콘 손목 보호 마우스 패드 미끄럼 방지 및 피로 감소 기능, 부드럽고 점진적으로 냉각되는 올인원 사무용 마우스 패드 손목 보호대",3750,15072,2519,4.9,true,2024-09-29 00:00:00,2026-09-27T11:08+00:00,"AliExpress public search page, ship-to KR, KRW"
keyboard wrist rest,1005010636346970,https://www.aliexpress.com/item/1005010636346970.html,"3개입 클라우드 키보드 손목 받침대 세트, 미끄럼 방지 바닥이 있는 클라우드 손목 받침대, 데스크탑 꽃무늬 코스터, 키보드 손목 패드에 적합",3250,14583,2212,4.8,true,2025-12-23 00:00:00,2026-09-27T11:08+00:00,"AliExpress public search page, ship-to KR, KRW"
keyboard wrist rest,1005007345368974,https://www.aliexpress.com/item/1005007345368974.html,Hagibis 키보드 손목 받침대 패드 인체공학 부드러운 메모리 폼 지원 탁상용 보관함 쉬운 타이핑 통증 완화 사무용 가정용,5250,23999,2033,4.9,false,2024-08-28 00:00:00,2026-09-27T11:08+00:00,"AliExpress public search page, ship-to KR, KRW"
keyboard wrist rest,1005006913586835,https://www.aliexpress.com/item/1005006913586835.html,키보드 손목 받침대 메모리 폼 키보드 마우스 손목 받침대 인체 공학적 디자인 손목 패드 컴퓨터 키보드 노트북 손목,2350,12114,1797,4.8,false,2024-04-28 00:00:00,2026-09-27T11:08+00:00,"AliExpress public search page, ship-to KR, KRW"
keyboard wrist rest,1005008126036307,https://www.aliexpress.com/item/1005008126036307.html,게임용 키보드 손목 받침대 인체 공학적 메모리 폼 미끄럼 방지 고무 안정적인 베이스 손목 받침대 81 키 키보드 손 지원,7040,13079,1624,4.8,true,2024-11-21 00:00:00,2026-09-27T11:08+00:00,"AliExpress public search page, ship-to KR, KRW"
hanging toiletry bag,1005006220525619,https://www.aliexpress.com/item/1005006220525619.html,"옥스포드 원단 남성 비즈니스 휴대용 보관 가방, 세면 용품 정리함 여성 화장품 가방, 방수 걸이식 여행 워시 파우치",1500,7565,29068,4.7,true,2023-11-09 00:00:00,2026-09-27T11:08+00:00,"AliExpress public search page, ship-to KR, KRW"
hanging toiletry bag,1005007382387657,https://www.aliexpress.com/item/1005007382387657.html,남성 여성을위한 가죽 세면 용품 가방 Dopp 키트 남성 교수형 세면 용품 가방 여행 세면 용품 가방 여행용 대형 화장품 가방 T,7500,17079,12411,4.8,true,2024-07-16 00:00:00,2026-09-27T11:08+00:00,"AliExpress public search page, ship-to KR, KRW"
hanging toiletry bag,1005007556281031,https://www.aliexpress.com/item/1005007556281031.html,고품질 여행 메이크업 가방 방수 세면 용품 주최자 여성 Neceser 욕실 후크 워시 파우치 후크 메이크업 보관 가방,1250,7227,10889,4.6,true,2024-08-19 00:00:00,2026-09-27T11:08+00:00,"AliExpress public search page, ship-to KR, KRW"
hanging toiletry bag,1005007792319594,https://www.aliexpress.com/item/1005007792319594.html,홈피쉬 메쉬 메이크업 세면도구 보관 가방 핸드백 휴대용 여행용 세척 바디 샤워 용품 정리함 걸이식 정리 파우치,500,3104,9721,4.9,true,2024-09-25 00:00:00,2026-09-27T11:08+00:00,"AliExpress public search page, ship-to KR, KRW"
hanging toiletry bag,1005011836536003,https://www.aliexpress.com/item/1005011836536003.html,홈피쉬 메쉬 메이크업 세면도구 보관 가방 핸드백 휴대용 여행용 세척 바디 샤워 용품 정리함 걸이식 정리 파우치,6400,13313,9544,4.8,true,2026-03-10 00:00:00,2026-09-27T11:08+00:00,"AliExpress public search page, ship-to KR, KRW"
hanging toiletry bag,1005005679963096,https://www.aliexpress.com/item/1005005679963096.html,"휴대용 메이크업 가방 남녀공용 용량 방수 화장품 정리함 세면 용품 걸이식 케이스 파우치, 남성 워시 면도 메이크업",2750,6291,4628,4.7,true,2023-06-07 00:00:00,2026-09-27T11:08+00:00,"AliExpress public search page, ship-to KR, KRW"
hanging toiletry bag,1005009667936015,https://www.aliexpress.com/item/1005009667936015.html,여러 포켓 PU 세면 용품 가방 여성용 남성용 여행 필수품 메이크업 가방 방수 교수형 가방 화장품 세척 주최자 가방,3080,9197,2665,4.6,true,2025-08-05 00:00:00,2026-09-27T11:08+00:00,"AliExpress public search page, ship-to KR, KRW"
hanging toiletry bag,1005006854614610,https://www.aliexpress.com/item/1005006854614610.html,교수형 남자 세면 용품 가방 대형 방수 화장품 가방 여행 주최자 레이디 세면 용품 메이크업 화장실 접이식 욕실 키트,6428,12480,2041,4.7,true,2024-04-16 00:00:00,2026-09-27T11:08+00:00,"AliExpress public search page, ship-to KR, KRW"
hanging toiletry bag,1005008908936744,https://www.aliexpress.com/item/1005008908936744.html,여행용 걸이식 세면도구 가방 방수 화장품 수납 가방 욕실용 뷰티 워시백 액세서리/수건 가방 습식 건식 분리 가방,10250,20423,1594,4.9,true,2025-09-25 00:00:00,2026-09-27T11:08+00:00,"AliExpress public search page, ship-to KR, KRW"
hanging toiletry bag,1005007941302624,https://www.aliexpress.com/item/1005007941302624.html,사용자 정의 이름 숙녀 Saffiano 분할 가죽 여행 세면 용품 케이스 가방 휴대용 교수형 메이크업 주최자 상자 여성을위한 화장품 가방,14966,33106,948,4.6,false,2024-10-21 00:00:00,2026-09-27T11:08+00:00,"AliExpress public search page, ship-to KR, KRW"
hanging toiletry bag,1005010572737427,https://www.aliexpress.com/item/1005010572737427.html,"마크 라이든 행잉 여행용 세면도구 가방, 접이식 방수 도프 키트 (히든 후크 포함)",19750,41277,713,4.9,true,2026-03-05 00:00:00,2026-09-27T11:08+00:00,"AliExpress public search page, ship-to KR, KRW"
hanging toiletry bag,1005004037814443,https://www.aliexpress.com/item/1005004037814443.html,"방수 나일론 화장품 가방 여행용 메이크업 가방 정리함, 걸이용 고리 포함, 여성용 휴대용 화장품 보관 파우치",1500,10128,667,5,false,2022-03-16 00:00:00,2026-09-27T11:08+00:00,"AliExpress public search page, ship-to KR, KRW"
dog harness leash set,1005005901190328,https://www.aliexpress.com/item/1005005901190328.html,고양이 개 하네스와 리드줄 조절 가능한 조끼형 폴리에스터 메쉬 통기성 하네스 반사 스트립 소형견 고양이 용품,1500,2983,12964,4.7,true,2023-07-31 00:00:00,2026-09-27T11:09+00:00,"AliExpress public search page, ship-to KR, KRW"
dog harness leash set,1005007516069510,https://www.aliexpress.com/item/1005007516069510.html,개 목걸이 하네스 큰 조끼 가죽 끈 애완 동물 가게 개를위한 모든 것 가죽 강아지 액세서리 중형 소형 세트,2283,8628,8672,4.6,true,2024-08-08 00:00:00,2026-09-27T11:09+00:00,"AliExpress public search page, ship-to KR, KRW"
dog harness leash set,1005007345822021,https://www.aliexpress.com/item/1005007345822021.html,고양이 하네스 가죽 끈 고리 세트 조정 가능한 만화 꿀벌 작은 중간 애완 동물 고리 가죽 끈 야외 산책을위한 더블 레이어 개 하네스,2140,4453,5538,4.9,true,2024-07-11 00:00:00,2026-09-27T11:09+00:00,"AliExpress public search page, ship-to KR, KRW"
dog harness leash set,1005012588925250,https://www.aliexpress.com/item/1005012588925250.html,"소형부터 대형 고양이용 고양이 하네스와 리드줄 세트, 조절 가능한 고양이 조끼 하네스, 반사 트림, 범용 고양이 리드줄과 하네스",7870,15711,5235,4.9,true,2026-06-25 00:00:00,2026-09-27T11:09+00:00,"AliExpress public search page, ship-to KR, KRW"
dog harness leash set,1005008077502519,https://www.aliexpress.com/item/1005008077502519.html,탈출 방지 고양이 하네스 조절 가능 반사 조끼 메쉬 통기성 애완동물 리드 줄 세트 (소형 강아지 새끼 고양이 산책 훈련용),3400,7051,4379,4.9,true,2024-11-12 00:00:00,2026-09-27T11:09+00:00,"AliExpress public search page, ship-to KR, KRW"
dog harness leash set,1005008720426430,https://www.aliexpress.com/item/1005008720426430.html,당겨 개 하네스 및 가죽 끈 세트 작은 개를위한 조정 가능한 애완 동물 하네스 조끼 고양이 반사 개 가슴 스트랩 리드 걷기,6840,6688,3745,4.5,true,2025-03-26 00:00:00,2026-09-27T11:09+00:00,"AliExpress public search page, ship-to KR, KRW"
dog harness leash set,1005008248142245,https://www.aliexpress.com/item/1005008248142245.html,"고양이 강아지 하네스와 리드줄, 조절 가능한 메쉬 통기성 조끼형 하네스, 야외 산책용 고양이 애완용품",1500,5652,3626,4.9,true,2024-12-15 00:00:00,2026-09-27T11:09+00:00,"AliExpress public search page, ship-to KR, KRW"
dog harness leash set,1005007217797546,https://www.aliexpress.com/item/1005007217797546.html,"강아지 하네스 세트, 조정 가능한 강아지와 고양이 하네스 조끼, 프렌치 불독 치와와, 작은 개 목걸이, 애완 동물 가죽 끈, 개 액세서리",4700,4599,3509,4.6,true,2024-06-19 00:00:00,2026-09-27T11:09+00:00,"AliExpress public search page, ship-to KR, KRW"
dog harness leash set,1005012010849934,https://www.aliexpress.com/item/1005012010849934.html,"조절 가능한 고양이 목줄, 편안한 나일론 토끼 새끼 고양이용 하네스 리드 세트, 강아지 고양이 액세서리, 반려동물 용품",1600,3200,3170,4.9,true,2026-04-08 00:00:00,2026-09-27T11:09+00:00,"AliExpress public search page, ship-to KR, KRW"
dog harness leash set,1005007499190815,https://www.aliexpress.com/item/1005007499190815.html,"소형 중형견용 개 하네스 리드줄 세트, 조절 가능한 반사 하네스, 강아지 고양이 조끼, 치와와 닥스훈트 야외 산책용",9737,16164,2716,4.7,true,2024-08-06 00:00:00,2026-09-27T11:09+00:00,"AliExpress public search page, ship-to KR, KRW"
dog harness leash set,1005004187502247,https://www.aliexpress.com/item/1005004187502247.html,하네스 및 가죽 끈 세트 애완 동물 액세서리 작은 개를위한 개 하네스 프렌치 불독 퍼그 핏불 강아지 가슴 고리 Chiens 용품,6920,6767,2577,4.6,true,2022-04-20 00:00:00,2026-09-27T11:09+00:00,"AliExpress public search page, ship-to KR, KRW"
dog harness leash set,1005009392444774,https://www.aliexpress.com/item/1005009392444774.html,"고양이 하네스 및 목줄 세트, 소형견용 조절 가능 개 하네스, 찢어지지 않는 애완동물 하네스, 산책용 개줄, 고양이 액세서리",1500,4603,2332,4.8,true,2025-07-01 00:00:00,2026-09-27T11:09+00:00,"AliExpress public search page, ship-to KR, KRW"
drawer organizer set,1005006860853919,https://www.aliexpress.com/item/1005006860853919.html,24개의 구획이 있는 1pc 패브릭 보관함 - 양말 넥타이 속옷을 위한 접이식 쌓을 수 있는 정리함 공간 절약형 서랍 분배기,1500,6575,27166,4.9,true,2024-04-20 00:00:00,2026-09-27T11:09+00:00,"AliExpress public search page, ship-to KR, KRW"
drawer organizer set,1005008290033959,https://www.aliexpress.com/item/1005008290033959.html,캐비닛 속옷 주최자 서랍 옷 주최자 상자 속옷 브래지어 양말 팬티 보관 주최자에 대한 옷장 주최자,1500,15128,7585,4.8,true,2024-12-26 00:00:00,2026-09-27T11:09+00:00,"AliExpress public search page, ship-to KR, KRW"
drawer organizer set,1005009409540075,https://www.aliexpress.com/item/1005009409540075.html,"옷장 서랍 캐비닛 속옷 정리함, 브라 정리함, 양말, 바지 정리함, 접이식 수납함",1500,3016,6249,4.8,true,2025-07-02 00:00:00,2026-09-27T11:09+00:00,"AliExpress public search page, ship-to KR, KRW"
drawer organizer set,1005005871110819,https://www.aliexpress.com/item/1005005871110819.html,1PC-양말 용 옷장 주최자 홈 분리 된 속옷 보관 상자 7/9/11 그리드 청바지 브래지어 주최자 접이식 서랍 주최자,1000,7613,5408,4.6,true,2023-07-24 00:00:00,2026-09-27T11:09+00:00,"AliExpress public search page, ship-to KR, KRW"
drawer organizer set,1005009409421442,https://www.aliexpress.com/item/1005009409421442.html,4pcs/1set 속옷 보관 상자 접이식 부직포 보관 상자 6 피스 세트 속옷 브래지어 양말 서랍 보관 마무리 상자,1500,2895,4983,4.7,true,2025-07-02 00:00:00,2026-09-27T11:09+00:00,"AliExpress public search page, ship-to KR, KRW"
drawer organizer set,1005006980382605,https://www.aliexpress.com/item/1005006980382605.html,무제한 책상 서랍 주최자 세트 플라스틱 욕실 스토리지 메이크업 주최자 투명 투명 스토리지 박스 상자 주방 가제트,1500,2356,4573,4.8,true,2024-05-10 00:00:00,2026-09-27T11:09+00:00,"AliExpress public search page, ship-to KR, KRW"
drawer organizer set,1005007170777869,https://www.aliexpress.com/item/1005007170777869.html,"속옷 정리함 수납 박스, 서랍형 패브릭 접이식 캐비닛 옷장 수납함 (양말, 속옷, 넥타이, 벨트 보관용)",3220,6701,4130,4.9,true,2024-06-13 00:00:00,2026-09-27T11:09+00:00,"AliExpress public search page, ship-to KR, KRW"
drawer organizer set,1005007857075697,https://www.aliexpress.com/item/1005007857075697.html,2/5/10개 다기능 보관함 세트! 속옷 및 물품을 빠르게 보관할 수 있습니다. 견고하고 내구성이 뛰어나며 가정 조직에 이상적입니다.,1500,9069,3329,4.9,true,2024-10-08 00:00:00,2026-09-27T11:09+00:00,"AliExpress public search page, ship-to KR, KRW"
drawer organizer set,1005009304585805,https://www.aliexpress.com/item/1005009304585805.html,"1-4개 세트 책상 서랍 정리함, 화장품 정리함, 플라스틱 화장품 보관함, 투명 보관함 (사무실, 욕실용)",1500,1965,3310,4.6,true,2025-06-19 00:00:00,2026-09-27T11:09+00:00,"AliExpress public search page, ship-to KR, KRW"
drawer organizer set,1005008940642859,https://www.aliexpress.com/item/1005008940642859.html,2/5/10개 다기능 보관함 세트! 속옷 및 물품을 빠르게 보관할 수 있습니다. 견고하고 내구성이 뛰어나며 가정 조직에 이상적입니다.,2000,9069,2979,4.4,true,2025-04-29 00:00:00,2026-09-27T11:09+00:00,"AliExpress public search page, ship-to KR, KRW"
drawer organizer set,1005005902046578,https://www.aliexpress.com/item/1005005902046578.html,"다목적 서랍 정리함 세트, 투명 플라스틱 트레이 및 칸막이, 완벽한 메이크업 및 주방 보관을 위한 4 가지 크기, 10 개",4000,27957,2082,4.7,true,2023-08-01 00:00:00,2026-09-27T11:09+00:00,"AliExpress public search page, ship-to KR, KRW"
drawer organizer set,1005008943391696,https://www.aliexpress.com/item/1005008943391696.html,4/7개 세트 책상 서랍 정리함 세트 플라스틱 욕실 수납 화장품 정리함 투명 수납함 서랍 정리함,7370,7225,1560,4.5,true,2025-04-30 00:00:00,2026-09-27T11:09+00:00,"AliExpress public search page, ship-to KR, KRW"
desk mat leather large,1005007082286046,https://www.aliexpress.com/item/1005007082286046.html,"대형 마우스 패드, 사무실 책상 매트, 가죽 책상 보호 매트, 미끄럼 방지 PU 가죽 데스크 블로터, 노트북 책상 패드",4620,4528,22688,4.7,true,2024-05-27 00:00:00,2026-09-27T11:09+00:00,"AliExpress public search page, ship-to KR, KRW"
desk mat leather large,1005010444923723,https://www.aliexpress.com/item/1005010444923723.html,"1개 대형 인조 가죽 마우스 패드, 미끄럼 방지 방수 책상 패드, 사무실용, 책상용, 청소가 쉬운 마우스 패드",1750,7787,8099,4.5,true,2025-11-26 00:00:00,2026-09-27T11:09+00:00,"AliExpress public search page, ship-to KR, KRW"
desk mat leather large,1005008233296985,https://www.aliexpress.com/item/1005008233296985.html,데스크 패드 방수 PU 마우스 패드 데스크 매트 보호 커버 대형 마우스 패드 컴퓨터 노트북 미끄럼 방지 청소가 쉬운 키보드 매트,1500,6747,7826,4.7,true,2024-12-11 00:00:00,2026-09-27T11:09+00:00,"AliExpress public search page, ship-to KR, KRW"
desk mat leather large,1005007615701125,https://www.aliexpress.com/item/1005007615701125.html,마우스 패드 대형 사무실 책상 보호대 매트 PU 가죽 방수 데스크탑 키보드 데스크 패드 게임용 마우스 패드 PC 액세서리,2000,8960,7534,4.7,true,2024-09-01 00:00:00,2026-09-27T11:09+00:00,"AliExpress public search page, ship-to KR, KRW"
desk mat leather large,1005009493424592,https://www.aliexpress.com/item/1005009493424592.html,"마우스 패드 대형 사무실 책상 매트, 방수 PU 가죽 데스크탑 키보드 데스크 패드 게임용 마우스패드 가정용 책상 필기 패드",4880,4768,5866,4.6,true,2025-07-13 00:00:00,2026-09-27T11:09+00:00,"AliExpress public search page, ship-to KR, KRW"
desk mat leather large,1005009760662550,https://www.aliexpress.com/item/1005009760662550.html,PU 가죽 마우스 패드 사무실 용 책상 매트 솔리드 컬러 게임 방수 미끄럼 방지 컴퓨터 패드 키보드 패드,1500,7315,5395,4.4,true,2025-08-18 00:00:00,2026-09-27T11:09+00:00,"AliExpress public search page, ship-to KR, KRW"
desk mat leather large,1005010112567426,https://www.aliexpress.com/item/1005010112567426.html,"데스크 패드 보호대, 마우스 패드, 사무실 책상 매트, 스티치 마감 처리된 논슬립 PU 가죽 데스크 블로터 (사무실, 가정, 학교용)",7300,7148,2533,4.7,true,2025-10-09 00:00:00,2026-09-27T11:09+00:00,"AliExpress public search page, ship-to KR, KRW"
desk mat leather large,1005008288034683,https://www.aliexpress.com/item/1005008288034683.html,Baseus 마우스 패드 PU 가죽 26*21cm 방수 마우스 패드 미끄럼 방지 데스크 매트 PC 게이머 데스크탑 컴퓨터 액세서리 마우스 마우스 패드,1500,2918,2385,4.3,true,2024-12-23 00:00:00,2026-09-27T11:09+00:00,"AliExpress public search page, ship-to KR, KRW"
desk mat leather large,1005009533136504,https://www.aliexpress.com/item/1005009533136504.html,크리 에이 티브 유니버설 안티-슬립 마우스 패드 가죽 게임 마우스 매트 새로운 책상 쿠션 패션 노트북 PC MacBook에 편안함,1000,4750,1939,4.8,true,2025-07-18 00:00:00,2026-09-27T11:09+00:00,"AliExpress public search page, ship-to KR, KRW"
desk mat leather large,1005006582835364,https://www.aliexpress.com/item/1005006582835364.html,홈 오피스 대형 마우스 패드 게이머 방수 PU 데스크 매트 컴퓨터 마우스 패드 키보드 패드 테이블 커버 게임 마우스 패드,3000,13913,1732,4.6,true,2024-02-21 00:00:00,2026-09-27T11:09+00:00,"AliExpress public search page, ship-to KR, KRW"
desk mat leather large,1005004448707775,https://www.aliexpress.com/item/1005004448707775.html,"접이식 팔꿈치 보호대, 손목 보호대, PU 소재 사무용 데스크 매트, 대형 마우스 패드, 노트북/컴퓨터용 데스크 패드, 게이밍 마우스 패드, 테이블 매트, 쿠션",4347,10437,1585,4.4,true,2022-06-24 00:00:00,2026-09-27T11:09+00:00,"AliExpress public search page, ship-to KR, KRW"
desk mat leather large,1005009112133034,https://www.aliexpress.com/item/1005009112133034.html,"가죽 책상 패드 보호대, 대형 마우스 패드, 사무실 책상 매트, 가장자리가 스티치된 미끄럼 방지 PU 가죽 책상 흡착지, 데스크탑 매트",1500,4468,1438,4.5,false,2025-05-24 00:00:00,2026-09-27T11:09+00:00,"AliExpress public search page, ship-to KR, KRW"
laptop sleeve 13 inch,1005007129485408,https://www.aliexpress.com/item/1005007129485408.html,"샤오미 레노버 델 노트북 컴퓨터용 노트북 슬리브, 맥북 에어 프로 레티나 13 14 15 15.6 인치 노트북 케이스",500,7177,95436,4.9,true,2024-06-05 00:00:00,2026-09-27T11:09+00:00,"AliExpress public search page, ship-to KR, KRW"
laptop sleeve 13 inch,1005006959498054,https://www.aliexpress.com/item/1005006959498054.html,"샤오미 레노버 델 노트북 컴퓨터용 노트북 슬리브, 맥북 에어 프로 레티나 13 14 15 15.6 인치 노트북 케이스",1750,7962,80898,4.6,true,2024-05-07 00:00:00,2026-09-27T11:09+00:00,"AliExpress public search page, ship-to KR, KRW"
laptop sleeve 13 inch,1005006966271740,https://www.aliexpress.com/item/1005006966271740.html,"13.3-14.2인치, 15-15.6인치 신형 맥북 프로 M3 맥스 M2 M1 슬림 휴대용 노트북 가방 남녀공용 보호용 노트북 슬리브 케이스",4000,18711,14832,4.9,true,2024-05-12 00:00:00,2026-09-27T11:09+00:00,"AliExpress public search page, ship-to KR, KRW"
laptop sleeve 13 inch,1005006962654683,https://www.aliexpress.com/item/1005006962654683.html,"노트북 내부 가방, 11 인치, 13 인치, 14 인치, 15 인치, 16/17 인치 컴퓨터 가방, 보호 커버, 전면 포켓, 전원 유지 가능, 다기능 노트북 가방",2250,10331,12315,4.7,true,2024-05-08 00:00:00,2026-09-27T11:09+00:00,"AliExpress public search page, ship-to KR, KRW"
laptop sleeve 13 inch,1005010255553647,https://www.aliexpress.com/item/1005010255553647.html,노트북 슬리브 케이스 13 14 15 15.6 16인치 화웨이 HP 델 가방 맥북 에어 프로 13 13.6 M4 노트북 케이스 스탠드 포함 남녀공용,7560,13593,10189,4.7,true,2025-10-29 00:00:00,2026-09-27T11:09+00:00,"AliExpress public search page, ship-to KR, KRW"
laptop sleeve 13 inch,1005006995173373,https://www.aliexpress.com/item/1005006995173373.html,"애플 맥북 에어 프로 13 M1 M2 2020 노트북 슬리브 가방, 아수스 11 12 13.3 14 15 15.6 16 케이스용 노트북 슬리브 가방",1500,6450,8758,4.9,true,2024-05-19 00:00:00,2026-09-27T11:09+00:00,"AliExpress public search page, ship-to KR, KRW"
laptop sleeve 13 inch,1005009786025036,https://www.aliexpress.com/item/1005009786025036.html,"11-13인치 보호 태블릿 슬리브 케이스, 패딩 처리된 휴대용 케이스, 아이패드, 맥북, 샤오미, ASUS, 화웨이, 레노버 호환 노트북 가방",2250,10473,8494,4.7,true,2025-08-21 00:00:00,2026-09-27T11:09+00:00,"AliExpress public search page, ship-to KR, KRW"
laptop sleeve 13 inch,1005010089095883,https://www.aliexpress.com/item/1005010089095883.html,방수 휴대용 노트북 슬리브 가방 커버 11 12 13 14 15 15.6인치 맥북 화웨이 샤오미 HP 델 레노버 노트북 슬리브,2000,9808,7588,4.9,true,2025-10-02 00:00:00,2026-09-27T11:09+00:00,"AliExpress public search page, ship-to KR, KRW"
laptop sleeve 13 inch,1005006968678868,https://www.aliexpress.com/item/1005006968678868.html,Macbook Air Pro 13 14 15.6 용 노트북 가방 케이스 Xiaomi Lenovo Asus Dell HP 노트북 슬리브 13.3 인치 보호 케이스 블랙 그레이,2000,9512,7425,4.6,true,2024-05-09 00:00:00,2026-09-27T11:09+00:00,"AliExpress public search page, ship-to KR, KRW"
laptop sleeve 13 inch,1005005538975501,https://www.aliexpress.com/item/1005005538975501.html,MacBooks Air Pro 11 13 15 인치 솔리드 컬러 태블릿 보관 가방 용 펠트 슬리브 슬림 타블렛 케이스 커버 백,1000,5142,5989,4.7,true,2023-05-06 00:00:00,2026-09-27T11:09+00:00,"AliExpress public search page, ship-to KR, KRW"
laptop sleeve 13 inch,1005006324209741,https://www.aliexpress.com/item/1005006324209741.html,Macbook Pro Air 13 13.3 14 15 15.6 Lenovo ASUS Xiaomi 용 15.4 인치 방수 가방 노트북 커버 용 노트북 슬리브 핸드백 케이스,4000,17852,5161,4.8,true,2023-12-10 00:00:00,2026-09-27T11:09+00:00,"AliExpress public search page, ship-to KR, KRW"
laptop sleeve 13 inch,1005009287355757,https://www.aliexpress.com/item/1005009287355757.html,방수 휴대용 노트북 슬리브 가방 커버 11 12 13 14 15 15.6인치 맥북 화웨이 샤오미 HP 델 레노버 노트북 슬리브,6820,14529,3941,4.8,true,2025-06-17 00:00:00,2026-09-27T11:09+00:00,"AliExpress public search page, ship-to KR, KRW"
cat brush self cleaning,1005006722085506,https://www.aliexpress.com/item/1005006722085506.html,"반려견 털 제거 브러시, 셀프 클리닝, 반려동물 털 제거 브러시, 개 고양이 그루밍 도구, 반려동물 디매팅 빗, 개 액세서리",500,5844,36583,4.8,true,2024-03-19 00:00:00,2026-09-27T11:09+00:00,"AliExpress public search page, ship-to KR, KRW"
cat brush self cleaning,1005005619774026,https://www.aliexpress.com/item/1005005619774026.html,"애완 동물 강아지 브러시 고양이 빗 개를 위한 자기 청소 애완 동물 헤어 리무버 브러시 고양이 손질 도구, 애완 동물 Dematting 빗 개 액세서리",500,4426,19174,4.8,true,2023-05-27 00:00:00,2026-09-27T11:09+00:00,"AliExpress public search page, ship-to KR, KRW"
cat brush self cleaning,1005007540006670,https://www.aliexpress.com/item/1005007540006670.html,"반려견 털 제거 브러시, 셀프 클리닝, 반려동물 털 제거 브러시, 개 고양이 그루밍 도구, 반려동물 디매팅 빗, 개 액세서리",1000,4136,14625,4.9,true,2024-08-14 00:00:00,2026-09-27T11:09+00:00,"AliExpress public search page, ship-to KR, KRW"
cat brush self cleaning,1005007492571382,https://www.aliexpress.com/item/1005007492571382.html,고양이 마사지 도구 애완동물 털 제거 마사지 빗 벽 모서리 자가 세척 브러시 고양이 장난감 애완동물 미용 용품,1500,2755,5605,4.7,true,2024-08-05 00:00:00,2026-09-27T11:09+00:00,"AliExpress public search page, ship-to KR, KRW"
cat brush self cleaning,1005010728190954,https://www.aliexpress.com/item/1005010728190954.html,반려견 브러쉬 고양이 빗 셀프 클리닝 털 제거 브러쉬 강아지 고양이 그루밍 도구 애완동물 털 엉킴 방지 빗 강아지 용품,1750,3989,2706,4.8,true,2026-01-06 00:00:00,2026-09-27T11:09+00:00,"AliExpress public search page, ship-to KR, KRW"
cat brush self cleaning,1005009111150623,https://www.aliexpress.com/item/1005009111150623.html,반려동물 털 제거 브러시 고양이 빗 자가 세척 털 제거 도구 강아지와 고양이용 엉킨 털 제거 빗 반려동물 용품,2500,5222,1894,4.7,true,2025-05-24 00:00:00,2026-09-27T11:09+00:00,"AliExpress public search page, ship-to KR, KRW"
cat brush self cleaning,1005007010506180,https://www.aliexpress.com/item/1005007010506180.html,"벽걸이형 코너 고양이 케어 빗, 인체공학적 디자인, 반려동물 마사지 및 털 제거용, 공간 절약, 실내용, 새끼 고양이 스크래칭 장난감, 사용 편의성",1278,2665,1883,4.9,true,2024-05-16 00:00:00,2026-09-27T11:09+00:00,"AliExpress public search page, ship-to KR, KRW"
cat brush self cleaning,1005009581905363,https://www.aliexpress.com/item/1005009581905363.html,"고양이 털 제거 빗, 벼룩 제거 빗, 다기능 애완동물 브러쉬, 릴리즈 버튼이 있는 셀프 클리닝 애완동물 빗, 강아지 고양이를 위한 편안함과 안전을 제공하는 빗",7340,7196,1688,4.7,true,2025-07-24 00:00:00,2026-09-27T11:09+00:00,"AliExpress public search page, ship-to KR, KRW"
cat brush self cleaning,1005009979315544,https://www.aliexpress.com/item/1005009979315544.html,셀프 클리닝 원버튼 강아지 빗 애완동물 털 제거 고양이 브러쉬 마사지 그루밍 빗 (강아지 및 애완동물용),1750,3705,1361,4.6,true,2025-09-16 00:00:00,2026-09-27T11:09+00:00,"AliExpress public search page, ship-to KR, KRW"
cat brush self cleaning,1005010110067399,https://www.aliexpress.com/item/1005010110067399.html,고양이 셀프 그루밍 마사지 빗 - 새끼 고양이와 강아지 그루밍 및 휴식에 적합 벽걸이형,750,3542,607,4.9,true,2025-10-08 00:00:00,2026-09-27T11:09+00:00,"AliExpress public search page, ship-to KR, KRW"
cat brush self cleaning,1005007870656716,https://www.aliexpress.com/item/1005007870656716.html,반려묘 털 제거 마사지 빗 고양이 긁는 브러쉬 새끼 고양이 그루밍 셀프 클리닝 벽 모서리 고양이 스크래쳐 빗,1000,3570,565,4.5,true,2024-10-10 00:00:00,2026-09-27T11:09+00:00,"AliExpress public search page, ship-to KR, KRW"
cat brush self cleaning,1005009331750927,https://www.aliexpress.com/item/1005009331750927.html,"스팀 고양이 브러쉬 자가 세척 그루밍 도구, 스팀 분사로 떠다니는 털 제거, 고양이, 강아지 애완동물 그루밍 용품 헤어 케어",10650,20803,562,4.7,true,2025-06-23 00:00:00,2026-09-27T11:09+00:00,"AliExpress public search page, ship-to KR, KRW"
yoga strap,1005004514810101,https://www.aliexpress.com/item/1005004514810101.html,"요가 텐션 벨트, 피트니스 탄성 벨트, 저항 벨트, 쪼그리고 엉덩이, 에이즈 텐션 링, 스트레칭 운동 벨트, 5 개",1500,6617,9835,4.2,true,2022-07-11 00:00:00,2026-09-27T11:09+00:00,"AliExpress public search page, ship-to KR, KRW"
yoga strap,1005010285383908,https://www.aliexpress.com/item/1005010285383908.html,성인용 라틴 트레이닝 탄성 저항 밴드 요가 보조 스트레칭 벨트 밴드 초보자 필라테스 댄스 루프 피트니스 텐션 밴드,3800,7586,4761,4.9,true,2025-11-02 00:00:00,2026-09-27T11:09+00:00,"AliExpress public search page, ship-to KR, KRW"
yoga strap,1005007010569022,https://www.aliexpress.com/item/1005007010569022.html,"특대형 논슬립 요가 필라테스 저항 밴드 (전신 운동용, 휴대용 홈짐, 댄스 스튜디오, 여행용)",1000,5944,3380,4.9,true,2024-05-16 00:00:00,2026-09-27T11:09+00:00,"AliExpress public search page, ship-to KR, KRW"
yoga strap,1005009438726508,https://www.aliexpress.com/item/1005009438726508.html,탄성 요가 저항 밴드 필라테스 댄스 스트레칭 벨트 피트니스 스포츠 운동 풀 스트랩 벨트 초보자 다기능 밴드,1500,8681,3364,4.8,true,2025-07-07 00:00:00,2026-09-27T11:09+00:00,"AliExpress public search page, ship-to KR, KRW"
yoga strap,1005007809979845,https://www.aliexpress.com/item/1005007809979845.html,요가 스트레칭 벨트 댄스 스트레칭 밴드 탄성 요가 저항 밴드 홈 필라테스 운동 끌어 오기 스트랩 벨트 피트니스 스포츠,1500,3346,3073,4.8,true,2024-09-26 00:00:00,2026-09-27T11:09+00:00,"AliExpress public search page, ship-to KR, KRW"
yoga strap,1005012058115505,https://www.aliexpress.com/item/1005012058115505.html,183*3.8cm 요가 스트랩 코튼 운동 요가 벨트 조정 가능한 짠 스트레치 D-링 버클 피트니스 스트레칭 밴드 필라테스 로프,3240,6454,2788,4.9,true,2026-04-10 00:00:00,2026-09-27T11:09+00:00,"AliExpress public search page, ship-to KR, KRW"
yoga strap,1005012011101545,https://www.aliexpress.com/item/1005012011101545.html,고품질 요가 매트 스트랩 벨트 조절 가능한 스포츠 슬링 숄더 캐리 벨트 운동 스트레칭 피트니스 탄성 요가 벨트,3200,6383,2709,4.9,true,2026-04-03 00:00:00,2026-09-27T11:09+00:00,"AliExpress public search page, ship-to KR, KRW"
yoga strap,1005007791530965,https://www.aliexpress.com/item/1005007791530965.html,"조절 가능한 에어리얼 요가 스트랩, 여성용 해먹, 다리 스트레칭 및 스플릿 연습용, 여성용 짐 벨트, 스윙 스트레칭, 피트니스",7670,15949,1724,4.9,true,2024-09-24 00:00:00,2026-09-27T11:09+00:00,"AliExpress public search page, ship-to KR, KRW"
yoga strap,1005008144800692,https://www.aliexpress.com/item/1005008144800692.html,"데이지 체인 요가 해먹 익스텐션 스트랩, 조절 가능한 나일론 클라이밍 슬링, 피트니스 필라테스 및 운동 연장 스트랩",1250,7173,1705,4.9,true,2024-11-25 00:00:00,2026-09-27T11:09+00:00,"AliExpress public search page, ship-to KR, KRW"
yoga strap,1005008077613265,https://www.aliexpress.com/item/1005008077613265.html,조정 가능한 요가 매트 스트랩 요가 매트 번들 스트랩 어깨 스트랩 스포츠 스트레치 스트랩 바닥 매트 보관 스트랩 요가 매트 가방,1250,6362,1702,4.9,true,2024-11-12 00:00:00,2026-09-27T11:09+00:00,"AliExpress public search page, ship-to KR, KRW"
yoga strap,1005005302837545,https://www.aliexpress.com/item/1005005302837545.html,고품질 요가 매트 스트랩 벨트 조절 가능한 스포츠 슬링 숄더 캐리 벨트 운동 스트레칭 피트니스 탄성 요가 벨트,1500,2636,1584,4.9,true,2023-03-09 00:00:00,2026-09-27T11:09+00:00,"AliExpress public search page, ship-to KR, KRW"
yoga strap,1005007345292573,https://www.aliexpress.com/item/1005007345292573.html,피트니스 오픈 백 근육 이완 요가 스트레칭 밴드 다리 스트레칭 밴드 유연성 스트랩 재활용 발바닥 근막염용,1500,9316,1557,4.9,true,2024-08-23 00:00:00,2026-09-27T11:09+00:00,"AliExpress public search page, ship-to KR, KRW"
pilates ring,1005009649278099,https://www.aliexpress.com/item/1005009649278099.html,"요가 필라테스 링, 내구성이 뛰어나고 미끄럼 방지 기능이 있는 운동용 링, 이중 손잡이가 있어 허벅지와 골반저근 운동에 적합한 마법의 운동 링",1500,14120,13222,4.9,true,2025-08-02 00:00:00,2026-09-27T11:12+00:00,"AliExpress public search page, ship-to KR, KRW"
pilates ring,1005006844400933,https://www.aliexpress.com/item/1005006844400933.html,필라테스 링 필라테스 매직 피트니스 서클 토닝 허벅지 복근 및 다리 저항 훈련 바디 스포츠 피트니스 요가,2250,15674,3322,4.7,true,2024-05-05 00:00:00,2026-09-27T11:12+00:00,"AliExpress public search page, ship-to KR, KRW"
pilates ring,1005008666544599,https://www.aliexpress.com/item/1005008666544599.html,핑크 요가 서클 필라테스 스트레칭 링 홈 여성 피트니스 장비 근막 마사지 바디 운동 운동 저항 지원 도구,1500,6843,1546,4.9,true,2025-03-17 00:00:00,2026-09-27T11:12+00:00,"AliExpress public search page, ship-to KR, KRW"
pilates ring,1005006943507543,https://www.aliexpress.com/item/1005006943507543.html,"요가 휘트니스 필라테스 링, 오픈 백 링, 매직 링, 골반 바닥 근육 훈련, 요가 용품, 필라테스 링",2250,15862,1285,4.8,true,2024-05-05 00:00:00,2026-09-27T11:12+00:00,"AliExpress public search page, ship-to KR, KRW"
pilates ring,1005009648887945,https://www.aliexpress.com/item/1005009648887945.html,새로운 필라테스 볼 및 링 세트 필라테스 피트니스 링 저항 밴드 운동 운동 임신 산후 피트니스 장비,10500,21793,889,4.9,true,2025-08-02 00:00:00,2026-09-27T11:12+00:00,"AliExpress public search page, ship-to KR, KRW"
pilates ring,1005006203739023,https://www.aliexpress.com/item/1005006203739023.html,"요가 서클 필라테스 스트레치 링, 가정 여성 피트니스 장비, 근막 마사지, 신체 운동 저항 지지대 도구",1500,10947,800,4.6,true,2023-11-04 00:00:00,2026-09-27T11:12+00:00,"AliExpress public search page, ship-to KR, KRW"
pilates ring,1005007493679276,https://www.aliexpress.com/item/1005007493679276.html,"하드 요가 링 백 트레이너, 텐셔닝 및 오픈 백 디바인 도구, 필라테스 링, 종아리 변형 교정, 1 개",1500,10884,715,4.3,true,2024-11-23 00:00:00,2026-09-27T11:12+00:00,"AliExpress public search page, ship-to KR, KRW"
pilates ring,1005006903768223,https://www.aliexpress.com/item/1005006903768223.html,"아름다운 다리, 엉덩이, 탄력 있는 피트니스 저항 링을 위한 요가 보조 필라테스 서클 골반 바닥 근육 트레이너",4940,16127,414,4.7,true,2024-04-27 00:00:00,2026-09-27T11:12+00:00,"AliExpress public search page, ship-to KR, KRW"
pilates ring,1005011782904225,https://www.aliexpress.com/item/1005011782904225.html,새로운 필라테스 볼 및 링 세트 필라테스 피트니스 링 저항 밴드 운동 운동 임신 산후를위한 피트니스 장비,12950,25854,312,4.9,true,2026-03-03 00:00:00,2026-09-27T11:12+00:00,"AliExpress public search page, ship-to KR, KRW"
pilates ring,1005010397533345,https://www.aliexpress.com/item/1005010397533345.html,요가 링 필라테스 링 여성 소녀 피트니스 운동 홈 저항 탄력 요가 체육관 운동 필라테스 서클 요가 서클 ﻿,1500,10055,224,4.6,true,2025-11-23 00:00:00,2026-09-27T11:12+00:00,"AliExpress public search page, ship-to KR, KRW"
golf swing trainer,1005006860969145,https://www.aliexpress.com/item/1005006860969145.html,골프 스윙 보조기구 프로 파워 밴드 손목 보호대 부드럽고 연결하기 쉬운 교정 훈련 스윙 자세 정렬 연습 도구,1250,6391,5459,4.9,true,2024-04-21 00:00:00,2026-09-27T11:12+00:00,"AliExpress public search page, ship-to KR, KRW"
golf swing trainer,1005010044227286,https://www.aliexpress.com/item/1005010044227286.html,초보자를 위한 골프 스윙 트레이너 자세 교정기 밴드 팔 손 움직임 운동 장력 탄성 피트니스 장비,500,4528,4876,4.9,true,2025-09-25 00:00:00,2026-09-27T11:12+00:00,"AliExpress public search page, ship-to KR, KRW"
golf swing trainer,1005006860885222,https://www.aliexpress.com/item/1005006860885222.html,인플레이터블 골프 스마트 볼 트레이너 휴대용 스윙 암 교정기 자세 보조 교정 훈련 도구 골프 액세서리,4000,18055,4726,4.9,true,2024-04-21 00:00:00,2026-09-27T11:12+00:00,"AliExpress public search page, ship-to KR, KRW"
golf swing trainer,1005005752922653,https://www.aliexpress.com/item/1005005752922653.html,Kaiersn 실내 솔프 골프 다기능 스윙 보조 파워 스틱 스윙 트레이너 소프트 배턴 훈련 파워 채찍 폼 스윙 스틱,2000,9023,3098,4.7,true,2023-06-24 00:00:00,2026-09-27T11:12+00:00,"AliExpress public search page, ship-to KR, KRW"
golf swing trainer,1005009238955837,https://www.aliexpress.com/item/1005009238955837.html,골프 스윙 보조 프로 파워 밴드 손목 보호대 부드럽고 연결하기 쉬운 교정 훈련 스윙 제스처 정렬 연습 도구,3250,6554,2734,4.6,true,2025-06-10 00:00:00,2026-09-27T11:12+00:00,"AliExpress public search page, ship-to KR, KRW"
golf swing trainer,1005006815192493,https://www.aliexpress.com/item/1005006815192493.html,1Pcs 골프 스윙 훈련 팔 밴드 골프 손 자세 교정기 골프 초보자 연습을위한 블랙 나일론 탄성 훈련 벨트,8700,17723,2629,4.8,true,2024-04-09 00:00:00,2026-09-27T11:12+00:00,"AliExpress public search page, ship-to KR, KRW"
golf swing trainer,1005008554763213,https://www.aliexpress.com/item/1005008554763213.html,골프 스윙 자세 교정기 탄성 트레이닝 암 밴드 남녀 공용 골프 트레이너 보조기구,500,4900,2430,4.9,true,2025-02-25 00:00:00,2026-09-27T11:12+00:00,"AliExpress public search page, ship-to KR, KRW"
golf swing trainer,1005007486286782,https://www.aliexpress.com/item/1005007486286782.html,PGM 래그 스틱 골프 스윙 훈련 골프 훈련 스윙 감지를 위한 보조 스윙 트레이너 자세 교정 JZQ021 타격,5250,25091,1870,4.7,true,2024-08-03 00:00:00,2026-09-27T11:12+00:00,"AliExpress public search page, ship-to KR, KRW"
golf swing trainer,1005012061516457,https://www.aliexpress.com/item/1005012061516457.html,"골프 스윙 트레이너 - 골프 매직 볼 - 손과 팔의 협응력 향상, 초보자를 위한 휴대용 및 세척 가능한 디자인",1250,5898,1694,4.9,true,2026-04-10 00:00:00,2026-09-27T11:12+00:00,"AliExpress public search page, ship-to KR, KRW"
golf swing trainer,1005010151717628,https://www.aliexpress.com/item/1005010151717628.html,골프 스윙 보조기구 프로 파워 밴드 손목 보호대 부드럽고 쉽게 연결되는 올바른 스윙 자세 교정 연습 도구,1500,8183,1603,4.6,true,2025-10-14 00:00:00,2026-09-27T11:12+00:00,"AliExpress public search page, ship-to KR, KRW"
camping folding table aluminum mini,1005006003028064,https://www.aliexpress.com/item/1005006003028064.html,TARKA 야외 캠핑 접이식 테이블 파티 피크닉 바베큐 휴대용 접이식 책상 고강도 초경량 알루미늄 휴대용 테이블,6750,31844,3681,4.7,false,2023-09-01 00:00:00,2026-09-27T11:12+00:00,"AliExpress public search page, ship-to KR, KRW"
camping folding table aluminum mini,1005007096834777,https://www.aliexpress.com/item/1005007096834777.html,"WESTTUNE 미니 캠핑 테이블, 초경량 휴대용 알루미늄 합금 야외 테이블, 롤업 접이식 테이블, 백패킹 피크닉 바비큐",6000,26927,3442,4.9,true,2024-05-30 00:00:00,2026-09-27T11:12+00:00,"AliExpress public search page, ship-to KR, KRW"
camping folding table aluminum mini,1005006109969320,https://www.aliexpress.com/item/1005006109969320.html,"WESTTUNE 미니 캠핑 테이블, 초경량 휴대용 알루미늄 합금 야외 테이블, 롤업 접이식 테이블, 백패킹 피크닉 바비큐",5000,28273,1880,4.7,true,2023-10-09 00:00:00,2026-09-27T11:12+00:00,"AliExpress public search page, ship-to KR, KRW"
camping folding table aluminum mini,1005007010567286,https://www.aliexpress.com/item/1005007010567286.html,"와이드시 휴대용 접이식 캠핑 테이블 (컵홀더 & 메쉬 포켓 포함) 가볍고 휴대하기 좋은 야외 피크닉 테이블 (하이킹, 여행, 해변용)",9500,43679,1805,4.9,false,2024-05-16 00:00:00,2026-09-27T11:12+00:00,"AliExpress public search page, ship-to KR, KRW"
camping folding table aluminum mini,1005009874191666,https://www.aliexpress.com/item/1005009874191666.html,"마운틴하이커 접이식 IGT 캠핑 리프트 테이블, 휴대용 야외 IGT 요리 시스템, 3-5인용 테이블, 다목적 캠핑 테이블",61200,127297,1622,4.9,true,2025-09-02 00:00:00,2026-09-27T11:12+00:00,"AliExpress public search page, ship-to KR, KRW"
camping folding table aluminum mini,1005006437029547,https://www.aliexpress.com/item/1005006437029547.html,"WESTTUNE 미니 캠핑 테이블, 초경량 휴대용 알루미늄 합금 야외 테이블, 롤업 접이식 테이블, 백패킹 피크닉 바비큐",6250,28064,1342,4.6,false,2024-01-09 00:00:00,2026-09-27T11:12+00:00,"AliExpress public search page, ship-to KR, KRW"
camping folding table aluminum mini,1005007476698614,https://www.aliexpress.com/item/1005007476698614.html,KRC CAMP 캠핑 접이식 테이블 IGT 테이블 경량 캠프 바베큐 그릴 테이블 야외 피크닉 낚시 테이블 IGT 세트 피크닉 장비,22798,59164,1171,4.9,true,2024-08-01 00:00:00,2026-09-27T11:12+00:00,"AliExpress public search page, ship-to KR, KRW"
camping folding table aluminum mini,1005010238400478,https://www.aliexpress.com/item/1005010238400478.html,"와이드시 휴대용 접이식 캠핑 테이블 (컵홀더 & 메쉬 포켓 포함) 가볍고 휴대하기 좋은 야외 피크닉 테이블 (하이킹, 여행, 해변용)",18683,54431,1078,4.8,false,2025-10-26 00:00:00,2026-09-27T11:12+00:00,"AliExpress public search page, ship-to KR, KRW"
camping folding table aluminum mini,1005006904734388,https://www.aliexpress.com/item/1005006904734388.html,"Westtune 캠핑 접이식 테이블, 1680D 옥스포드 롤업 테이블, 휴대용 알루미늄 합금, 야외 피크닉용 관광 테이블",18650,41857,1019,4.9,false,2024-05-06 00:00:00,2026-09-27T11:12+00:00,"AliExpress public search page, ship-to KR, KRW"
camping folding table aluminum mini,1005005653995402,https://www.aliexpress.com/item/1005005653995402.html,초경량 휴대용 접이식 캠핑 테이블 접이식 야외 저녁 식사 책상 가든 파티 피크닉 바베큐를위한 고강도 알루미늄 합금,20400,35556,916,4.7,true,2023-06-02 00:00:00,2026-09-27T11:12+00:00,"AliExpress public search page, ship-to KR, KRW"
umbrella automatic windproof,1005008297871894,https://www.aliexpress.com/item/1005008297871894.html,"완전 자동 우산 UV 저항 우산, 두껍고 튼튼한 용골, 3 단 접이식 우산, 12 뼈 블랙 접착제",3250,14938,73194,4.6,true,2024-12-25 00:00:00,2026-09-27T11:12+00:00,"AliExpress public search page, ship-to KR, KRW"
umbrella automatic windproof,1005006614105043,https://www.aliexpress.com/item/1005006614105043.html,72 뼈 슈퍼 강한 방풍 자동 접는 남자 우산 강화 대형 방수 태양 보호 우산 여성,5500,25994,18503,4.8,true,2024-02-27 00:00:00,2026-09-27T11:12+00:00,"AliExpress public search page, ship-to KR, KRW"
umbrella automatic windproof,1005006994459986,https://www.aliexpress.com/item/1005006994459986.html,바람막이 이중 레이어 완전 자동 방수 우산,3750,17746,17035,4.9,true,2024-05-16 00:00:00,2026-09-27T11:12+00:00,"AliExpress public search page, ship-to KR, KRW"
umbrella automatic windproof,1005007097121432,https://www.aliexpress.com/item/1005007097121432.html,방풍 이중 레이어 완전 자동 저항 우산,3500,15690,16713,4.9,true,2024-05-31 00:00:00,2026-09-27T11:12+00:00,"AliExpress public search page, ship-to KR, KRW"
umbrella automatic windproof,1005007171330094,https://www.aliexpress.com/item/1005007171330094.html,"링 버클 디자인의 남녀용 완전 자동 우산, 큰 골조, 강력한 차양, 이중 우산, 접이식 컴팩트",3250,14784,15775,4.9,true,2024-07-05 00:00:00,2026-09-27T11:12+00:00,"AliExpress public search page, ship-to KR, KRW"
umbrella automatic windproof,1005007029103525,https://www.aliexpress.com/item/1005007029103525.html,초대형 강화 방풍 비 방지 이중 목적 자외선 방지 완전 자동 링 버클 우산,4750,22025,8887,4.7,true,2024-05-19 00:00:00,2026-09-27T11:12+00:00,"AliExpress public search page, ship-to KR, KRW"
umbrella automatic windproof,1005007011764351,https://www.aliexpress.com/item/1005007011764351.html,남자 여자 우산 방풍 반사 스트라이프 UV 우산과 완전 자동 역방향 접는 우산,4000,16843,5833,4.9,true,2024-05-16 00:00:00,2026-09-27T11:12+00:00,"AliExpress public search page, ship-to KR, KRW"
umbrella automatic windproof,1005006278363019,https://www.aliexpress.com/item/1005006278363019.html,남자 여자 우산 방풍 반사 스트라이프 UV 우산과 완전 자동 역방향 접는 우산,4500,21463,5411,4.7,true,2023-11-27 00:00:00,2026-09-27T11:12+00:00,"AliExpress public search page, ship-to KR, KRW"
umbrella automatic windproof,1005007476845407,https://www.aliexpress.com/item/1005007476845407.html,72 뼈 슈퍼 강한 방풍 자동 접는 남자 우산 강화 된 대형 방수 태양 보호 우산 여성,5000,22809,5366,4.9,true,2024-08-15 00:00:00,2026-09-27T11:12+00:00,"AliExpress public search page, ship-to KR, KRW"
umbrella automatic windproof,1005006995162436,https://www.aliexpress.com/item/1005006995162436.html,24본 자동 접이식 대형 고품질 우산 및 튼튼한 우산 가족 엔터테인먼트 야외용,3250,15214,4471,4.9,true,2024-05-24 00:00:00,2026-09-27T11:12+00:00,"AliExpress public search page, ship-to KR, KRW"
foldable bucket,1005007382730261,https://www.aliexpress.com/item/1005007382730261.html,5/10/17L 휴대용 접는 양동이 세차 및 낚시 캠핑 접는 양동이에 대 한 다기능 두꺼운 실리콘 양동이,2650,9508,21264,4.7,true,2024-07-16 00:00:00,2026-09-27T11:12+00:00,"AliExpress public search page, ship-to KR, KRW"
foldable bucket,1005006784325815,https://www.aliexpress.com/item/1005006784325815.html,차량용 세차 버킷 학생 기숙사 물통 원형 휴대용 접이식 물통,2250,5013,4906,4.9,true,2024-04-03 00:00:00,2026-09-27T11:12+00:00,"AliExpress public search page, ship-to KR, KRW"
foldable bucket,1005009960304477,https://www.aliexpress.com/item/1005009960304477.html,대용량 접이식 물통 휴대용 두꺼운 욕조 가정용 기숙사 발 담그기 야외 낚시용,3250,15277,3578,4.9,true,2025-09-22 00:00:00,2026-09-27T11:12+00:00,"AliExpress public search page, ship-to KR, KRW"
foldable bucket,1005007266346286,https://www.aliexpress.com/item/1005007266346286.html,SEAMETAL 5L/10L 세차 용 접이식 양동이 두꺼운 플라스틱 내구성 물통 야외 휴대용 낚시 캠핑 양동이,2900,10118,3354,4.7,true,2024-06-26 00:00:00,2026-09-27T11:12+00:00,"AliExpress public search page, ship-to KR, KRW"
foldable bucket,1005001483298224,https://www.aliexpress.com/item/1005001483298224.html,12L 20L 그릇 싱크 세탁 가방 세차 양동이 휴대용 야외 여행 접이식 물 다기능 접이식,4220,9623,1272,4.8,true,2020-09-21 00:00:00,2026-09-27T11:12+00:00,"AliExpress public search page, ship-to KR, KRW"
foldable bucket,1005008558356206,https://www.aliexpress.com/item/1005008558356206.html,2026 30L 접이식 걸레 플라스틱 캠핑 버킷 대용량 세척통 가정용 청소 욕실용품,3750,17804,1108,4.9,true,2025-03-04 00:00:00,2026-09-27T11:12+00:00,"AliExpress public search page, ship-to KR, KRW"
foldable bucket,1005009692637560,https://www.aliexpress.com/item/1005009692637560.html,5/10/20L 휴대용 접이식 물통 캠핑 하이킹 해변 피크닉 다목적 사용을위한 접이식 야외 저장 용기,1500,4518,630,4.7,true,2025-08-08 00:00:00,2026-09-27T11:12+00:00,"AliExpress public search page, ship-to KR, KRW"
foldable bucket,1005006864696979,https://www.aliexpress.com/item/1005006864696979.html,"휴대용 접이식 물 양동이, 낚시 양동이, 접이식 물 용기, 여행 캠핑 하이킹 낚시 세척용, 20L",9330,29469,585,4.9,true,2024-04-18 00:00:00,2026-09-27T11:12+00:00,"AliExpress public search page, ship-to KR, KRW"
foldable bucket,1005009424500667,https://www.aliexpress.com/item/1005009424500667.html,1PC 5/10L휴대용 접이식 양동이 내구성 공간 절약 보관하기 쉬운 세차 캠핑 낚시 야외 여행에 적합,1500,9453,533,4.5,true,2025-07-04 00:00:00,2026-09-27T11:12+00:00,"AliExpress public search page, ship-to KR, KRW"
foldable bucket,1005011624635316,https://www.aliexpress.com/item/1005011624635316.html,"강력한 접이식 갤런 실리콘 버킷이 있는 10L 접이식 버킷 하이킹, 배낭 여행, 캠핑, 야외용 유연하고 견고한 손잡이",7640,15252,496,4.9,true,2026-02-03 00:00:00,2026-09-27T11:12+00:00,"AliExpress public search page, ship-to KR, KRW"
shoe organizer hanging,1005008933080824,https://www.aliexpress.com/item/1005008933080824.html,2개 ​ 스테인레스 스틸 신발 랙 교수형 건조 랙 욕실 주최자 공간 절약 입구 발코니에 대한 다기능,500,5560,3501,4.6,true,2025-04-28 00:00:00,2026-09-27T11:12+00:00,"AliExpress public search page, ship-to KR, KRW"
shoe organizer hanging,1005006826091733,https://www.aliexpress.com/item/1005006826091733.html,옷장 교수형 신발 랙 홀더 옷걸이에 대 한 신발 주최자 매달려 24 대형 메쉬 포켓과 문 신발 랙 이상,1500,7256,2828,4.7,true,2024-04-10 00:00:00,2026-09-27T11:12+00:00,"AliExpress public search page, ship-to KR, KRW"
shoe organizer hanging,1005009157717398,https://www.aliexpress.com/item/1005009157717398.html,"문 위에 걸 수 있는 신발 정리대, 12/14/24/28/35/40개의 큰 메쉬 포켓이 있는 옷장용 걸이식 신발 정리대",1500,7388,2527,4.7,true,2025-05-30 00:00:00,2026-09-27T11:12+00:00,"AliExpress public search page, ship-to KR, KRW"
shoe organizer hanging,1005009460559167,https://www.aliexpress.com/item/1005009460559167.html,"24개의 포켓이 있는 현관문에 걸어 사용하는 신발 정리대, 넓은 메시 소재, 4개의 걸이 포함, 침실용 수납 가방",3000,9976,2504,4.9,true,2025-07-09 00:00:00,2026-09-27T11:12+00:00,"AliExpress public search page, ship-to KR, KRW"
shoe organizer hanging,1005009417634038,https://www.aliexpress.com/item/1005009417634038.html,3개 벽걸이 신발 정리대 슬리퍼 보관함 다용도 무타공 수납 걸이 도어 슬리퍼 걸이,2000,9495,1600,4.5,true,2025-07-03 00:00:00,2026-09-27T11:12+00:00,"AliExpress public search page, ship-to KR, KRW"
shoe organizer hanging,1005010448024734,https://www.aliexpress.com/item/1005010448024734.html,"벽걸이형 RV 신발 정리대, 무타공 설치, 다용도 수납 선반, RV 및 카라반용, 문 뒤 디자인",2250,10819,1572,4.6,true,2025-11-26 00:00:00,2026-09-27T11:12+00:00,"AliExpress public search page, ship-to KR, KRW"
shoe organizer hanging,1005010787807164,https://www.aliexpress.com/item/1005010787807164.html,"14/24/40칸 도어걸이형 신발 정리대, 메쉬 포켓이 있는 옷장 걸이형 신발 정리함",1500,10268,1242,4.6,true,2026-01-13 00:00:00,2026-09-27T11:12+00:00,"AliExpress public search page, ship-to KR, KRW"
shoe organizer hanging,1005007921479543,https://www.aliexpress.com/item/1005007921479543.html,벽 마운트 신발 랙 무료 펀치 슬리퍼 랙 욕실 슬리퍼 후크 신발 보관 선반 건조 랙 도어 신발 교수형 홀더,5240,10882,1008,4.9,true,2024-10-17 00:00:00,2026-09-27T11:12+00:00,"AliExpress public search page, ship-to KR, KRW"
shoe organizer hanging,1005009354232890,https://www.aliexpress.com/item/1005009354232890.html,"10단 대형 도어걸이 신발 정리대, 깊은 수납공간이 있는 신발 걸이, 도어 수납 솔루션",10257,34547,944,4.8,true,2025-06-29 00:00:00,2026-09-27T11:12+00:00,"AliExpress public search page, ship-to KR, KRW"
shoe organizer hanging,1005010388709466,https://www.aliexpress.com/item/1005010388709466.html,"문 뒤에 걸 수 있는 수납 가방 1개, 다양한 객실 유형에서 화장품, 옷, 모자, 신발, 수건 등을 보관하기에 적합합니다.",2500,11454,725,4.8,true,2025-11-17 00:00:00,2026-09-27T11:12+00:00,"AliExpress public search page, ship-to KR, KRW"
under desk drawer,1005005856470925,https://www.aliexpress.com/item/1005005856470925.html,1pc 흰색 셀프 접착 저장 서랍 상자 메이크업 연필 트레이 책상 책상 밑에 숨겨진 책상 밑에 자기 접착 언더 서랍 보관 상자,1650,3856,13443,4.6,true,2023-07-19 00:00:00,2026-09-27T11:12+00:00,"AliExpress public search page, ship-to KR, KRW"
under desk drawer,1005008922483910,https://www.aliexpress.com/item/1005008922483910.html,1pc 흰색 SelfAdhesive 스토리지 서랍 상자 메이크업 연필 트레이 책상 책상 스탠드 아래 숨겨진 자체 접착 서랍 보관 상자,2840,6187,4966,3.9,true,2025-04-27 00:00:00,2026-09-27T11:12+00:00,"AliExpress public search page, ship-to KR, KRW"
under desk drawer,1005007532386094,https://www.aliexpress.com/item/1005007532386094.html,보이지 않는 스토리지 테이블 선반 스토리지 박스 책상 서랍 아래에 매달려있는 새로운 풀 아웃 스토리지 박스 대용량 언더 테이블 서랍,1500,4971,3766,4.6,true,2024-08-12 00:00:00,2026-09-27T11:12+00:00,"AliExpress public search page, ship-to KR, KRW"
under desk drawer,1005006898141827,https://www.aliexpress.com/item/1005006898141827.html,테이블 아래 서랍 보관함 숨겨진 자체 접착 서랍 유형 보관 캐비닛 사무실 책상 대용량 서랍 정리,3500,24175,2411,4.8,true,2024-04-25 00:00:00,2026-09-27T11:12+00:00,"AliExpress public search page, ship-to KR, KRW"
under desk drawer,1005006923281376,https://www.aliexpress.com/item/1005006923281376.html,1PCS 흰색 SelfAdhesive 스토리지 서랍 상자 메이크업 연필 트레이 데스크 스탠드 아래 숨겨진 자체 접착 서랍 보관 상자 아래 새로운,750,3722,1537,4.7,true,2024-04-29 00:00:00,2026-09-27T11:12+00:00,"AliExpress public search page, ship-to KR, KRW"
under desk drawer,1005011743536987,https://www.aliexpress.com/item/1005011743536987.html,1pc 자체 접착식 테이블 선반 보관함 다기능 대용량 책상 아래 서랍 공간 절약형 숨겨진 서랍,1000,4829,1201,4.9,true,2026-02-26 00:00:00,2026-09-27T11:12+00:00,"AliExpress public search page, ship-to KR, KRW"
under desk drawer,1005008666242437,https://www.aliexpress.com/item/1005008666242437.html,책상 서랍 보관함 아래 숨겨진 사무실 주최자 책상 자체 접착 서랍 플라스틱 Undertable 액세서리 보관함 Drawe,5000,22955,901,4.9,true,2025-03-17 00:00:00,2026-09-27T11:12+00:00,"AliExpress public search page, ship-to KR, KRW"
under desk drawer,1005007268054409,https://www.aliexpress.com/item/1005007268054409.html,보이지 않는 스토리지 테이블 선반 스토리지 박스 책상 서랍 아래에 매달려있는 새로운 풀 아웃 스토리지 박스 대용량 Undertable 서랍,7120,6968,851,4.8,true,2024-06-27 00:00:00,2026-09-27T11:12+00:00,"AliExpress public search page, ship-to KR, KRW"
under desk drawer,1005009698667610,https://www.aliexpress.com/item/1005009698667610.html,"접착식, 드릴이 없는 책상 아래 플라스틱 서랍: 사무실/가정에 이상적, 문구류 정리에 적합",4500,20465,753,4.7,true,2025-08-09 00:00:00,2026-09-27T11:12+00:00,"AliExpress public search page, ship-to KR, KRW"
under desk drawer,1005010596048241,https://www.aliexpress.com/item/1005010596048241.html,"책상 아래 서랍(로드 포함), 책상 아래 보이지 않는 수납함, 워크스테이션 변환 도구, 학생 책상 옆 선반",11450,33432,537,4.7,true,2025-12-18 00:00:00,2026-09-27T11:12+00:00,"AliExpress public search page, ship-to KR, KRW"
jewelry organizer box,1005006830218955,https://www.aliexpress.com/item/1005006830218955.html,투명 저장 용기 보석 상자 명확한 플라스틱 주최자 상자 비즈에 대 한 빈 귀걸이 저장 주최자 디스플레이 케이스,500,3987,99902,4.8,true,2024-04-11 00:00:00,2026-09-27T11:12+00:00,"AliExpress public search page, ship-to KR, KRW"
jewelry organizer box,1005006782975478,https://www.aliexpress.com/item/1005006782975478.html,"Wunionup 휴대용 미니 보석 여행 케이스 PU 가죽 주최자 상자 여자 귀걸이, 목걸이에 대 한 보석 스토리지 홀더",1000,3835,87059,4.9,true,2024-04-08 00:00:00,2026-09-27T11:12+00:00,"AliExpress public search page, ship-to KR, KRW"
jewelry organizer box,1005004778739400,https://www.aliexpress.com/item/1005004778739400.html,"여성용 싱글 레이어 보관함, 여행용 가죽 쥬얼리 상자, 클래식 블랙 퓨어 화이트 패션 핑크 보관함, 1 개",500,4202,64855,4.6,true,2022-09-22 00:00:00,2026-09-27T11:12+00:00,"AliExpress public search page, ship-to KR, KRW"
jewelry organizer box,1005005479337493,https://www.aliexpress.com/item/1005005479337493.html,플라스틱 보석 상자 10/15/24 구획 슬롯 주최자 스토리지 비즈 컨테이너 조정 가능한 보석 스토리지 박스 직사각형 케이스,750,4156,35522,4.7,true,2023-04-20 00:00:00,2026-09-27T11:12+00:00,"AliExpress public search page, ship-to KR, KRW"
jewelry organizer box,1005005542540404,https://www.aliexpress.com/item/1005005542540404.html,투명 플라스틱 스토리지 보석 상자 구획 보석 직사각형 상자 케이스에 대 한 구슬 귀걸이 상자에 대 한 조정 가능한 컨테이너,500,3567,32510,4.7,true,2023-05-07 00:00:00,2026-09-27T11:12+00:00,"AliExpress public search page, ship-to KR, KRW"
jewelry organizer box,1005008217971874,https://www.aliexpress.com/item/1005008217971874.html,1/4pcs 보석 장식품에 이상적인 힌지 뚜껑이있는 대형 투명 플라스틱 보관 상자 가정 용품 및 사무실 조직,1750,11995,23466,4.7,true,2024-12-09 00:00:00,2026-09-27T11:12+00:00,"AliExpress public search page, ship-to KR, KRW"
jewelry organizer box,1005007170187046,https://www.aliexpress.com/item/1005007170187046.html,1개 베이지 플로킹 주얼리 정리 트레이 분리형 칸막이 주얼리 박스 다중 그리드 보관 케이스 DIY 주얼리 제작 및 전시용,750,3175,22938,4.9,true,2024-06-21 00:00:00,2026-09-27T11:12+00:00,"AliExpress public search page, ship-to KR, KRW"
jewelry organizer box,1005009426056226,https://www.aliexpress.com/item/1005009426056226.html,"10개, 투명 플로팅 디스플레이 박스, 플라스틱 필름 보석 포장 상자, 보석, 목걸이, 반지 및 수집품 보관 상자",1250,6091,22615,4.8,true,2025-07-04 00:00:00,2026-09-27T11:12+00:00,"AliExpress public search page, ship-to KR, KRW"
jewelry organizer box,1005006982718799,https://www.aliexpress.com/item/1005006982718799.html,벨벳 보석 상자 디스플레이 트레이 서랍 보관 보석 홀더 반지 귀걸이 목걸이 팔찌 소프트 벨벳 주최자 케이스,2280,4524,19032,4.9,true,2024-05-13 00:00:00,2026-09-27T11:12+00:00,"AliExpress public search page, ship-to KR, KRW"
jewelry organizer box,1005006996519274,https://www.aliexpress.com/item/1005006996519274.html,한 조각 벨벳 보석 상자 선물 상자 컨테이너 결혼 반지 상자 반지 케이스 귀걸이 홀더 보석 디스플레이 및 보석 패키지,1999,4165,18397,4.9,true,2024-05-16 00:00:00,2026-09-27T11:12+00:00,"AliExpress public search page, ship-to KR, KRW"
gym bag,1005006967540182,https://www.aliexpress.com/item/1005006967540182.html,1개 여성용 러닝 백 허리 가방 벨트 백 남성용 스포츠 패니 팩 휴대폰 가방 헬스장 러닝 휴대폰 조깅 러닝 사이클링 가방,500,4875,31320,4.9,true,2024-05-09 00:00:00,2026-09-27T11:12+00:00,"AliExpress public search page, ship-to KR, KRW"
gym bag,1005005184440328,https://www.aliexpress.com/item/1005005184440328.html,"전문 러닝 허리 가방, 스포츠 벨트 파우치, 휴대폰 케이스, 남녀공용 숨겨진 파우치, 체육관 스포츠 가방, 러닝 팩",500,6487,12325,4.6,true,2023-02-05 00:00:00,2026-09-27T11:12+00:00,"AliExpress public search page, ship-to KR, KRW"
gym bag,1005006263039126,https://www.aliexpress.com/item/1005006263039126.html,초경량 접이식 가방 남성 여성 방수 대용량 휴대용 배낭 경량 여행 가방 야외 스포츠 데이 팟,3500,7051,11796,4.7,true,2023-11-22 00:00:00,2026-09-27T11:12+00:00,"AliExpress public search page, ship-to KR, KRW"
gym bag,1005006782843601,https://www.aliexpress.com/item/1005006782843601.html,체육관 가방 방수 피트니스 가방 스포츠 남성 여성 가방 야외 피트니스 휴대용 가방 초경량 요가 스포츠 대형 여행 배낭,7250,19116,9747,4.9,true,2024-04-08 00:00:00,2026-09-27T11:12+00:00,"AliExpress public search page, ship-to KR, KRW"
gym bag,1005010191478023,https://www.aliexpress.com/item/1005010191478023.html,자석 체육관 가방 대용량 자석 캐리어 가방 휴대폰 포켓 포함 휴대용 체육관 물병 파우치 체육관 액세서리 정리함,13000,27374,6377,4.8,true,2025-10-19 00:00:00,2026-09-27T11:12+00:00,"AliExpress public search page, ship-to KR, KRW"
gym bag,1005008558756760,https://www.aliexpress.com/item/1005008558756760.html,HOMEFISH 스포츠 허리 가방 패니 팩 지갑 조절 가능한 남녀 공용 러닝 파우치 벨트 휴대용 휴대폰 홀더 짐 범백,2000,8835,5951,4.9,true,2025-02-26 00:00:00,2026-09-27T11:12+00:00,"AliExpress public search page, ship-to KR, KRW"
gym bag,1005009483916715,https://www.aliexpress.com/item/1005009483916715.html,러닝 벨트 허리 가방 스포츠 패니 팩 여성 남성 방수 체육관 전화 주머니 바나나 가방 실행 액세서리,2000,9328,5127,4.7,true,2025-07-12 00:00:00,2026-09-27T11:12+00:00,"AliExpress public search page, ship-to KR, KRW"
gym bag,1005007170412764,https://www.aliexpress.com/item/1005007170412764.html,"초경량 야외 하이킹 사이클링 여행 배낭 피트니스 가방, 방수 핸드백 소형 접이식 배낭 보관 가방",2250,10088,4916,4.9,true,2024-08-23 00:00:00,2026-09-27T11:12+00:00,"AliExpress public search page, ship-to KR, KRW"
gym bag,1005011822821674,https://www.aliexpress.com/item/1005011822821674.html,원활한 보이지 않는 실행 허리 벨트 가방 체육관 가방 경량 보이지 않는 휴대 전화 가방 휴대용 탄성 실행 사이클링 가방,1750,7912,3929,4.9,true,2026-03-09 00:00:00,2026-09-27T11:12+00:00,"AliExpress public search page, ship-to KR, KRW"
gym bag,1005010044223258,https://www.aliexpress.com/item/1005010044223258.html,새로운 캐주얼 히든 러닝 허리 가방 방수 벨트 허리 팩 스포츠 벨트 파우치 짐 가방 경량 휴대폰 가방,4080,8468,3549,4.9,true,2025-09-25 00:00:00,2026-09-27T11:12+00:00,"AliExpress public search page, ship-to KR, KRW"
wallet men slim,1005006861932075,https://www.aliexpress.com/item/1005006861932075.html,"홈피쉬 휴대용 금속 카드 홀더, 슬림 미니 지갑, 남녀공용 심플 동전 지갑",1000,4595,49949,4.9,true,2024-04-21 00:00:00,2026-09-27T11:12+00:00,"AliExpress public search page, ship-to KR, KRW"
wallet men slim,1005005135973833,https://www.aliexpress.com/item/1005005135973833.html,"남녀공용 RFID 스마트 지갑 카드 홀더, 금속 얇은 슬림 지갑, 팝업 미니멀리스트 지갑, 소형 블랙 지갑",2250,5176,46749,4.4,true,2023-01-11 00:00:00,2026-09-27T11:12+00:00,"AliExpress public search page, ship-to KR, KRW"
wallet men slim,1005009232842455,https://www.aliexpress.com/item/1005009232842455.html,남성용 가죽 짧은 지갑 얇은 지갑 접이식 미니멀리스트 부드러운 가죽 지갑,1500,7051,37142,4.3,true,2025-06-09 00:00:00,2026-09-27T11:12+00:00,"AliExpress public search page, ship-to KR, KRW"
wallet men slim,1005006967534304,https://www.aliexpress.com/item/1005006967534304.html,휴대용 슈퍼 슬림 소프트 지갑 PU 가죽 미니 신용카드 지갑 카드 홀더 남성용 지갑 얇고 작은 짧은 지갑,1000,5857,36635,4.9,true,2024-05-13 00:00:00,2026-09-27T11:12+00:00,"AliExpress public search page, ship-to KR, KRW"
wallet men slim,1005006783106105,https://www.aliexpress.com/item/1005006783106105.html,Pu 가죽 남자 짧은 지갑 얇은 스타일 접는 젊은 남자 신용 카드 홀더 지갑,1250,6233,30984,4.9,true,2024-04-02 00:00:00,2026-09-27T11:12+00:00,"AliExpress public search page, ship-to KR, KRW"
wallet men slim,1005005602683365,https://www.aliexpress.com/item/1005005602683365.html,Pu 가죽 남자 짧은 지갑 얇은 스타일 접는 젊은 남자 신용 카드 홀더 지갑,500,6279,27365,4.5,true,2023-05-22 00:00:00,2026-09-27T11:12+00:00,"AliExpress public search page, ship-to KR, KRW"
wallet men slim,1005007973002774,https://www.aliexpress.com/item/1005007973002774.html,1Pc 새로운 울트라 얇은 미니 부드러운 PU 가죽 신용 카드 지갑 홀더 짧은 수직 고품질 남성용 지갑,1500,8196,25425,4.7,true,2024-10-26 00:00:00,2026-09-27T11:12+00:00,"AliExpress public search page, ship-to KR, KRW"
wallet men slim,1005007113272470,https://www.aliexpress.com/item/1005007113272470.html,"남성용 PU 왁스 오일 스킨 지갑, 짧은 카드홀더 지갑, 지퍼 어라운드 머니 동전 지갑",2500,12248,18969,4.7,true,2024-06-02 00:00:00,2026-09-27T11:12+00:00,"AliExpress public search page, ship-to KR, KRW"
wallet men slim,1005007805613520,https://www.aliexpress.com/item/1005007805613520.html,"RFID 신용카드 홀더 금속 얇은 슬림 스마트 지갑, 팝업 미니멀리스트 소형 블랙 지갑, 남녀공용 미니 지갑",1000,4821,18844,4.9,true,2024-09-26 00:00:00,2026-09-27T11:12+00:00,"AliExpress public search page, ship-to KR, KRW"
wallet men slim,1005007443861706,https://www.aliexpress.com/item/1005007443861706.html,"RFID 신용카드 홀더 금속 얇은 슬림 스마트 지갑, 팝업 미니멀리스트 소형 블랙 지갑, 남녀공용 미니 지갑",1000,5788,18213,4.5,true,2024-07-25 00:00:00,2026-09-27T11:12+00:00,"AliExpress public search page, ship-to KR, KRW"
insulated lunch bag,1005005506520355,https://www.aliexpress.com/item/1005005506520355.html,"단열 도시락 가방, 알루미늄 호일 밥 가방, 식사 팩, 아이스 팩, 학생 도시락 핸드백",750,3655,39563,4.7,true,2023-04-26 00:00:00,2026-09-27T11:12+00:00,"AliExpress public search page, ship-to KR, KRW"
insulated lunch bag,1005010044203148,https://www.aliexpress.com/item/1005010044203148.html,"손잡이와 어깨끈이 있는 대용량 보냉 가방, 도시락 가방, 학생용 두꺼운 방수 도시락 가방",3000,14500,20443,4.9,true,2025-09-25 00:00:00,2026-09-27T11:12+00:00,"AliExpress public search page, ship-to KR, KRW"
insulated lunch bag,1005007306602976,https://www.aliexpress.com/item/1005007306602976.html,"보온 도시락 가방, 알루미늄 호일 도시락 가방, 아이스팩, 학생 도시락 가방, 보냉 핸드백",1500,3171,16833,4.9,true,2024-07-05 00:00:00,2026-09-27T11:12+00:00,"AliExpress public search page, ship-to KR, KRW"
insulated lunch bag,1005007345678581,https://www.aliexpress.com/item/1005007345678581.html,"직장용 알루미늄 호일 단열재를 사용한 대용량 도시락 가방, 간단하고 실용적인 탑 핸들 가방",1500,6299,6288,4.9,true,2024-07-15 00:00:00,2026-09-27T11:12+00:00,"AliExpress public search page, ship-to KR, KRW"
insulated lunch bag,1005009960213772,https://www.aliexpress.com/item/1005009960213772.html,16/28/50/70L 음식 배달 가방 대형 보온 가방 음식 배달용 보냉 가방 접이식 재사용 가능 식료품 가방,3500,7402,5965,4.9,true,2025-09-14 00:00:00,2026-09-27T11:12+00:00,"AliExpress public search page, ship-to KR, KRW"
insulated lunch bag,1005010044124376,https://www.aliexpress.com/item/1005010044124376.html,만화 어린이 점심 가방 단열 알루미늄 필름 고품질 방수 옥스포드 천 휴대용 점심 가방 토트 새로운,750,3948,5864,4.9,true,2025-09-25 00:00:00,2026-09-27T11:12+00:00,"AliExpress public search page, ship-to KR, KRW"
insulated lunch bag,1005009575580395,https://www.aliexpress.com/item/1005009575580395.html,보온 도시락 가방 단열 도시락 팩 알루미늄 호일 밥 가방 식사 팩 아이스 팩 휴대용 저녁 식사 피크닉 음식 보관 핸드백,1500,6901,5849,4.7,true,2025-07-23 00:00:00,2026-09-27T11:12+00:00,"AliExpress public search page, ship-to KR, KRW"
insulated lunch bag,1005009078660056,https://www.aliexpress.com/item/1005009078660056.html,직장인을위한 귀여운 도시락 가방 대용량 토트 백 만화 절연 신선 유지 가방 학생 도시락 가방,1750,6792,5520,4.9,true,2025-05-20 00:00:00,2026-09-27T11:12+00:00,"AliExpress public search page, ship-to KR, KRW"
insulated lunch bag,1005008248001918,https://www.aliexpress.com/item/1005008248001918.html,"접이식 보냉 가방 – 배달용 방수 단열 도시락 가방, 아이스팩 포함 누수 방지 디자인",2000,4165,5409,4.9,true,2024-12-15 00:00:00,2026-09-27T11:12+00:00,"AliExpress public search page, ship-to KR, KRW"
insulated lunch bag,1005009045236514,https://www.aliexpress.com/item/1005009045236514.html,귀여운 새끼 고양이 도시락 가방 학생 휴대용 알루미늄 호일 절연 도시락 가방 대용량 도시락 가방,1250,6112,4681,4.9,true,2025-05-15 00:00:00,2026-09-27T11:12+00:00,"AliExpress public search page, ship-to KR, KRW"
watch box,1005007805758159,https://www.aliexpress.com/item/1005007805758159.html,휴대용 EVA 단일 시계 여행 케이스 시계 보관함 스마트워치용 방수 지퍼형 컨테이너,1000,4595,58146,4.9,true,2024-09-26 00:00:00,2026-09-27T11:12+00:00,"AliExpress public search page, ship-to KR, KRW"
watch box,1005008940491816,https://www.aliexpress.com/item/1005008940491816.html,"1개 5슬롯 시계 케이스 |   하드쉘 여행용 정리함(베개 삽입물 포함) - 선물용으로 적합(블랙), 스마트워치 보관용으로 적합",3750,17725,40836,4.8,true,2025-04-29 00:00:00,2026-09-27T11:12+00:00,"AliExpress public search page, ship-to KR, KRW"
watch box,1005007538327584,https://www.aliexpress.com/item/1005007538327584.html,Lnofxas 블랙 싱글 시계 선물 상자 베개 PU 가죽 손목 시계 디스플레이 케이스 주최자 남성용,1500,7196,13235,4.7,true,2024-08-13 00:00:00,2026-09-27T11:12+00:00,"AliExpress public search page, ship-to KR, KRW"
watch box,1005010332327677,https://www.aliexpress.com/item/1005010332327677.html,"HTMCK 15칸 수납형 시계 보관함, 휴대용 여행용 디스플레이 케이스, 남성용, 가정 및 사무실용",4500,20189,13082,4.9,true,2025-11-19 00:00:00,2026-09-27T11:12+00:00,"AliExpress public search page, ship-to KR, KRW"
watch box,1005010439402419,https://www.aliexpress.com/item/1005010439402419.html,"5/10 슬롯 하드 쉘 시계 보관함, 휴대용 케이스, 디스플레이 정리함, 시계 보관함 디스플레이 캐비닛, 선물용으로 이상적",8030,16024,7345,4.9,true,2025-11-25 00:00:00,2026-09-27T11:12+00:00,"AliExpress public search page, ship-to KR, KRW"
watch box,1005008872902911,https://www.aliexpress.com/item/1005008872902911.html,휴대용 시계 여행 케이스 EVA 시계 보관 상자 방수 시계 홀더 지퍼가 달린 Smartwatch 컨테이너 단일 시계 주최자,1500,5648,7058,4.8,true,2025-04-21 00:00:00,2026-09-27T11:12+00:00,"AliExpress public search page, ship-to KR, KRW"
watch box,1005003041686164,https://www.aliexpress.com/item/1005003041686164.html,지퍼 방수 단일 시계 케이스 스토리지 박스 소프트 인테리어 쿠션 휴대용 컨테이너 Smartwatch 손목 시계,905,1612,6412,4.8,false,2021-07-24 00:00:00,2026-09-27T11:12+00:00,"AliExpress public search page, ship-to KR, KRW"
watch box,1005008610863773,https://www.aliexpress.com/item/1005008610863773.html,불씨 시계 가방 블루 블랙 그린 시계 상자 플란넬 선물 상자 여행용 보관 케이스 내구성 휴대용 시계 먼지 보호 케이스,2400,5259,6255,4.8,true,2025-03-07 00:00:00,2026-09-27T11:12+00:00,"AliExpress public search page, ship-to KR, KRW"
watch box,1005006106215408,https://www.aliexpress.com/item/1005006106215408.html,남성 여성을위한 방수 휴대용 상자 시계 홀더 주최자 스토리지 애플 시계 스트랩 스토리지 박스 시계에 대한 스마트 시계 상자,3400,6991,5934,4.5,true,2023-10-08 00:00:00,2026-09-27T11:12+00:00,"AliExpress public search page, ship-to KR, KRW"
watch box,1005011840324323,https://www.aliexpress.com/item/1005011840324323.html,"남성용 시계 보관함, 휴대용 시계 여행 케이스, 움직임 방지 기능이 있는 손목시계용 시계 디스플레이 홀더",2554,18869,5400,4.8,true,2026-03-11 00:00:00,2026-09-27T11:12+00:00,"AliExpress public search page, ship-to KR, KRW"
golf headcover set,1005007010249753,https://www.aliexpress.com/item/1005007010249753.html,10Pcs 휴대용 골프 클럽 아이언 헤드 커버 보호대 골프 헤드 커버 세트 헤드 커버 보호대 골프 용품,2000,9040,1777,4.9,true,2024-05-17 00:00:00,2026-09-27T11:15+00:00,"AliExpress public search page, ship-to KR, KRW"
golf headcover set,1005011524941783,https://www.aliexpress.com/item/1005011524941783.html,"1팩 골프 클럽 헤드커버 우드 하이브리드, 남녀 공용 헤드커버 3 5 7 X 교체 가능한 번호 태그 포함, 모든 우드 하이브리드 클럽에 적합",1500,9215,772,4.7,true,2026-01-16 00:00:00,2026-09-27T11:15+00:00,"AliExpress public search page, ship-to KR, KRW"
golf headcover set,1005010486607374,https://www.aliexpress.com/item/1005010486607374.html,"골프 아이언 커버 세트 강력한 자석 잠금 10개 팩, 양면 번호 인조 가죽 디럭스 클럽 헤드커버",10750,48270,558,4.8,true,2025-12-03 00:00:00,2026-09-27T11:15+00:00,"AliExpress public search page, ship-to KR, KRW"
golf headcover set,1005010362798346,https://www.aliexpress.com/item/1005010362798346.html,"골프 아이언 헤드 커버 10개 세트 퍼터 보호대 포함, 가볍고 내구성, 휴대 용이, 모든 아이언 클럽에 적합",8360,16342,505,4.6,true,2025-11-13 00:00:00,2026-09-27T11:15+00:00,"AliExpress public search page, ship-to KR, KRW"
golf headcover set,1005010517750591,https://www.aliexpress.com/item/1005010517750591.html,모든 종류의 동물 골프 클럽 드라이버 헤드 커버 남성 및 여성용 골프 드라이버 클럽 마스코트 기발하고 귀여운 선물,7260,13295,460,4.5,true,2025-12-07 00:00:00,2026-09-27T11:15+00:00,"AliExpress public search page, ship-to KR, KRW"
golf headcover set,1005009012434425,https://www.aliexpress.com/item/1005009012434425.html,골프 헤드 커버 골프 우드 커버 PU 가죽 골프 클럽 커버 드라이버 페어웨이 하이브리드 방수 보호대 세트 골프 액세서리,7400,16446,448,4.9,true,2025-05-15 00:00:00,2026-09-27T11:15+00:00,"AliExpress public search page, ship-to KR, KRW"
golf headcover set,1005004637033162,https://www.aliexpress.com/item/1005004637033162.html,남성과 여성의 골프 드라이버 클럽 마스코트에 적합한 모든 종류의 동물 골프 클럽 드라이버 헤드 커버 참신하고 귀여운 선물,2971,8403,346,4.7,false,2022-08-11 00:00:00,2026-09-27T11:15+00:00,"AliExpress public search page, ship-to KR, KRW"
golf headcover set,1005009893703148,https://www.aliexpress.com/item/1005009893703148.html,10개 골프 헤드 커버 클럽 아이언 보호대 네오프렌 헤드커버 골프 액세서리 블랙 골퍼용 가벼운 선물 세 가지 색상,6200,12649,326,4.7,true,2025-09-04 00:00:00,2026-09-27T11:15+00:00,"AliExpress public search page, ship-to KR, KRW"
golf headcover set,1005006815139623,https://www.aliexpress.com/item/1005006815139623.html,"10개/세트 골프 아이언 헤드커버 3-9,P,S,A, 클럽 헤드 커버 자수 번호 케이스 스포츠 골프 훈련 장비 액세서리",10250,47071,282,5,true,2024-04-09 00:00:00,2026-09-27T11:15+00:00,"AliExpress public search page, ship-to KR, KRW"
golf headcover set,1861262374,https://www.aliexpress.com/item/1861262374.html,10 개/대 블랙 컬러 브랜드 골프 아이언 헤드 커버 헤드커버 투명 숫자가 보이는 골퍼 어린이를 위한 액세서리 어린이용,7640,7477,251,4.7,true,2014-05-11 00:00:00,2026-09-27T11:15+00:00,"AliExpress public search page, ship-to KR, KRW"
golf divot tool ball marker magnetic,1005007539924764,https://www.aliexpress.com/item/1005007539924764.html,접이식 금속 골프 디봇 수리 도구 (자석 볼 마커 포함),1250,5602,5184,4.9,false,2024-08-13 00:00:00,2026-09-27T11:15+00:00,"AliExpress public search page, ship-to KR, KRW"
golf divot tool ball marker magnetic,1005009409837504,https://www.aliexpress.com/item/1005009409837504.html,접이식 금속 골프 디봇 수리 도구 (자석 볼 마커 포함),1500,6617,4871,4.7,false,2025-07-02 00:00:00,2026-09-27T11:15+00:00,"AliExpress public search page, ship-to KR, KRW"
golf divot tool ball marker magnetic,1005012743098198,https://www.aliexpress.com/item/1005012743098198.html,금속 접이식 골프 디벗 수리 도구 골프 공 마커 버튼이있는 녹색 포크 자기 휴대용 갈퀴 골프 액세서리,5870,11726,892,4.9,true,2026-07-15 00:00:00,2026-09-27T11:15+00:00,"AliExpress public search page, ship-to KR, KRW"
golf divot tool ball marker magnetic,1005013148307987,https://www.aliexpress.com/item/1005013148307987.html,전문 골프 디봇 수리 도구 접이식 금속 피치 포크 자석 볼 마커 포함 휴대용 퍼팅 그린 액세서리 선물,4140,8271,677,4.9,true,2026-09-09 00:00:00,2026-09-27T11:15+00:00,"AliExpress public search page, ship-to KR, KRW"
golf divot tool ball marker magnetic,1005006127985980,https://www.aliexpress.com/item/1005006127985980.html,금속 접이식 골프 디벗 수리 도구 골프 공 마커 버튼이있는 녹색 포크 자기 휴대용 갈퀴 골프 액세서리,5970,12950,428,4.9,true,2023-10-14 00:00:00,2026-09-27T11:15+00:00,"AliExpress public search page, ship-to KR, KRW"
golf divot tool ball marker magnetic,1005012415691988,https://www.aliexpress.com/item/1005012415691988.html,전문 골프 디봇 수리 도구 접이식 금속 피치 포크 자석 볼 마커 포함 휴대용 퍼팅 그린 액세서리 선물,2000,8944,333,4.8,true,2026-06-01 00:00:00,2026-09-27T11:15+00:00,"AliExpress public search page, ship-to KR, KRW"
golf divot tool ball marker magnetic,1005012398187869,https://www.aliexpress.com/item/1005012398187869.html,골프 디봇 수리 도구 금속 접이식 골프 디봇 도구(자석 팝업 버튼 포함) 볼 마커 스테인레스 스틸 스위치블레이드,1500,8029,245,5,true,2026-05-28 00:00:00,2026-09-27T11:15+00:00,"AliExpress public search page, ship-to KR, KRW"
golf divot tool ball marker magnetic,1005003076709284,https://www.aliexpress.com/item/1005003076709284.html,"1PC 골프 디봇 수리 도구 (버튼형, 자석식, 걸이형 버클 포함) 자석 도구 골프 볼 마커 스윙 스마일 새 상품 판매",5740,5625,189,4.6,true,2021-07-30 00:00:00,2026-09-27T11:15+00:00,"AliExpress public search page, ship-to KR, KRW"
golf divot tool ball marker magnetic,1005004545149652,https://www.aliexpress.com/item/1005004545149652.html,"골프 디벗 수리 도구, 골프 모자 클립이 있는 디벗 도구 및 골프 연습용 GvOvLvF 자기 골프 공 마커, 은색 및 구리",6470,6341,188,5,true,2022-07-18 00:00:00,2026-09-27T11:15+00:00,"AliExpress public search page, ship-to KR, KRW"
golf divot tool ball marker magnetic,1005003158129495,https://www.aliexpress.com/item/1005003158129495.html,"1개 골프 디봇 수리 도구(자석식 3선 조준볼 마커 포함) 남편, 아내, 남자아이, 여자아이를 위한 사랑스러운 선물, 골프 공 게임용",1500,2876,183,5,true,2021-08-17 00:00:00,2026-09-27T11:15+00:00,"AliExpress public search page, ship-to KR, KRW"
golf alignment sticks,1005009460490654,https://www.aliexpress.com/item/1005009460490654.html,골프 정렬 스틱 2 세트 48 인치 정렬 연습 막대 접이식 6 색 골프 정렬 스틱 골프 스윙 훈련 도구,3000,14337,1253,4.9,true,2025-07-09 00:00:00,2026-09-27T11:15+00:00,"AliExpress public search page, ship-to KR, KRW"
golf alignment sticks,1005010759362834,https://www.aliexpress.com/item/1005010759362834.html,골프 스윙 정렬 막대 골프 정렬 스틱 홀더 스윙 연습 플레이트 트레이너 스윙 각도 조정 자세 교정 보조 장치,7000,32951,915,4.9,true,2026-01-09 00:00:00,2026-09-27T11:15+00:00,"AliExpress public search page, ship-to KR, KRW"
golf alignment sticks,1005007171226312,https://www.aliexpress.com/item/1005007171226312.html,골프 정렬 스틱 접이식 골프 연습 막대 퍼터 그린 트레이너 도구 골프 스윙 훈련 도구,2250,9696,738,4.9,true,2024-06-13 00:00:00,2026-09-27T11:15+00:00,"AliExpress public search page, ship-to KR, KRW"
golf alignment sticks,1005009311507653,https://www.aliexpress.com/item/1005009311507653.html,골프 정렬 스틱 2 세트 48 인치 정렬 연습 막대 골프 스윙 훈련 도구 접이식 5 색 골프 액세서리,3000,14429,451,4.7,true,2025-06-19 00:00:00,2026-09-27T11:15+00:00,"AliExpress public search page, ship-to KR, KRW"
golf alignment sticks,1005005783164411,https://www.aliexpress.com/item/1005005783164411.html,"Caiton 그린 골프 정렬 스틱 2 세트 - 48인치 정렬 연습 막대, 접이식으로 쉽게 휴대 가능, 골프 훈련 보조 장치",9300,20647,181,4.9,true,2023-07-05 00:00:00,2026-09-27T11:15+00:00,"AliExpress public search page, ship-to KR, KRW"
golf alignment sticks,1005009318741927,https://www.aliexpress.com/item/1005009318741927.html,클릭 피드백이있는 개폐식 골프 스윙 훈련 보조 장치 강도 및 템포 훈련 골프 그립 트레이너 휴대용 골프 정렬 스틱,13100,21405,160,4.5,false,2025-06-20 00:00:00,2026-09-27T11:15+00:00,"AliExpress public search page, ship-to KR, KRW"
golf alignment sticks,1005007520053251,https://www.aliexpress.com/item/1005007520053251.html,PGM 2 Pcs 골프 훈련 보조 표시기 스틱 퍼터 보조 트레이너 골프 정렬 스틱 퍼팅 방향 표시기 JZQ002,7176,26650,120,3.9,true,2024-08-09 00:00:00,2026-09-27T11:15+00:00,"AliExpress public search page, ship-to KR, KRW"
golf alignment sticks,1005012012804775,https://www.aliexpress.com/item/1005012012804775.html,"1PC 골프 퍼터 훈련 보조기구, 휴대용 골프 정렬 스틱, 자세 및 경로 개선을 위한 골프 연습 훈련 장비",15000,31506,111,4.1,true,2026-04-03 00:00:00,2026-09-27T11:15+00:00,"AliExpress public search page, ship-to KR, KRW"
golf alignment sticks,1005012520074043,https://www.aliexpress.com/item/1005012520074043.html,"골프 스윙 플레인 교정기, 골프 얼라인먼트 스틱 홀더, 연습 플레이트 트레이너, 스윙 각도 조정 자세 교정 보조기구",6618,13369,108,4.5,true,2026-06-14 00:00:00,2026-09-27T11:15+00:00,"AliExpress public search page, ship-to KR, KRW"
golf alignment sticks,1005012421760982,https://www.aliexpress.com/item/1005012421760982.html,골프 정렬 스틱 접이식 골프 연습봉 휴대용 스윙 트레이너 퍼터 그린 훈련 보조기구 자세 교정 도구,3250,15076,93,4.9,true,2026-06-01 00:00:00,2026-09-27T11:15+00:00,"AliExpress public search page, ship-to KR, KRW"
spinning fishing reel,1005007345571312,https://www.aliexpress.com/item/1005007345571312.html,"전문 초경량 1000~7000 5.2:1 기어비, 26LB 최대 드래그 CNC 금속 스풀 민물 바닷물용 스피닝 낚시 릴",3750,15895,26191,4.9,true,2024-07-16 00:00:00,2026-09-27T11:15+00:00,"AliExpress public search page, ship-to KR, KRW"
spinning fishing reel,1005007054851905,https://www.aliexpress.com/item/1005007054851905.html,"전문 초경량 1000~7000 5.2:1 기어비, 26LB 최대 드래그 CNC 금속 스풀 민물 바닷물용 스피닝 낚시 릴",3750,17687,15019,4.6,true,2024-05-23 00:00:00,2026-09-27T11:15+00:00,"AliExpress public search page, ship-to KR, KRW"
spinning fishing reel,1005006904487948,https://www.aliexpress.com/item/1005006904487948.html,Huidiao 135g/4.76oz 초경량 스피닝 릴 500/800 소형 5.2:1 기어비 컴팩트 아이스 낚시 릴 겨울 낚시용,3500,15895,13633,4.9,true,2024-05-04 00:00:00,2026-09-27T11:15+00:00,"AliExpress public search page, ship-to KR, KRW"
spinning fishing reel,1005005643217883,https://www.aliexpress.com/item/1005005643217883.html,DEUKIO 스피닝 낚시릴 2000-7000 시리즈 15KG 최대 드랙 초경량 바닷물 서프 낚시 루어릴,6500,29977,11888,4.8,true,2023-05-31 00:00:00,2026-09-27T11:15+00:00,"AliExpress public search page, ship-to KR, KRW"
spinning fishing reel,1005006766426268,https://www.aliexpress.com/item/1005006766426268.html,"BILLINGS DC 1000~7000 시리즈, 5.2:1 기어비, 26LB 최대 드래그, CNC 금속 스풀, 스피닝 낚시 릴, 민물 바닷물용",7500,16070,8091,4.6,true,2024-03-28 00:00:00,2026-09-27T11:15+00:00,"AliExpress public search page, ship-to KR, KRW"
spinning fishing reel,1005006756981464,https://www.aliexpress.com/item/1005006756981464.html,BEARKING 브랜드 새로운 도착 바닷물 낚시 릴 스피닝 1000-6000 9+1BB 5.2:1 최대 드래그 10-20KG 방수 릴,21650,47854,7568,4.7,true,2024-06-24 00:00:00,2026-09-27T11:15+00:00,"AliExpress public search page, ship-to KR, KRW"
spinning fishing reel,1005006967293883,https://www.aliexpress.com/item/1005006967293883.html,Huidiao NGK-II 스피닝 릴 8000-14000 강력한 낚시 릴 25kg 최대 드래그 6+1BB 장거리 캐스팅으로 대물 낚시 가능,12000,51624,7367,4.9,false,2024-05-11 00:00:00,2026-09-27T11:15+00:00,"AliExpress public search page, ship-to KR, KRW"
spinning fishing reel,1005007540028443,https://www.aliexpress.com/item/1005007540028443.html,루블리노스 NX 스피닝 낚시 릴 염수 담수용 메탈 스풀 좌우 교체 가능 송어 잉어 낚시 도구,4000,18468,6697,4.9,true,2024-08-14 00:00:00,2026-09-27T11:15+00:00,"AliExpress public search page, ship-to KR, KRW"
spinning fishing reel,1005007096718907,https://www.aliexpress.com/item/1005007096718907.html,메리디스 반페스 시리즈 녹 방지 및 부드러운 베어링 5.0:1 낚시 릴 드래그 시스템 8Kg 최대 출력 스피닝 휠 낚시 코일,6750,30716,6073,4.9,true,2024-05-30 00:00:00,2026-09-27T11:15+00:00,"AliExpress public search page, ship-to KR, KRW"
spinning fishing reel,1005007010554176,https://www.aliexpress.com/item/1005007010554176.html,"5.2:1 초경량 접이식 낚싯줄 릴, 60m 길이의 넓은 낚싯줄을 사용할 수 있는 스피닝 릴, 낚싯줄 감기 롤러, 캐스팅 휠, 낚시용 배트 포함",1500,6137,5852,4.9,true,2024-05-17 00:00:00,2026-09-27T11:15+00:00,"AliExpress public search page, ship-to KR, KRW"
camping lantern stand,1005007700990845,https://www.aliexpress.com/item/1005007700990845.html,TARKA 초경량 랜턴 스탠드 탁상용 라이트 홀더 라이트 행거 휴대용 분리형 야외 관광 조명 랜턴 행거,3250,23725,6140,4.7,false,2024-09-10 00:00:00,2026-09-27T11:15+00:00,"AliExpress public search page, ship-to KR, KRW"
camping lantern stand,1005007635016910,https://www.aliexpress.com/item/1005007635016910.html,"캠핑용 저렴한 랜턴 스탠드 클립, 조명 기둥/테이블 고정용 알루미늄 합금 클램프, 야외 걸이형 홀더, 아웃도어 캠핑 도구",1500,6930,4824,4.9,true,2024-08-30 00:00:00,2026-09-27T11:15+00:00,"AliExpress public search page, ship-to KR, KRW"
camping lantern stand,1005008445360536,https://www.aliexpress.com/item/1005008445360536.html,캠핑 저렴한 랜턴 스탠드 클립 라이트 PoleTable 고정 알루미늄 합금 클램프 야외 교수형 홀더 OutdoorCamping 도구,1500,10255,3010,4.7,true,2025-02-03 00:00:00,2026-09-27T11:15+00:00,"AliExpress public search page, ship-to KR, KRW"
camping lantern stand,1005010089214239,https://www.aliexpress.com/item/1005010089214239.html,"TARKA 분리형 캠핑 라이트 행거, 방향 및 길이 조절 가능한 라이트 스탠드, 참신한 경량 조명 랜턴 홀더",3750,17654,2926,4.9,false,2025-10-02 00:00:00,2026-09-27T11:15+00:00,"AliExpress public search page, ship-to KR, KRW"
camping lantern stand,1005009314699995,https://www.aliexpress.com/item/1005009314699995.html,스테인레스 스틸 라이트 스탠드 홀더 후크 휴대용 텐트 폴 램프 걸이 사냥 낚시 랜턴 걸이 야외 캠핑 도구,500,5013,2712,4.5,true,2025-06-20 00:00:00,2026-09-27T11:15+00:00,"AliExpress public search page, ship-to KR, KRW"
camping lantern stand,1005008660332356,https://www.aliexpress.com/item/1005008660332356.html,초경량 휴대용 캠핑 랜턴 스탠드 - 분리 가능한 테이블 램프 걸이와 조명 브래킷이 함께 제공되어 야외 활동 시 사용하기 편리합니다.,3000,13614,2604,4.9,true,2025-03-19 00:00:00,2026-09-27T11:15+00:00,"AliExpress public search page, ship-to KR, KRW"
camping lantern stand,1005010378850372,https://www.aliexpress.com/item/1005010378850372.html,TARKA 분리형 랜턴 스탠드 조절 가능한 초경량 라이트 테이블탑 야외 휴대용 라이트 홀더 캠핑 테이블 램프 랙 액세서리,4500,20465,1705,4.7,false,2025-11-16 00:00:00,2026-09-27T11:15+00:00,"AliExpress public search page, ship-to KR, KRW"
camping lantern stand,1005009878713816,https://www.aliexpress.com/item/1005009878713816.html,TARKA 캠핑 랜턴 스탠드 초경량 테이블 램프 걸이 휴대용 분리형 라이트 홀더 조명 브래킷 관광 장비,4500,20603,1305,4.8,true,2025-09-03 00:00:00,2026-09-27T11:15+00:00,"AliExpress public search page, ship-to KR, KRW"
camping lantern stand,1005007678514135,https://www.aliexpress.com/item/1005007678514135.html,"캠핑 라이트 스탠드 접이식 텔레스코핑 삼각대, 조정 가능한 경량 알루미늄 플로어 램프 거치대 삼각대, 캠핑 액세서리, 2m",10500,33509,1246,4.6,true,2024-09-06 00:00:00,2026-09-27T11:15+00:00,"AliExpress public search page, ship-to KR, KRW"
camping lantern stand,1005011572441872,https://www.aliexpress.com/item/1005011572441872.html,"TARKA 분리형 캠핑 라이트 행거, 방향 및 길이 조절 가능한 라이트 스탠드, 참신한 경량 조명 랜턴 홀더",4250,19784,1191,4.8,false,2026-01-22 00:00:00,2026-09-27T11:15+00:00,"AliExpress public search page, ship-to KR, KRW"
watch case 5 slot travel,1005008940491816,https://www.aliexpress.com/item/1005008940491816.html,"1개 5슬롯 시계 케이스 |   하드쉘 여행용 정리함(베개 삽입물 포함) - 선물용으로 적합(블랙), 스마트워치 보관용으로 적합",3750,17725,40836,4.8,true,2025-04-29 00:00:00,2026-09-27T11:15+00:00,"AliExpress public search page, ship-to KR, KRW"
watch case 5 slot travel,1005010439402419,https://www.aliexpress.com/item/1005010439402419.html,"5/10 슬롯 하드 쉘 시계 보관함, 휴대용 케이스, 디스플레이 정리함, 시계 보관함 디스플레이 캐비닛, 선물용으로 이상적",8030,16024,7345,4.9,true,2025-11-25 00:00:00,2026-09-27T11:15+00:00,"AliExpress public search page, ship-to KR, KRW"
watch case 5 slot travel,1005010487279759,https://www.aliexpress.com/item/1005010487279759.html,"1개 5슬롯 시계 케이스 |   베개 삽입물이 포함된 하드 쉘 여행용 정리함 - 선물용으로 적합(블랙), 스마트워치 보관에 적합",2250,10051,4984,4.9,true,2025-12-03 00:00:00,2026-09-27T11:15+00:00,"AliExpress public search page, ship-to KR, KRW"
watch case 5 slot travel,1005007805700089,https://www.aliexpress.com/item/1005007805700089.html,나무 시계 상자 친환경 시계 보관 케이스 1/2/3/5/6/10/12 슬롯 여행 주최자 남성용 시계 선물 상자,7250,33503,2557,4.9,true,2024-09-30 00:00:00,2026-09-27T11:15+00:00,"AliExpress public search page, ship-to KR, KRW"
watch case 5 slot travel,1005009513273318,https://www.aliexpress.com/item/1005009513273318.html,"1/2/3/5/6/10 슬롯 시계 여행용 케이스, 하드 시계 롤, 몸에 꼭 맞는 베개가 있는 여행용 시계 정리 케이스, 빨간색 마이크로파이버 안감",1500,13376,2528,4.8,true,2025-07-15 00:00:00,2026-09-27T11:15+00:00,"AliExpress public search page, ship-to KR, KRW"
watch case 5 slot travel,1005008922927491,https://www.aliexpress.com/item/1005008922927491.html,PU 가죽 시계 상자 2/3/4/5/6/8/10/12 슬롯 시계 디스플레이 케이스 남자 주최자 보석 저장 상자 선물에 대 한 유리 상단,1500,9562,2281,4.6,true,2025-04-27 00:00:00,2026-09-27T11:15+00:00,"AliExpress public search page, ship-to KR, KRW"
watch case 5 slot travel,1005008635238967,https://www.aliexpress.com/item/1005008635238967.html,나무 시계 상자 친환경 시계 보관 케이스 1/2/3/5/6/10/12 슬롯 여행 주최자 남성용 시계 선물 상자,7250,33503,1582,4.7,true,2025-03-11 00:00:00,2026-09-27T11:15+00:00,"AliExpress public search page, ship-to KR, KRW"
watch case 5 slot travel,1005008917149551,https://www.aliexpress.com/item/1005008917149551.html,"2/3/5 슬롯 시계 여행용 케이스, 하드 시계 롤, 폼 피팅 베개가 포함된 여행용 시계 정리 케이스, 빨간색 마이크로파이버 라이닝",1500,16555,987,4.9,true,2025-04-27 00:00:00,2026-09-27T11:15+00:00,"AliExpress public search page, ship-to KR, KRW"
watch case 5 slot travel,1005010338018462,https://www.aliexpress.com/item/1005010338018462.html,"5/10 슬롯 하드 쉘 시계 보관함, 휴대용 케이스, 디스플레이 정리함, 시계 보관함 디스플레이 캐비닛, 선물용으로 이상적",1630,17278,697,4.7,true,2025-11-09 00:00:00,2026-09-27T11:15+00:00,"AliExpress public search page, ship-to KR, KRW"
watch case 5 slot travel,1005010400352618,https://www.aliexpress.com/item/1005010400352618.html,"플립탑 뚜껑이 있는 1개의 헤비듀티 시계 정리함 - 5슬롯 시계 보관함, 긁힘 방지 내부, 휴대용 시계 케이스",7990,17370,575,4.8,true,2025-11-19 00:00:00,2026-09-27T11:15+00:00,"AliExpress public search page, ship-to KR, KRW"
golf club brush groove cleaner,1005007306682456,https://www.aliexpress.com/item/1005007306682456.html,골프 클럽 브러시 그루브 클리너 개폐식 양면 나일론 강모 알루미늄 카라비너 ​​그루브 클리너 그루브 청소 도구 키트,1250,6120,4752,4.9,true,2024-07-04 00:00:00,2026-09-27T11:16+00:00,"AliExpress public search page, ship-to KR, KRW"
golf club brush groove cleaner,1005010044056189,https://www.aliexpress.com/item/1005010044056189.html,3 in 1 골프 클럽 청소 브러시 트레이닝 액세서리 포켓 휴대용 다기능 골프 클럽 웨지 볼 그루브 퍼터 청소,1000,4624,3541,4.9,true,2025-09-25 00:00:00,2026-09-27T11:16+00:00,"AliExpress public search page, ship-to KR, KRW"
golf club brush groove cleaner,32824557899,https://www.aliexpress.com/item/32824557899.html,골프 클럽 브러시 골프 그루브 청소 브러시 ​​양면 골프 퍼터 웨지 볼 그루브 클리너 키트 청소 도구 골프 액세서리,1500,3633,1867,4.8,true,2017-08-06 00:00:00,2026-09-27T11:16+00:00,"AliExpress public search page, ship-to KR, KRW"
golf club brush groove cleaner,4001158906953,https://www.aliexpress.com/item/4001158906953.html,골프 클럽 클리너 카라비너 ​​그루브 숫돌 클리너가있는 골프 청소 브러시 ​​멀티 스타일 골프 스포츠 액세서리 드롭 선박,1500,1880,1687,4.8,true,2020-06-17 00:00:00,2026-09-27T11:16+00:00,"AliExpress public search page, ship-to KR, KRW"
golf club brush groove cleaner,1005010087497466,https://www.aliexpress.com/item/1005010087497466.html,3 in 1 골프 클럽 청소 브러시 트레이닝 액세서리 포켓 휴대용 다기능 골프 클럽 웨지 볼 그루브 퍼터 청소,1500,4979,1625,4.6,true,2025-10-02 00:00:00,2026-09-27T11:16+00:00,"AliExpress public search page, ship-to KR, KRW"
golf club brush groove cleaner,1005006749250598,https://www.aliexpress.com/item/1005006749250598.html,3-in-1 골프 클럽 그루브 퍼터 웨지 볼 청소 브러시 ​​클리너 휴대용 스파이크 포켓 키트 도구 골프 훈련 보조 액세서리,2250,4622,1447,4.7,true,2024-03-25 00:00:00,2026-09-27T11:16+00:00,"AliExpress public search page, ship-to KR, KRW"
golf club brush groove cleaner,1005007217492640,https://www.aliexpress.com/item/1005007217492640.html,골프 클린 브러시 푸시 유형 물병 워터 브러시가있는 휴대용 골프 클럽 그루브 브러시 골프 클럽 청소 골프 액세서리,1500,3661,1147,4.3,true,2024-06-19 00:00:00,2026-09-27T11:16+00:00,"AliExpress public search page, ship-to KR, KRW"
golf club brush groove cleaner,1005010618824343,https://www.aliexpress.com/item/1005010618824343.html,골프 클럽 브러시 그루브 클리너 양면 도구 휴대용 금속 경량 나일론 액세서리,1500,5435,829,4.9,false,2025-12-20 00:00:00,2026-09-27T11:16+00:00,"AliExpress public search page, ship-to KR, KRW"
golf club brush groove cleaner,1005011543094369,https://www.aliexpress.com/item/1005011543094369.html,골프 그루브 클리너 병 브러시 - 휴대용 상단 누름식 물 분사 골프 클럽 관리용,1500,13150,781,4.7,true,2026-01-19 00:00:00,2026-09-27T11:16+00:00,"AliExpress public search page, ship-to KR, KRW"
golf club brush groove cleaner,1005005757636532,https://www.aliexpress.com/item/1005005757636532.html,"Kaiersn 골프 클럽 클리너 그루브 튜브 골프 브러시 골프 클럽 브러시, 누출 방지 저수지 튜브 짜기 병, 쉬운 청소",3750,18140,488,4.8,true,2023-06-26 00:00:00,2026-09-27T11:16+00:00,"AliExpress public search page, ship-to KR, KRW"
cat tunnel foldable,1005006666232660,https://www.aliexpress.com/item/1005006666232660.html,고양이 터널 튜브 접이식 고양이 장난감 키티 훈련 대화 형 재미있는 장난감 터널 강아지를위한 지루한 새끼 고양이 애완 동물 용품 고양이 액세서리,3150,9671,6523,4.8,true,2024-03-09 00:00:00,2026-09-27T11:16+00:00,"AliExpress public search page, ship-to KR, KRW"
cat tunnel foldable,1005005625821611,https://www.aliexpress.com/item/1005005625821611.html,고양이 터널 애완 동물 용품 고양이 S T 패스 놀이 터널 접이식 고양이 터널 고양이 장난감 실내 시끄러운 종이에 대한 통기성 드릴 배럴,5650,21770,4627,4.8,true,2023-05-26 00:00:00,2026-09-27T11:16+00:00,"AliExpress public search page, ship-to KR, KRW"
cat tunnel foldable,1005005619670491,https://www.aliexpress.com/item/1005005619670491.html,고양이 터널 애완 동물 튜브 접이식 놀이 장난감 실내 야외 키티 강아지 장난감 퍼즐 운동 숨기기 훈련,3150,10723,2986,4.8,true,2023-05-26 00:00:00,2026-09-27T11:16+00:00,"AliExpress public search page, ship-to KR, KRW"
cat tunnel foldable,1005005809984032,https://www.aliexpress.com/item/1005005809984032.html,고양이 장난감 마우스 모양 공 접이식 고양이 새끼 고양이 놀이 터널 채팅 재미 있은 고양이 텐트 마우스 용품 시뮬레이션 물고기 고양이 액세서리,1500,3645,2177,4.8,true,2023-07-08 00:00:00,2026-09-27T11:16+00:00,"AliExpress public search page, ship-to KR, KRW"
cat tunnel foldable,1005007822462757,https://www.aliexpress.com/item/1005007822462757.html,"접이식 고양이 터널 튜브, 인터랙티브 재미있는 고양이 훈련 장난감, 강아지와 새끼 고양이를 위한 지루함 해소, 반려동물 용품, 고양이 액세서리",7220,15018,1149,4.9,true,2024-09-29 00:00:00,2026-09-27T11:16+00:00,"AliExpress public search page, ship-to KR, KRW"
cat tunnel foldable,1005007805504885,https://www.aliexpress.com/item/1005007805504885.html,고양이 쥐 게임 지능 개발 장난감 벨 텐트 9홀 고양이 놀이 터널 접이식 쥐 사냥 장난감 새끼 고양이 랜덤 스타일,1750,7824,1139,4.9,true,2024-09-26 00:00:00,2026-09-27T11:16+00:00,"AliExpress public search page, ship-to KR, KRW"
cat tunnel foldable,1005010140672901,https://www.aliexpress.com/item/1005010140672901.html,재미있는 폴리에스터+철사 고양이 터널 튜브 통기성 접이식 고양이 둥지 훈련용 인터랙티브 베이지+커피색 애완동물 놀이 장난감 고양이,7470,7300,1133,4.9,true,2025-10-12 00:00:00,2026-09-27T11:16+00:00,"AliExpress public search page, ship-to KR, KRW"
cat tunnel foldable,1005008239438019,https://www.aliexpress.com/item/1005008239438019.html,블루 쓰리 웨이즈 펫 플레이 터널 큐브 접이식 드릴 배럴 벤딩 고양이 키티 실내 텐트 키티 훈련용 인터랙티브 재미있는 장난감,4998,10391,1059,4.8,true,2024-12-12 00:00:00,2026-09-27T11:16+00:00,"AliExpress public search page, ship-to KR, KRW"
cat tunnel foldable,1005010105912242,https://www.aliexpress.com/item/1005010105912242.html,"접이식 고양이 터널 튜브, 인터랙티브 재미있는 고양이 훈련 장난감, 강아지와 새끼 고양이를 위한 지루함 해소, 반려동물 용품, 고양이 액세서리",1500,5836,840,4.9,true,2025-10-07 00:00:00,2026-09-27T11:16+00:00,"AliExpress public search page, ship-to KR, KRW"
cat tunnel foldable,1005005769762254,https://www.aliexpress.com/item/1005005769762254.html,정사각형 고양이 무지개 터널 매장 접이식 애완 동물 드릴 버킷 고양이 장난감,3250,10304,728,4.9,true,2023-06-28 00:00:00,2026-09-27T11:16+00:00,"AliExpress public search page, ship-to KR, KRW"
pet carrier bag cat,1005006887446144,https://www.aliexpress.com/item/1005006887446144.html,편안한 강아지 가방 애완동물 크로스바디 숄더백 야외 여행 휴대용 고양이 강아지 슬링 캐리어 가방 애완동물 이동 용품,9160,8950,3728,4.7,true,2024-04-23 00:00:00,2026-09-27T11:16+00:00,"AliExpress public search page, ship-to KR, KRW"
pet carrier bag cat,1005007224457415,https://www.aliexpress.com/item/1005007224457415.html,"애완동물 고양이 개 캐리어, 배낭 여행 토트 숄더백, 메쉬 슬링 캐리 팩, 애완동물 운반 용품, 크로스바디 숄더백",3281,9393,3042,4.6,true,2024-06-20 00:00:00,2026-09-27T11:16+00:00,"AliExpress public search page, ship-to KR, KRW"
pet carrier bag cat,1005006954408961,https://www.aliexpress.com/item/1005006954408961.html,"1Pc 개 배낭, 개 슬링 캐리어 강아지 고양이 하이킹 캠핑을위한 통기성 메쉬 여행 크로스 바디 백",5900,21969,2887,4.6,true,2024-05-07 00:00:00,2026-09-27T11:16+00:00,"AliExpress public search page, ship-to KR, KRW"
pet carrier bag cat,1005006860668076,https://www.aliexpress.com/item/1005006860668076.html,더블 어깨 통기성 휴대용 여행 애완 동물 강아지 캐리어 배낭 메쉬 캐리어 앞 가방 작은 개 고양이 야외,7200,7056,2842,4.5,true,2024-04-18 00:00:00,2026-09-27T11:16+00:00,"AliExpress public search page, ship-to KR, KRW"
pet carrier bag cat,1005011653777783,https://www.aliexpress.com/item/1005011653777783.html,"새로운 강아지 애완동물 배낭 캐리어 여행 가방, 앞가방, 통기성 조절 가능, 안전 반사 스트립 포함, 하이킹 및 야외 활동용 고양이 가방",6000,27562,2432,4.9,true,2026-02-03 00:00:00,2026-09-27T11:16+00:00,"AliExpress public search page, ship-to KR, KRW"
pet carrier bag cat,1005007038906063,https://www.aliexpress.com/item/1005007038906063.html,"1PC 고양이, 소형 중형 고양이용 개 캐리어 최대 15파운드의 강아지, 접이식 여행용 강아지 캐리어",8000,36352,1589,4.9,true,2024-05-23 00:00:00,2026-09-27T11:16+00:00,"AliExpress public search page, ship-to KR, KRW"
pet carrier bag cat,1005008908978399,https://www.aliexpress.com/item/1005008908978399.html,"HTMCK 접이식 애완동물 이동 가방, 통기성이 좋은 휴대용 숄더백, 소형견, 고양이, 새끼 고양이를 위한 야외용 여행 가방",1500,9291,1279,4.9,true,2025-04-25 00:00:00,2026-09-27T11:16+00:00,"AliExpress public search page, ship-to KR, KRW"
pet carrier bag cat,1005005130583252,https://www.aliexpress.com/item/1005005130583252.html,개 캐리어 가방 소프트 사이드 배낭 고양이 애완 동물 캐리어 개 여행 가방 작은 개를위한 항공사 승인 수송 고양이 나가는,8750,58602,1244,4.8,false,2023-01-09 00:00:00,2026-09-27T11:16+00:00,"AliExpress public search page, ship-to KR, KRW"
pet carrier bag cat,1005007792760241,https://www.aliexpress.com/item/1005007792760241.html,조정 가능한 고양이 캐리어 가방 애완 동물 더블 어깨 배낭 통기성 가방 야외 여행 캠핑 하이킹 고양이 가방 개 가방,7370,15310,1087,4.9,true,2024-09-24 00:00:00,2026-09-27T11:16+00:00,"AliExpress public search page, ship-to KR, KRW"
pet carrier bag cat,1005007154248934,https://www.aliexpress.com/item/1005007154248934.html,휴대용 개 고양이 캐리어 가방 애완 동물 강아지 여행 가방 통기성 메쉬 작은 개 고양이 개 야외 텐트 캐리어 나가는 애완 동물 핸드백,5263,32274,1062,4.8,true,2024-06-09 00:00:00,2026-09-27T11:16+00:00,"AliExpress public search page, ship-to KR, KRW"
golf towel magnetic,1005007168572121,https://www.aliexpress.com/item/1005007168572121.html,마이크로 화이버 청소 천 보푸라기없는 마이크로 화이버 청소 수건 천 자동차 창용 슈퍼 흡수제가있는 재사용 가능한 청소 수건,750,5610,48723,4.3,true,2024-06-14 00:00:00,2026-09-27T11:16+00:00,"AliExpress public search page, ship-to KR, KRW"
golf towel magnetic,1005009252085217,https://www.aliexpress.com/item/1005009252085217.html,SEAMETAL 헤비 듀티 자동차 타월 1200GSM 슈퍼 흡수성 마이크로 화이버 건조 천 매우 부드러운 스크래치 방지 자동차 디테일링 타월,1500,7294,20602,4.8,true,2025-06-12 00:00:00,2026-09-27T11:16+00:00,"AliExpress public search page, ship-to KR, KRW"
golf towel magnetic,1005007465648839,https://www.aliexpress.com/item/1005007465648839.html,마이크로 화이버 청소 천 린트 프리 마이크로 화이버 청소 수건 천 재사용 가능한 청소 수건 자동차 창용 슈퍼 흡수제,2000,4322,11430,4.4,true,2024-07-31 00:00:00,2026-09-27T11:16+00:00,"AliExpress public search page, ship-to KR, KRW"
golf towel magnetic,1005008555086828,https://www.aliexpress.com/item/1005008555086828.html,사각형 마이크로화이버 골프공 클리닝 타월 카라비너 훅 포함 물 흡수 클리너 클럽 헤드 닦이 천 클린 MJ002,1500,6287,6140,4.7,true,2025-02-25 00:00:00,2026-09-27T11:16+00:00,"AliExpress public search page, ship-to KR, KRW"
golf towel magnetic,1005007010455017,https://www.aliexpress.com/item/1005007010455017.html,남성용 골프 장갑 자석 마커가 있는 초극세 원단 탈부착 및 세탁 가능한 천 통기성 1개,1844,15511,3710,4.9,true,2024-05-16 00:00:00,2026-09-27T11:16+00:00,"AliExpress public search page, ship-to KR, KRW"
golf towel magnetic,1005010653352697,https://www.aliexpress.com/item/1005010653352697.html,1개 휴대용 멀티 컬러 골프 타월 - 초극세 섬유 와플 직조 및 파인애플 직조 골프 볼 타월,1750,7762,2491,4.9,true,2025-12-25 00:00:00,2026-09-27T11:16+00:00,"AliExpress public search page, ship-to KR, KRW"
golf towel magnetic,1005007731183661,https://www.aliexpress.com/item/1005007731183661.html,골프 타월 휴대용 골프 청소 도구 카라비너 ​​후크가있는 3 색 사각형 마이크로 화이버 벨벳 코튼 청소 타월 드롭 선박,1500,2848,2391,4.7,true,2024-09-14 00:00:00,2026-09-27T11:16+00:00,"AliExpress public search page, ship-to KR, KRW"
golf towel magnetic,1005009960188862,https://www.aliexpress.com/item/1005009960188862.html,"Kaiersn 20x20cm 파크 골프 타월 - 골프 클럽 및 공용 프리미엄 마이크로파이버 클리닝 타월, 컴팩트 및 흡수성",1750,7674,2383,4.9,true,2025-09-14 00:00:00,2026-09-27T11:16+00:00,"AliExpress public search page, ship-to KR, KRW"
golf towel magnetic,1005005725686716,https://www.aliexpress.com/item/1005005725686716.html,문 손잡이 및 거울에서 떨어지는 물을 건조하기 위한 Lucullan 자석 프리미엄 트위스트 루프 극세사 타월,7720,7547,2372,4.9,true,2023-06-17 00:00:00,2026-09-27T11:16+00:00,"AliExpress public search page, ship-to KR, KRW"
golf towel magnetic,1005010375321853,https://www.aliexpress.com/item/1005010375321853.html,다채로운 색상의 골프 타월 (해외 재고 있음) - 초극세사 와플 및 파인애플 직조 골프공 타월,3000,6433,2024,4.7,true,2025-11-15 00:00:00,2026-09-27T11:16+00:00,"AliExpress public search page, ship-to KR, KRW"
golf putting mirror,1005007937917761,https://www.aliexpress.com/item/1005007937917761.html,골프 퍼팅 볼 마커 고정밀 원형 그린 리더 골프 퍼팅 보조기구 슬로프 리더 1개,500,5410,13678,4.9,true,2024-10-21 00:00:00,2026-09-27T11:16+00:00,"AliExpress public search page, ship-to KR, KRW"
golf putting mirror,1005006396379037,https://www.aliexpress.com/item/1005006396379037.html,실내 백미러 360 °   자동차 후면 거울 회전 광각 백미러 조정 가능한 흡입 컵 자동차 스타일링 유니버설,2500,5192,7561,4.4,true,2023-12-28 00:00:00,2026-09-27T11:16+00:00,"AliExpress public search page, ship-to KR, KRW"
golf putting mirror,1005009717453094,https://www.aliexpress.com/item/1005009717453094.html,골프 퍼트 볼 마커 고정밀 라운드 그린 리더 골프 퍼팅 보조 골프 슬로프 퍼팅 리더 1PC JJ024,1750,8037,2436,4.6,true,2025-08-12 00:00:00,2026-09-27T11:16+00:00,"AliExpress public search page, ship-to KR, KRW"
golf putting mirror,1005008248111540,https://www.aliexpress.com/item/1005008248111540.html,골프 퍼팅 연습 거울 퍼팅 미러 정렬 훈련 도구 골프 연습 퍼터 미러 아이 라인,3000,14178,1080,4.9,true,2024-12-15 00:00:00,2026-09-27T11:16+00:00,"AliExpress public search page, ship-to KR, KRW"
golf putting mirror,1005006232918678,https://www.aliexpress.com/item/1005006232918678.html,골프 퍼팅 연습 거울 퍼팅 거울 정렬 훈련 보조 골프 연습 퍼터 거울 아이 라인,3250,14625,671,4.7,true,2023-11-13 00:00:00,2026-09-27T11:16+00:00,"AliExpress public search page, ship-to KR, KRW"
golf putting mirror,1005010450555285,https://www.aliexpress.com/item/1005010450555285.html,골프 퍼팅 정렬 거울 아이 라인 연습 골프 스윙 훈련 도구 골프 연습 퍼터 거울 골프 스윙 트레이너,7070,14111,176,4.8,true,2025-11-26 00:00:00,2026-09-27T11:16+00:00,"AliExpress public search page, ship-to KR, KRW"
golf putting mirror,1005010742263586,https://www.aliexpress.com/item/1005010742263586.html,골프 퍼팅 연습 거울 퍼팅 미러 정렬 훈련 도구 골프 연습 퍼터 미러 아이 라인,8600,18719,152,4.7,true,2026-01-07 00:00:00,2026-09-27T11:16+00:00,"AliExpress public search page, ship-to KR, KRW"
golf putting mirror,1005010019080495,https://www.aliexpress.com/item/1005010019080495.html,골프 퍼팅 정렬 거울 휴대용 연습 퍼팅 트레이너 훈련 보조기구 눈선 연습 퍼팅 정렬 도구,7990,16313,87,4.5,true,2025-09-22 00:00:00,2026-09-27T11:16+00:00,"AliExpress public search page, ship-to KR, KRW"
golf putting mirror,1005010496057463,https://www.aliexpress.com/item/1005010496057463.html,골프 아이 라인 연습 골프 스윙 훈련 도구 퍼팅 정렬 거울 골프 연습 퍼터 거울 골프 스윙 트레이너,6600,13472,78,4.4,true,2025-12-04 00:00:00,2026-09-27T11:16+00:00,"AliExpress public search page, ship-to KR, KRW"
golf putting mirror,1005006114924673,https://www.aliexpress.com/item/1005006114924673.html,아크릴 골프 연습 교사 초보자를위한 휴대용 골프 퍼팅 미러 훈련 도구 어린이 성인 골프 훈련 보조,8973,14287,77,4.2,true,2023-10-10 00:00:00,2026-09-27T11:16+00:00,"AliExpress public search page, ship-to KR, KRW"
golf head cover set PU leather driver fairway hybrid,1005006995283345,https://www.aliexpress.com/item/1005006995283345.html,"골프 퍼터 헤드 커버, 블레이드 클럽 PU 가죽 보호대, 모든 퍼터 및 골퍼에 보편적으로 적합, 검정색과 흰색으로 제공",3500,16079,1227,4.9,true,2024-05-14 00:00:00,2026-09-27T11:18+00:00,"AliExpress public search page, ship-to KR, KRW"
golf head cover set PU leather driver fairway hybrid,1005010486607374,https://www.aliexpress.com/item/1005010486607374.html,"골프 아이언 커버 세트 강력한 자석 잠금 10개 팩, 양면 번호 인조 가죽 디럭스 클럽 헤드커버",10750,48270,558,4.8,true,2025-12-03 00:00:00,2026-09-27T11:18+00:00,"AliExpress public search page, ship-to KR, KRW"
golf head cover set PU leather driver fairway hybrid,1005009170205520,https://www.aliexpress.com/item/1005009170205520.html,골프 헤드 커버 골프 클럽 커버 스트라이프 스타일 PU 가죽 부드러운 내구성 드라이버 페어웨이 하이브리드 방수 보호대 우드 커버,2915,8347,479,4.9,true,2025-06-02 00:00:00,2026-09-27T11:18+00:00,"AliExpress public search page, ship-to KR, KRW"
golf head cover set PU leather driver fairway hybrid,1005009012434425,https://www.aliexpress.com/item/1005009012434425.html,골프 헤드 커버 골프 우드 커버 PU 가죽 골프 클럽 커버 드라이버 페어웨이 하이브리드 방수 보호대 세트 골프 액세서리,7400,16446,448,4.9,true,2025-05-15 00:00:00,2026-09-27T11:18+00:00,"AliExpress public search page, ship-to KR, KRW"
golf head cover set PU leather driver fairway hybrid,1005005995469194,https://www.aliexpress.com/item/1005005995469194.html,12 개/대 휴대용 PU 골프 클럽 철 헤드 커버 수호자 골프 헤드 커버 세트 골프 철 헤드 커버,11250,22662,438,4.7,true,2023-08-30 00:00:00,2026-09-27T11:18+00:00,"AliExpress public search page, ship-to KR, KRW"
golf head cover set PU leather driver fairway hybrid,1005004199803173,https://www.aliexpress.com/item/1005004199803173.html,"골프 작은 나무 패턴 헤드 커버, 드라이버 헤드 커버, 페어웨이 우드 헤드 커버, 하이브리드 헤드 커버, 퍼터 커버, PU 가죽",8100,7937,396,4.9,false,2022-04-22 00:00:00,2026-09-27T11:18+00:00,"AliExpress public search page, ship-to KR, KRW"
golf head cover set PU leather driver fairway hybrid,1005005219698833,https://www.aliexpress.com/item/1005005219698833.html,"골프 심플한 숫자 자수 패턴 드라이버 헤드 커버, 페어웨이 우드 헤드 커버, 하이브리드 헤드 커버, 퍼터 커버, PU 가죽",6820,6684,374,4.9,false,2023-02-15 00:00:00,2026-09-27T11:18+00:00,"AliExpress public search page, ship-to KR, KRW"
golf head cover set PU leather driver fairway hybrid,1005002280624598,https://www.aliexpress.com/item/1005002280624598.html,블랙 PU 가죽 자수 골프 헤드 커버 드라이버 페어웨이 우드 하이브리드 블레이드 라지 말렛 퍼터 커버,1540,7000,335,5,false,2021-03-09 00:00:00,2026-09-27T11:18+00:00,"AliExpress public search page, ship-to KR, KRW"
golf head cover set PU leather driver fairway hybrid,1005010262290990,https://www.aliexpress.com/item/1005010262290990.html,골프 헤드커버 골프 클럽 커버 스트라이프 스타일 PU 가죽 부드럽고 내구성 있는 드라이버 페어웨이 하이브리드 방수 보호 커버 우드 커버,2626,16129,278,4.8,true,2025-10-29 00:00:00,2026-09-27T11:18+00:00,"AliExpress public search page, ship-to KR, KRW"
golf head cover set PU leather driver fairway hybrid,1005006407859683,https://www.aliexpress.com/item/1005006407859683.html,"골프채 #1 #3 #5 우드 헤드 커버, 드라이버 페어웨이 우드 커버, PU 가죽 퍼터 헤드 커버",7200,7056,255,5,true,2024-01-01 00:00:00,2026-09-27T11:18+00:00,"AliExpress public search page, ship-to KR, KRW"
pet sling carrier bag,1005006887446144,https://www.aliexpress.com/item/1005006887446144.html,편안한 강아지 가방 애완동물 크로스바디 숄더백 야외 여행 휴대용 고양이 강아지 슬링 캐리어 가방 애완동물 이동 용품,9160,8950,3728,4.7,true,2024-04-23 00:00:00,2026-09-27T11:18+00:00,"AliExpress public search page, ship-to KR, KRW"
pet sling carrier bag,1005007224457415,https://www.aliexpress.com/item/1005007224457415.html,"애완동물 고양이 개 캐리어, 배낭 여행 토트 숄더백, 메쉬 슬링 캐리 팩, 애완동물 운반 용품, 크로스바디 숄더백",3281,9393,3042,4.6,true,2024-06-20 00:00:00,2026-09-27T11:18+00:00,"AliExpress public search page, ship-to KR, KRW"
pet sling carrier bag,1005006954408961,https://www.aliexpress.com/item/1005006954408961.html,"1Pc 개 배낭, 개 슬링 캐리어 강아지 고양이 하이킹 캠핑을위한 통기성 메쉬 여행 크로스 바디 백",5900,21969,2887,4.6,true,2024-05-07 00:00:00,2026-09-27T11:18+00:00,"AliExpress public search page, ship-to KR, KRW"
pet sling carrier bag,1005008908978399,https://www.aliexpress.com/item/1005008908978399.html,"HTMCK 접이식 애완동물 이동 가방, 통기성이 좋은 휴대용 숄더백, 소형견, 고양이, 새끼 고양이를 위한 야외용 여행 가방",1500,9291,1279,4.9,true,2025-04-25 00:00:00,2026-09-27T11:18+00:00,"AliExpress public search page, ship-to KR, KRW"
pet sling carrier bag,1005004577771483,https://www.aliexpress.com/item/1005004577771483.html,강아지 외출용 휴대용 숄더 핸드백 강아지 가방 애완견 고양이 치와와 요크셔 강아지 용품 소형견용 강아지 캐리어,19965,50129,921,4.9,false,2022-07-26 00:00:00,2026-09-27T11:18+00:00,"AliExpress public search page, ship-to KR, KRW"
pet sling carrier bag,1005011624877338,https://www.aliexpress.com/item/1005011624877338.html,작은 개를 위한 휴대용 애완동물 캐리어 가방 고양이 야외용 접이식 고양이 가방 통기성 고양이 어깨 가방 새끼 고양이 운반 가방,9230,18435,852,4.9,true,2026-02-03 00:00:00,2026-09-27T11:18+00:00,"AliExpress public search page, ship-to KR, KRW"
pet sling carrier bag,1005004683171728,https://www.aliexpress.com/item/1005004683171728.html,휴대용 애완 동물 숄더 가방 전화 포켓 야외 캐리어 개 고양이 가방 강아지 새끼 고양이 여행 핸드백,7039,12387,713,4.8,true,2022-08-31 00:00:00,2026-09-27T11:18+00:00,"AliExpress public search page, ship-to KR, KRW"
pet sling carrier bag,1005007159600609,https://www.aliexpress.com/item/1005007159600609.html,코튼 편안한 개 가방 애완 동물 크로스 바디 숄더 백 야외 여행 휴대용 고양이 강아지 슬링 가방 애완 동물 운반 용품,9800,9581,579,4.8,true,2024-06-11 00:00:00,2026-09-27T11:18+00:00,"AliExpress public search page, ship-to KR, KRW"
pet sling carrier bag,1005006644868736,https://www.aliexpress.com/item/1005006644868736.html,"애완동물들이 외출하고 강아지를 낳습니다. 휴대용 원숄더 백은 고양이와 소형견이 야외에서 들고 다닐 수 있는 가방으로, 곰보다도 적합합니다.",19571,24678,454,4.8,true,2024-03-07 00:00:00,2026-09-27T11:18+00:00,"AliExpress public search page, ship-to KR, KRW"
pet sling carrier bag,1005008352467000,https://www.aliexpress.com/item/1005008352467000.html,"반려동물 편안한 크로스바디 숄더 큰 가방, 야외 여행 휴대용 고양이 강아지 슬링 캐리어 가방, 소형 중형견용",8344,13677,396,4.8,true,2025-01-08 00:00:00,2026-09-27T11:18+00:00,"AliExpress public search page, ship-to KR, KRW"
watch roll travel case leather,1005010044056859,https://www.aliexpress.com/item/1005010044056859.html,에머스 가죽 시계 롤 1 2 3 슬롯 고급 정품 시계 보관함 여행 가방 시계 케이스 선물 상자 시계 파우치,12250,25403,4852,4.9,true,2025-09-25 00:00:00,2026-09-27T11:18+00:00,"AliExpress public search page, ship-to KR, KRW"
watch roll travel case leather,1005005667495584,https://www.aliexpress.com/item/1005005667495584.html,시계 롤 여행용 케이스 - 3개의 시계 보관함 및 정리함 - 혁신적인 탈착식 베개와 견고한 시계 정리함을 갖춘 보안 보관함,6250,29741,4539,4.8,true,2023-06-05 00:00:00,2026-09-27T11:18+00:00,"AliExpress public search page, ship-to KR, KRW"
watch roll travel case leather,1005007466994132,https://www.aliexpress.com/item/1005007466994132.html,엠버스 가죽 시계 보관함 1/2/3 슬롯 고급 정품 시계 보관 박스 여행용 가방 시계 케이스 선물 상자 시계 파우치,12713,40523,3384,4.9,true,2024-07-30 00:00:00,2026-09-27T11:18+00:00,"AliExpress public search page, ship-to KR, KRW"
watch roll travel case leather,1005006947556704,https://www.aliexpress.com/item/1005006947556704.html,단일 시계 롤 여행 케이스 휴대용 빈티지 가죽 시계 보관 주최자 손목 시계 상자 시계 롤 여행 케이스,9900,21647,2378,4.8,true,2024-07-18 00:00:00,2026-09-27T11:18+00:00,"AliExpress public search page, ship-to KR, KRW"
watch roll travel case leather,1005006725507084,https://www.aliexpress.com/item/1005006725507084.html,"시계 여행용 케이스, 6 슬롯 시계 롤 여행용 케이스 정리 디스플레이 - PU 가죽 시계 케이스 - 남성 및 여성을 위한 시계 정리함",8500,41369,2332,4.7,true,2024-03-21 00:00:00,2026-09-27T11:18+00:00,"AliExpress public search page, ship-to KR, KRW"
watch roll travel case leather,1005006005568347,https://www.aliexpress.com/item/1005006005568347.html,1/2/3 슬롯 시계 롤 여행 케이스 휴대용 빈티지 가죽 시계 디스플레이 케이스 보관 상자 시계 주최자 남자 크리스마스 선물,11026,16300,1984,4.9,true,2023-09-03 00:00:00,2026-09-27T11:18+00:00,"AliExpress public search page, ship-to KR, KRW"
watch roll travel case leather,1005007714482582,https://www.aliexpress.com/item/1005007714482582.html,"엠버스 그린 럭셔리 시계 롤 - 1/2/3 슬롯 정품 가죽 시계 보관 여행용 케이스 (롤렉스, 파텍필립 시계용) 선물 상자",5576,23761,1920,4.9,true,2024-09-12 00:00:00,2026-09-27T11:18+00:00,"AliExpress public search page, ship-to KR, KRW"
watch roll travel case leather,1005006177543316,https://www.aliexpress.com/item/1005006177543316.html,시계 여행용 케이스 - 남성용 - 여성용 - 시계 롤 여행용 케이스 정리함 디스플레이 - 시계 케이스 - 6 슬롯 시계 상자 정리함,18789,36713,1282,4.9,true,2023-10-28 00:00:00,2026-09-27T11:18+00:00,"AliExpress public search page, ship-to KR, KRW"
watch roll travel case leather,1005006995217515,https://www.aliexpress.com/item/1005006995217515.html,시계 롤 여행 케이스 1/2/3 슬롯 휴대용 빈티지 가죽 시계 디스플레이 케이스 보관함 시계 정리함 남성 크리스마스 선물,4750,21509,1029,4.9,true,2024-05-16 00:00:00,2026-09-27T11:18+00:00,"AliExpress public search page, ship-to KR, KRW"
watch roll travel case leather,1005008318096622,https://www.aliexpress.com/item/1005008318096622.html,1/2/3 슬롯 맞춤형 시계 롤 여행 케이스 맞춤형 시계 케이스 그를위한 가죽 시계 상자 새겨진 여행 시계 상자 남성용 Gfits,15500,15158,923,4.9,true,2024-12-30 00:00:00,2026-09-27T11:18+00:00,"AliExpress public search page, ship-to KR, KRW"
golf putter cover mallet blade,1005007090928431,https://www.aliexpress.com/item/1005007090928431.html,레드 비행 전 제거 합성 가죽 골프 헤드 커버 스퀘어 대형 말렛 블레이드 퍼터 헤드 커버 460CC 드라이버 커버,6422,11783,675,4.9,false,2024-05-29 00:00:00,2026-09-27T11:18+00:00,"AliExpress public search page, ship-to KR, KRW"
golf putter cover mallet blade,1005002280624598,https://www.aliexpress.com/item/1005002280624598.html,블랙 PU 가죽 자수 골프 헤드 커버 드라이버 페어웨이 우드 하이브리드 블레이드 라지 말렛 퍼터 커버,1540,7000,335,5,false,2021-03-09 00:00:00,2026-09-27T11:18+00:00,"AliExpress public search page, ship-to KR, KRW"
golf putter cover mallet blade,1005008469327668,https://www.aliexpress.com/item/1005008469327668.html,"골프 퍼터 보호 커버, 퍼터 헤드 커버, 골프 말렛 퍼터 커버, 골프채 커버",1500,3925,263,4.5,true,2025-02-09 00:00:00,2026-09-27T11:18+00:00,"AliExpress public search page, ship-to KR, KRW"
golf putter cover mallet blade,1005003565006821,https://www.aliexpress.com/item/1005003565006821.html,골프 클럽 헤드커버 세트 알리엔나나 블랙 닌자 드라이버 헤드커버 페어웨이 골프 헤드커버 하이브리드 블레이드 퍼터 말렛 퍼터 커버,9340,26639,231,4.7,false,2021-11-16 00:00:00,2026-09-27T11:18+00:00,"AliExpress public search page, ship-to KR, KRW"
golf putter cover mallet blade,1005009724509598,https://www.aliexpress.com/item/1005009724509598.html,1pc 골프 말렛 퍼터 헤드 커버 보호대 DF3 퍼터 등을위한 마그네틱 클로저 말렛 퍼터 커버 (5.1''x5.5''),3750,17929,213,4.8,true,2025-08-12 00:00:00,2026-09-27T11:18+00:00,"AliExpress public search page, ship-to KR, KRW"
golf putter cover mallet blade,1005003396317011,https://www.aliexpress.com/item/1005003396317011.html,자수 패턴 골프 퍼터 커버 PU 가죽 대형 말렛 골프 헤드 커버 마그네틱 잠금 골프 헤드 커버,3987,9399,195,4.8,false,2021-10-12 00:00:00,2026-09-27T11:18+00:00,"AliExpress public search page, ship-to KR, KRW"
golf putter cover mallet blade,1005009741170725,https://www.aliexpress.com/item/1005009741170725.html,"1pc 퍼터 헤드 커버, '클로버' 패턴 골프 퍼터 커버, 보호 골프 클럽 커버 및 말렛 퍼터 헤드 커버",5250,24931,183,4.8,true,2025-08-14 00:00:00,2026-09-27T11:18+00:00,"AliExpress public search page, ship-to KR, KRW"
golf putter cover mallet blade,1005008980647051,https://www.aliexpress.com/item/1005008980647051.html,"재미 있은 골프 헤드 커버 골프 클럽 헤드 커버 번호 18 골프 블레이드 말렛 퍼터 커버, 남성용 골퍼를위한 훌륭한 골프 액세서리",4000,18472,180,4.8,true,2025-05-07 00:00:00,2026-09-27T11:18+00:00,"AliExpress public search page, ship-to KR, KRW"
golf putter cover mallet blade,1005010176358501,https://www.aliexpress.com/item/1005010176358501.html,"재미있는 골프 말렛 블레이드 퍼터 커버 강력한 자석 잠금장치가 있는 골프 클럽 커버, 남성 골퍼 아버지를 위한 선물 골프 액세서리",5250,24651,143,4.9,true,2025-10-16 00:00:00,2026-09-27T11:18+00:00,"AliExpress public search page, ship-to KR, KRW"
golf putter cover mallet blade,1005006815096737,https://www.aliexpress.com/item/1005006815096737.html,"골프 퍼터 헤드 커버 마그네틱 말렛 블레이드 헤드 커버, USA 스타 스트라이프, 독수리 플래그 디자인, 자석 클로저, 모든 퍼터에 적합",4500,21119,129,4.5,true,2024-04-09 00:00:00,2026-09-27T11:18+00:00,"AliExpress public search page, ship-to KR, KRW"
leather desk mat,1005007082286046,https://www.aliexpress.com/item/1005007082286046.html,"대형 마우스 패드, 사무실 책상 매트, 가죽 책상 보호 매트, 미끄럼 방지 PU 가죽 데스크 블로터, 노트북 책상 패드",4620,4528,22688,4.7,true,2024-05-27 00:00:00,2026-09-27T11:04+00:00,"AliExpress public search page, ship-to KR, KRW"
leather desk mat,1005010444923723,https://www.aliexpress.com/item/1005010444923723.html,"1개 대형 인조 가죽 마우스 패드, 미끄럼 방지 방수 책상 패드, 사무실용, 책상용, 청소가 쉬운 마우스 패드",1750,7787,8099,4.5,true,2025-11-26 00:00:00,2026-09-27T11:04+00:00,"AliExpress public search page, ship-to KR, KRW"
leather desk mat,1005008233296985,https://www.aliexpress.com/item/1005008233296985.html,데스크 패드 방수 PU 마우스 패드 데스크 매트 보호 커버 대형 마우스 패드 컴퓨터 노트북 미끄럼 방지 청소가 쉬운 키보드 매트,1500,6747,7826,4.7,true,2024-12-11 00:00:00,2026-09-27T11:04+00:00,"AliExpress public search page, ship-to KR, KRW"
leather desk mat,1005007615701125,https://www.aliexpress.com/item/1005007615701125.html,마우스 패드 대형 사무실 책상 보호대 매트 PU 가죽 방수 데스크탑 키보드 데스크 패드 게임용 마우스 패드 PC 액세서리,2000,8960,7534,4.7,true,2024-09-01 00:00:00,2026-09-27T11:04+00:00,"AliExpress public search page, ship-to KR, KRW"
leather desk mat,1005009493424592,https://www.aliexpress.com/item/1005009493424592.html,"마우스 패드 대형 사무실 책상 매트, 방수 PU 가죽 데스크탑 키보드 데스크 패드 게임용 마우스패드 가정용 책상 필기 패드",4880,4768,5866,4.6,true,2025-07-13 00:00:00,2026-09-27T11:04+00:00,"AliExpress public search page, ship-to KR, KRW"
leather desk mat,1005009760662550,https://www.aliexpress.com/item/1005009760662550.html,PU 가죽 마우스 패드 사무실 용 책상 매트 솔리드 컬러 게임 방수 미끄럼 방지 컴퓨터 패드 키보드 패드,1500,7315,5395,4.4,true,2025-08-18 00:00:00,2026-09-27T11:04+00:00,"AliExpress public search page, ship-to KR, KRW"
leather desk mat,1005008002191649,https://www.aliexpress.com/item/1005008002191649.html,"작은 크기의 PU 마우스 패드, 미끄럼 방지 기능, 게임용, 데스크톱용, 가죽 재질, 방수 기능, 긁힘 방지, 세척이 용이한 PC, 노트북, 데스크톱용 마우스 패드",1500,2392,5224,4.5,true,2024-10-30 00:00:00,2026-09-27T11:04+00:00,"AliExpress public search page, ship-to KR, KRW"
leather desk mat,1005010112567426,https://www.aliexpress.com/item/1005010112567426.html,"데스크 패드 보호대, 마우스 패드, 사무실 책상 매트, 스티치 마감 처리된 논슬립 PU 가죽 데스크 블로터 (사무실, 가정, 학교용)",7300,7148,2533,4.7,true,2025-10-09 00:00:00,2026-09-27T11:04+00:00,"AliExpress public search page, ship-to KR, KRW"
leather desk mat,1005008288034683,https://www.aliexpress.com/item/1005008288034683.html,Baseus 마우스 패드 PU 가죽 26*21cm 방수 마우스 패드 미끄럼 방지 데스크 매트 PC 게이머 데스크탑 컴퓨터 액세서리 마우스 마우스 패드,1500,2918,2385,4.3,true,2024-12-23 00:00:00,2026-09-27T11:04+00:00,"AliExpress public search page, ship-to KR, KRW"
leather desk mat,1005009533136504,https://www.aliexpress.com/item/1005009533136504.html,크리 에이 티브 유니버설 안티-슬립 마우스 패드 가죽 게임 마우스 매트 새로운 책상 쿠션 패션 노트북 PC MacBook에 편안함,1000,4750,1939,4.8,true,2025-07-18 00:00:00,2026-09-27T11:04+00:00,"AliExpress public search page, ship-to KR, KRW"
leather desk mat,1005006582835364,https://www.aliexpress.com/item/1005006582835364.html,홈 오피스 대형 마우스 패드 게이머 방수 PU 데스크 매트 컴퓨터 마우스 패드 키보드 패드 테이블 커버 게임 마우스 패드,3000,13913,1732,4.6,true,2024-02-21 00:00:00,2026-09-27T11:04+00:00,"AliExpress public search page, ship-to KR, KRW"
leather desk mat,1005004448707775,https://www.aliexpress.com/item/1005004448707775.html,"접이식 팔꿈치 보호대, 손목 보호대, PU 소재 사무용 데스크 매트, 대형 마우스 패드, 노트북/컴퓨터용 데스크 패드, 게이밍 마우스 패드, 테이블 매트, 쿠션",4347,10437,1585,4.4,true,2022-06-24 00:00:00,2026-09-27T11:04+00:00,"AliExpress public search page, ship-to KR, KRW"
leather desk mat,1005009112133034,https://www.aliexpress.com/item/1005009112133034.html,"가죽 책상 패드 보호대, 대형 마우스 패드, 사무실 책상 매트, 가장자리가 스티치된 미끄럼 방지 PU 가죽 책상 흡착지, 데스크탑 매트",1500,4468,1438,4.5,false,2025-05-24 00:00:00,2026-09-27T11:04+00:00,"AliExpress public search page, ship-to KR, KRW"
leather desk mat,1005009668701491,https://www.aliexpress.com/item/1005009668701491.html,데스크 매트 방수 PU 마우스 패드 대형 마우스패드 노트북 미끄럼 방지 데스크 패드 키보드 매트 마우스 매트 마우스 손목 보호대 3종 세트,5764,11825,1384,4.6,true,2025-08-05 00:00:00,2026-09-27T11:04+00:00,"AliExpress public search page, ship-to KR, KRW"
leather desk mat,1005007539704945,https://www.aliexpress.com/item/1005007539704945.html,대형 컴퓨터 마우스 패드 게이밍 마우스패드 방수 PU 가죽 마우스 매트 게이머 XXL 마우스 카펫 PC 데스크 매트 키보드 패드,3500,15653,1257,4.9,true,2024-08-13 00:00:00,2026-09-27T11:04+00:00,"AliExpress public search page, ship-to KR, KRW"
leather desk mat,1005006728761220,https://www.aliexpress.com/item/1005006728761220.html,(LETO) 레토 가죽 마우스 장패드 데스크패드 키보드 게이밍장패드 800x400 LMP002XL,8772,12900,1187,4.8,false,2024-03-21 00:00:00,2026-09-27T11:04+00:00,"AliExpress public search page, ship-to KR, KRW"
leather desk mat,1005010618261324,https://www.aliexpress.com/item/1005010618261324.html,가죽 책상 패드 보호대 핑크 딸기 케이크 소녀 귀여운 마우스 패드 사무실 책상 매트 방수 미끄럼 방지 PU 책상 블로터 패드,3750,7899,989,4.3,true,2025-12-20 00:00:00,2026-09-27T11:04+00:00,"AliExpress public search page, ship-to KR, KRW"
leather desk mat,1005009130222013,https://www.aliexpress.com/item/1005009130222013.html,소형 PU 마우스 패드 미끄럼 방지 게임용 데스크탑 가죽 마우스 패드 방수 스크래치 방지 PC 노트북 데스크탑용 세척 용이 매트,1500,2055,867,4.6,true,2025-05-27 00:00:00,2026-09-27T11:04+00:00,"AliExpress public search page, ship-to KR, KRW"
leather desk mat,1005005935784993,https://www.aliexpress.com/item/1005005935784993.html,대형 컴퓨터 마우스 패드 게이밍 마우스패드 방수 PU 가죽 마우스 매트 게이머 XXL 마우스 카펫 PC 데스크 매트 키보드 패드,3750,17612,785,4.8,true,2023-08-10 00:00:00,2026-09-27T11:04+00:00,"AliExpress public search page, ship-to KR, KRW"
leather desk mat,1005007079498156,https://www.aliexpress.com/item/1005007079498156.html,"양면 데스크 패드, 가죽 데스크 매트, 에코 코르크 데스크 패드 보호대, 대형 마우스 패드, 사무실/가정용 방수 데스크 블로터",1500,4804,719,4.6,true,2024-05-27 00:00:00,2026-09-27T11:04+00:00,"AliExpress public search page, ship-to KR, KRW"
monitor stand riser,1005006727810115,https://www.aliexpress.com/item/1005006727810115.html,컴퓨터 모니터 높이 조절 받침대 홈 오피스 수납 선반 컴퓨터 데스크탑 창의적 수납 선반 사무용품,2500,11442,5226,4.9,true,2024-03-21 00:00:00,2026-09-27T11:05+00:00,"AliExpress public search page, ship-to KR, KRW"
monitor stand riser,1005008868290423,https://www.aliexpress.com/item/1005008868290423.html,범용 단일 모니터 브래킷 최대 32인치 및 화면당 19.8파운드 컴퓨터 책상 마운트 스탠드 조정 가능한 컴퓨터 브래킷,19074,50768,4549,4.7,true,2025-04-21 00:00:00,2026-09-27T11:05+00:00,"AliExpress public search page, ship-to KR, KRW"
monitor stand riser,1005007344899587,https://www.aliexpress.com/item/1005007344899587.html,"유니버설 싱글 모니터 브래킷 32인치 데스크 마운트 스탠드 (화면당 최대 19.8파운드, 조절 가능한 컴퓨터 스탠드)",17900,35738,2917,4.9,true,2024-09-05 00:00:00,2026-09-27T11:05+00:00,"AliExpress public search page, ship-to KR, KRW"
monitor stand riser,1005008157415569,https://www.aliexpress.com/item/1005008157415569.html,조절 가능한 컴퓨터 랙 텔레스코픽 데스크 모니터 홀더 높이 조절 PC 화면 스탠드 목의 피로 완화 사무실 수납 용품,4500,20680,2831,4.8,true,2024-11-27 00:00:00,2026-09-27T11:05+00:00,"AliExpress public search page, ship-to KR, KRW"
monitor stand riser,1005010526824782,https://www.aliexpress.com/item/1005010526824782.html,컴퓨터 모니터 높이 조절 받침대 홈 오피스 수납 선반 컴퓨터 데스크탑 창의적 수납 선반 사무용품,8230,17140,2509,4.5,true,2025-12-08 00:00:00,2026-09-27T11:05+00:00,"AliExpress public search page, ship-to KR, KRW"
monitor stand riser,1005008401036552,https://www.aliexpress.com/item/1005008401036552.html,"13인치~32인치 화면용 듀얼 모니터 마운트, 조정 가능한 듀얼 모니터 스탠드, 180도 포함 °   회전, 기울기, 360 °   홈 오피스를 위한 회전",39256,89751,1603,4.6,true,2025-01-19 00:00:00,2026-09-27T11:05+00:00,"AliExpress public search page, ship-to KR, KRW"
monitor stand riser,1005010552384641,https://www.aliexpress.com/item/1005010552384641.html,"데스크탑 컴퓨터 라이저 스탠드, 기숙사 책상에 이상적—모니터를 높여 인체공학적 설계를 개선하고 아래 공간을 절약합니다",3750,17370,1324,4.6,true,2025-12-11 00:00:00,2026-09-27T11:05+00:00,"AliExpress public search page, ship-to KR, KRW"
monitor stand riser,1005007274162662,https://www.aliexpress.com/item/1005007274162662.html,"모니터 스탠드 라이저, 접이식, 높이 조절 가능한 컴퓨터 스탠드, 수납 서랍 및 태블릿 폰이 있는 책상 선반 라이저",17714,49690,890,4.7,true,2024-06-28 00:00:00,2026-09-27T11:05+00:00,"AliExpress public search page, ship-to KR, KRW"
monitor stand riser,1005006884834435,https://www.aliexpress.com/item/1005006884834435.html,킵로 휴대용 모니터 스탠드 높이 조절 가능 베사 모니터 태블릿 스탠드 독립형 로우 프로파일 데스크 마운트 모니터 지원,6250,30595,807,4.7,true,2024-04-23 00:00:00,2026-09-27T11:05+00:00,"AliExpress public search page, ship-to KR, KRW"
monitor stand riser,1005007266820339,https://www.aliexpress.com/item/1005007266820339.html,심플한 수납 선반 노트북 컴퓨터 스탠드 데스크탑 컴퓨터 화면 높이 조절 가능한 데스크탑 수납 및 수납 패드,5000,33910,801,4.4,true,2024-06-27 00:00:00,2026-09-27T11:05+00:00,"AliExpress public search page, ship-to KR, KRW"
monitor stand riser,1005010535883842,https://www.aliexpress.com/item/1005010535883842.html,조절 가능한 모니터 스탠드 높이 휴대용 베사 모니터 태블릿 홀더 최대 24cm 스탠딩 태블릿 브래킷 데스크 마운트 넓은 베이스,4750,21280,797,4.8,true,2025-12-10 00:00:00,2026-09-27T11:05+00:00,"AliExpress public search page, ship-to KR, KRW"
monitor stand riser,1005008077742032,https://www.aliexpress.com/item/1005008077742032.html,13~32인치 화면용 조절 가능한 듀얼 모니터 스탠드(180도) °   회전 틸트 360 °   회전형 - 홈 오피스 컴퓨터 모니터 마운트,41199,93598,791,4.9,true,2024-11-12 00:00:00,2026-09-27T11:05+00:00,"AliExpress public search page, ship-to KR, KRW"
monitor stand riser,1005006861679944,https://www.aliexpress.com/item/1005006861679944.html,듀얼 모니터 최대 32인치 및 화면당 19.8lbs 기계식 암 데스크 마운트 VESA 100x100mm 높이 조절 가능 모니터 스탠드,40900,81739,790,4.9,true,2024-04-19 00:00:00,2026-09-27T11:05+00:00,"AliExpress public search page, ship-to KR, KRW"
monitor stand riser,1005009986457667,https://www.aliexpress.com/item/1005009986457667.html,12인치-17.3인치용 휴대용 모니터 스탠드 360 °   조절 가능한 회전 브래킷 태블릿 홀더 태블릿 데스크탑 클램프 스탠드 호환,16114,46277,572,4.8,false,2025-09-17 00:00:00,2026-09-27T11:05+00:00,"AliExpress public search page, ship-to KR, KRW"
monitor stand riser,1005006240566463,https://www.aliexpress.com/item/1005006240566463.html,"UPERFECT 360° 회전 휴대용 모니터 스탠드 높이 조절 가능 Vesa 모니터 태블릿 프리 스탠딩 로우 프로파일 데스크 마운트 최대 17.3""",10125,25699,507,4.8,false,2023-11-15 00:00:00,2026-09-27T11:05+00:00,"AliExpress public search page, ship-to KR, KRW"
monitor stand riser,1005006729235044,https://www.aliexpress.com/item/1005006729235044.html,(LETO) 레토 높이조절 컴퓨터 모니터 받침대 선반 스탠드 LMS-A07,6166,15900,481,4.9,false,2024-03-21 00:00:00,2026-09-27T11:05+00:00,"AliExpress public search page, ship-to KR, KRW"
monitor stand riser,1005006305551599,https://www.aliexpress.com/item/1005006305551599.html,UPERFECT VESA 모니터 데스크 마운트 싱글 모니터 스탠드 독립형 높이 조절 홀더가 있는 12인치~22인치 컴퓨터 화면에 적합,23003,56083,406,4.9,false,2023-12-05 00:00:00,2026-09-27T11:05+00:00,"AliExpress public search page, ship-to KR, KRW"
monitor stand riser,1005010089239126,https://www.aliexpress.com/item/1005010089239126.html,"듀얼 모니터 스탠드, 최대 27인치 화면 지원, 범용 독립형 모니터 스탠드, 높이 조절, 기울기 조절, 회전 가능",22600,47042,396,4.9,true,2025-10-02 00:00:00,2026-09-27T11:05+00:00,"AliExpress public search page, ship-to KR, KRW"
monitor stand riser,1005007367902434,https://www.aliexpress.com/item/1005007367902434.html,"조정 가능한 접이식 데스크탑 스탠드, TV 화면 상단 선반, 컴퓨터 모니터 박스 라우터, 사무실 셋톱 박스 플레이어 스탠드, 가정 용품",1500,12885,383,4.7,true,2024-07-14 00:00:00,2026-09-27T11:05+00:00,"AliExpress public search page, ship-to KR, KRW"
monitor stand riser,1005007130618860,https://www.aliexpress.com/item/1005007130618860.html,"컴퓨터 모니터 높이 모니터 베이스 홈 오피스 스토리지 랙, 컴퓨터 데스크탑 크리에이티브 스토리지 랙, 사무실 스토리지 용품",8830,18794,333,4.4,true,2024-06-05 00:00:00,2026-09-27T11:05+00:00,"AliExpress public search page, ship-to KR, KRW"
cable organizer clips desk,1005009916313017,https://www.aliexpress.com/item/1005009916313017.html,"자석식 케이블 클립 케이블 홀더, 접착식 와이어 키퍼 코드 케이블 정리기, 사무실 데스크탑 가정용 USB 충전 케이블 와인더",750,3513,81415,4.9,true,2025-09-08 00:00:00,2026-09-27T11:05+00:00,"AliExpress public search page, ship-to KR, KRW"
cable organizer clips desk,1005008807423339,https://www.aliexpress.com/item/1005008807423339.html,"iLMH 비자성 강력형 ​ 케이블 클립 조절식 코드 홀더, 접착식 책상 아래 정리함, 가정 사무실 자동차 벽면 데스크탑용",500,2953,77277,4.5,true,2025-04-11 00:00:00,2026-09-27T11:05+00:00,"AliExpress public search page, ship-to KR, KRW"
cable organizer clips desk,1005007371549814,https://www.aliexpress.com/item/1005007371549814.html,"VIKEFON 케이블 코드 와이어 정리함 실리콘 USB 케이블 와인더 관리 클립, 아이폰용 마우스 키보드 헤드셋용 자체 접착",750,4205,73107,4.7,true,2024-07-15 00:00:00,2026-09-27T11:05+00:00,"AliExpress public search page, ship-to KR, KRW"
cable organizer clips desk,1005007360384344,https://www.aliexpress.com/item/1005007360384344.html,"케이블 정리함 클립 코드 거치대 데스크탑 워크스테이션 와이어 관리자, USB 충전 데이터 라인 보빈 와인더 케이블 관리, 30 개",500,6149,60152,4.8,true,2024-07-13 00:00:00,2026-09-27T11:05+00:00,"AliExpress public search page, ship-to KR, KRW"
cable organizer clips desk,1005008565155083,https://www.aliexpress.com/item/1005008565155083.html,마그네틱 케이블 클립 케이블 홀더 접착 와이어 키퍼 코드 케이블 주최자 책상 관리 아래 홈 오피스,500,3722,57795,4.6,true,2025-02-27 00:00:00,2026-09-27T11:05+00:00,"AliExpress public search page, ship-to KR, KRW"
cable organizer clips desk,1005006732888241,https://www.aliexpress.com/item/1005006732888241.html,"접착 케이블 거치대 클립 코드 관리 와이어 정리함, 데스크탑용 USB 충전 케이블, 나이트 스탠드 전원 코드, 마우스 케이블",750,3522,52611,4.7,true,2024-03-21 00:00:00,2026-09-27T11:05+00:00,"AliExpress public search page, ship-to KR, KRW"
cable organizer clips desk,1005009384662260,https://www.aliexpress.com/item/1005009384662260.html,50개 접착식 케이블 와이어 클립 투명 케이블 야외 케이블 정리 와이어 정리대 책상 아래 차량 벽 TV 케이블 홀더,1500,6746,44303,4.9,true,2025-06-30 00:00:00,2026-09-27T11:05+00:00,"AliExpress public search page, ship-to KR, KRW"
cable organizer clips desk,1005008222543759,https://www.aliexpress.com/item/1005008222543759.html,10/20/50PCS 케이블 주최자 클립 와이어 와인 더 홀더 보호기 USB 케이블 관리 접착 후크 홈 오피스 용 데스크 클램프,1000,4804,40269,4.7,true,2024-12-09 00:00:00,2026-09-27T11:05+00:00,"AliExpress public search page, ship-to KR, KRW"
cable organizer clips desk,1005007539924957,https://www.aliexpress.com/item/1005007539924957.html,20PCS 케이블 클립 와인 더 주최자 라운드 충전기 코드 클립 데스크 깔끔한 관리 와이어 접착 홀더 클램프 홈 오피스 자동차,1500,3764,35996,4.9,true,2024-08-16 00:00:00,2026-09-27T11:05+00:00,"AliExpress public search page, ship-to KR, KRW"
cable organizer clips desk,1005008875617515,https://www.aliexpress.com/item/1005008875617515.html,5/50Pcs 미니 케이블 와인 더 주최자 USB 충전 케이블 클립 데스크 깔끔한 주최자 홈 오피스 자동차에 와이어 코드 홀더 프로텍터,1500,3300,29793,4.7,true,2025-04-21 00:00:00,2026-09-27T11:05+00:00,"AliExpress public search page, ship-to KR, KRW"
cable organizer clips desk,1005005187560671,https://www.aliexpress.com/item/1005005187560671.html,케이블 정리 클립 케이블 관리 데스크탑 및 워크스테이션 ABS 와이어 관리자 코드 홀더 USB 충전 데이터 라인 보빈 와인더,500,5761,25665,4.7,true,2023-02-06 00:00:00,2026-09-27T11:05+00:00,"AliExpress public search page, ship-to KR, KRW"
cable organizer clips desk,1005006861238003,https://www.aliexpress.com/item/1005006861238003.html,자체 접착 케이블 정리 클립 와이어 와인 더 홀더 이어폰 마우스 코드 클립 보호기 USB 케이블 관리 클립 와이어 관리,1250,5665,20801,4.9,true,2024-04-21 00:00:00,2026-09-27T11:05+00:00,"AliExpress public search page, ship-to KR, KRW"
cable organizer clips desk,1005005483414204,https://www.aliexpress.com/item/1005005483414204.html,"케이블 정리함 클립, 케이블 관리 와이어 관리자 코드 거치대, USB 충전 데이터 라인, 보빈 와인더, 벽걸이 후크, 50 개",500,5451,20390,4.8,true,2023-04-20 00:00:00,2026-09-27T11:05+00:00,"AliExpress public search page, ship-to KR, KRW"
cable organizer clips desk,1005008800241244,https://www.aliexpress.com/item/1005008800241244.html,접착 케이블 홀더 클립 데스크탑 USB 충전 케이블 용 코드 관리 와이어 주최자 나이트 스탠드 전원 코드 마우스 케이블,750,3317,18501,4.8,true,2025-04-10 00:00:00,2026-09-27T11:05+00:00,"AliExpress public search page, ship-to KR, KRW"
cable organizer clips desk,1005006741177149,https://www.aliexpress.com/item/1005006741177149.html,케이블 고정 클립 케이블 와이어 정렬 버클 섀시 주최자 19*47 흑백 주최자,2000,4165,16922,4.9,true,2024-03-24 00:00:00,2026-09-27T11:05+00:00,"AliExpress public search page, ship-to KR, KRW"
cable organizer clips desk,1005006863888177,https://www.aliexpress.com/item/1005006863888177.html,20/5PCS USB 케이블 주최자 클립 와이어 와인 더 홀더 이어폰 마우스 코드 클립 보호기 관리 접착 후크 데스크 클램프,750,3121,16255,4.9,true,2024-04-18 00:00:00,2026-09-27T11:05+00:00,"AliExpress public search page, ship-to KR, KRW"
cable organizer clips desk,1005012479730339,https://www.aliexpress.com/item/1005012479730339.html,5/20/40/60Pcs 케이블 클립 와인더 와이어 프로텍터 고정 장치 홀더 마우스 헤드셋 와이어 보관을 위한 자체 접착식 데스크탑 정리 관리,2240,4457,15602,4.9,true,2026-06-09 00:00:00,2026-09-27T11:05+00:00,"AliExpress public search page, ship-to KR, KRW"
cable organizer clips desk,1005006301568928,https://www.aliexpress.com/item/1005006301568928.html,"Toocki 케이블 정리함 3 5 7 홀 케이블 와인더, 유연한 와이어 관리 클립, 케이블 클리어런스 코드 보호대 충전기용",500,4860,14892,4.9,true,2023-12-04 00:00:00,2026-09-27T11:05+00:00,"AliExpress public search page, ship-to KR, KRW"
cable organizer clips desk,1005007822725050,https://www.aliexpress.com/item/1005007822725050.html,1/3/6/12개 자석 케이블 클립 케이블 조절식 코드 홀더 책상 아래 케이블 정리 와이어 키퍼 코드 정리 홀더,2000,4278,14043,4.9,true,2024-09-29 00:00:00,2026-09-27T11:05+00:00,"AliExpress public search page, ship-to KR, KRW"
cable organizer clips desk,1005005705251081,https://www.aliexpress.com/item/1005005705251081.html,케이블 주최자 클립 와이어 와인 더 홀더 코드 보호기 USB 케이블 관리 접착 후크 자동차 이어폰 마우스 용 데스크 클램프,500,6047,13624,4.7,true,2023-06-13 00:00:00,2026-09-27T11:05+00:00,"AliExpress public search page, ship-to KR, KRW"
aluminum laptop stand,1005010759406824,https://www.aliexpress.com/item/1005010759406824.html,"조절 가능한 노트북 거치대 2개 세트, 접이식 2단 높이 조절 노트북 받침대, 휴대용 데스크탑 높이 조절 홀더 (가정 및 사무실용)",1201,2402,33496,4.9,true,2026-01-09 00:00:00,2026-09-27T11:05+00:00,"AliExpress public search page, ship-to KR, KRW"
aluminum laptop stand,1005007562753306,https://www.aliexpress.com/item/1005007562753306.html,"조정 가능한 알루미늄 노트북 스탠드 - 8~16인치 노트북을 위한 6단계 높이, 접이식 및 휴대용 디자인, 향상된 환기 및 열",1750,8837,22677,4.7,true,2024-08-17 00:00:00,2026-09-27T11:05+00:00,"AliExpress public search page, ship-to KR, KRW"
aluminum laptop stand,1005011940143389,https://www.aliexpress.com/item/1005011940143389.html,"휴대용 접이식 노트북 스탠드, 책상용, 인체공학적 디자인, 8단계 높이 조절 가능, 삼각대 형태, 휴대 및 사용이 편리함.",2680,5581,20856,4.9,true,2026-03-25 00:00:00,2026-09-27T11:05+00:00,"AliExpress public search page, ship-to KR, KRW"
aluminum laptop stand,1005008693526129,https://www.aliexpress.com/item/1005008693526129.html,YYLM N8 노트북 스탠드 알루미늄 Macbook 조정 가능한 휴대용 더 많은 Stabe 노트북 스탠드 냉각 스탠드 접이식 노트북 홀더,6000,26714,13627,4.6,true,2025-03-23 00:00:00,2026-09-27T11:05+00:00,"AliExpress public search page, ship-to KR, KRW"
aluminum laptop stand,1005006863862389,https://www.aliexpress.com/item/1005006863862389.html,알루미늄 합금 노트북 홀더 스탠드 조정 가능한 접이식 휴대용 노트북 컴퓨터 브래킷 리프팅 냉각 홀더 미끄럼 방지,1500,6145,8867,4.9,true,2024-04-24 00:00:00,2026-09-27T11:05+00:00,"AliExpress public search page, ship-to KR, KRW"
aluminum laptop stand,1005007118062140,https://www.aliexpress.com/item/1005007118062140.html,"조절 가능한 접이식 노트북 스탠드, 휴대용 노트북 브래킷, 지지대 베이스, 알루미늄 합금 거치대, 맥북 PC 액세서리 ,Foldable Laptop Stand Adjustable Portable Notebook Bracket Support Base Aluminum Alloy Holder For Macbook PC Accessories",1500,4573,8858,4.4,true,2024-06-03 00:00:00,2026-09-27T11:05+00:00,"AliExpress public search page, ship-to KR, KRW"
aluminum laptop stand,1005006013195858,https://www.aliexpress.com/item/1005006013195858.html,"Baseus 접이식 노트북 스탠드, 휴대용 노트북 지지대 베이스 거치대, 조절식 라이저 냉각 브래킷, 노트북 태블릿용 범용",4000,18126,7202,4.9,false,2023-09-05 00:00:00,2026-09-27T11:05+00:00,"AliExpress public search page, ship-to KR, KRW"
aluminum laptop stand,1005007038139855,https://www.aliexpress.com/item/1005007038139855.html,Xnyocn 노트북 스탠드 알루미늄 합금 미니 접이식 홀더 3 높이 조정 노트북 Macbook 스마트 폰용 브래킷 액세서리,1000,4073,4846,4.9,true,2024-05-22 00:00:00,2026-09-27T11:05+00:00,"AliExpress public search page, ship-to KR, KRW"
aluminum laptop stand,1005009448449057,https://www.aliexpress.com/item/1005009448449057.html,"접이식 노트북 스탠드 조정 가능한 휴대용 노트북 브래킷 지원 Macbook 노트북 PC 액세서리 용 알루미늄 합금 홀더 ,Foldable Laptop Stand Adjustable Portable Notebook Bracket Support Base Aluminum Alloy Holder For Macbook Laptop PC Accessories",1500,4532,4105,4.4,true,2025-07-08 00:00:00,2026-09-27T11:05+00:00,"AliExpress public search page, ship-to KR, KRW"
aluminum laptop stand,1005007345090088,https://www.aliexpress.com/item/1005007345090088.html,"UGREEN 수직 알루미늄 휴대용 노트북 스탠드, 노트북 지지대, 맥북 에어 프로 태블릿 폰 스탠드",12469,38240,3742,4.9,false,2024-07-10 00:00:00,2026-09-27T11:05+00:00,"AliExpress public search page, ship-to KR, KRW"
aluminum laptop stand,1005010115640835,https://www.aliexpress.com/item/1005010115640835.html,조정 가능한 알루미늄 합금 노트북 홀더 노트북 스탠드 리프팅 냉각 브래킷 맥북 레노버 휴대용 컴퓨터 액세서리,6640,13560,3442,4.5,true,2025-10-09 00:00:00,2026-09-27T11:05+00:00,"AliExpress public search page, ship-to KR, KRW"
aluminum laptop stand,1005005605228469,https://www.aliexpress.com/item/1005005605228469.html,Xnyocn 노트북 스탠드 알루미늄 합금 미니 접이식 홀더 3 높이 조정 노트북 Macbook 스마트 폰용 브래킷 액세서리,2750,5982,3183,4.7,true,2023-05-23 00:00:00,2026-09-27T11:05+00:00,"AliExpress public search page, ship-to KR, KRW"
aluminum laptop stand,1005005757050899,https://www.aliexpress.com/item/1005005757050899.html,접이식 노트북 스탠드 360 ° 회전 노트북 테이블 알루미늄 합금 홀더 열 방출 기능이 있는 휴대용 책 태블릿 브래킷,29150,73829,3033,4.9,true,2023-06-26 00:00:00,2026-09-27T11:05+00:00,"AliExpress public search page, ship-to KR, KRW"
aluminum laptop stand,1005011986766381,https://www.aliexpress.com/item/1005011986766381.html,"고효율 알루미늄 합금 노트북 스탠드, 각도 조절 가능, 방열 기능, 휴대 및 접이식",3500,15903,3003,4.6,true,2026-03-31 00:00:00,2026-09-27T11:05+00:00,"AliExpress public search page, ship-to KR, KRW"
aluminum laptop stand,1005005466056231,https://www.aliexpress.com/item/1005005466056231.html,컴퓨터 키보드 홀더 용 Baseus 노트북 킥 스탠드 Macbook Xiaomi 노트북 알루미늄 지원을위한 미니 휴대용 노트북 스탠드,3750,19086,2946,4.9,false,2023-04-16 00:00:00,2026-09-27T11:05+00:00,"AliExpress public search page, ship-to KR, KRW"
aluminum laptop stand,1005007345076620,https://www.aliexpress.com/item/1005007345076620.html,"UGREEN 수직 노트북 스탠드, 트리플 슬롯 알루미늄 노트북 스탠드, 맥북 에어 프로 태블릿 아이패드 폰 거치대",12848,39390,2921,4.9,false,2024-07-10 00:00:00,2026-09-27T11:05+00:00,"AliExpress public search page, ship-to KR, KRW"
aluminum laptop stand,1005005691395884,https://www.aliexpress.com/item/1005005691395884.html,휴대폰 태블릿 스탠드 조절 가능한 알루미늄 합금 노트북 태블릿 최대 17인치 노트북 휴대용 접이식 스탠드 쿨링 스탠드 지원,5500,26184,2740,4.5,true,2023-06-09 00:00:00,2026-09-27T11:05+00:00,"AliExpress public search page, ship-to KR, KRW"
aluminum laptop stand,1005007822683169,https://www.aliexpress.com/item/1005007822683169.html,접이식 조절 가능 알루미늄 컴퓨터 PC 태블릿 스탠드 노트북 테이블 홀더 열 방출용 노트북 스탠드,1250,5748,2731,4.9,true,2024-09-29 00:00:00,2026-09-27T11:05+00:00,"AliExpress public search page, ship-to KR, KRW"
aluminum laptop stand,1005010560578381,https://www.aliexpress.com/item/1005010560578381.html,맥북 노트북 스탠드 접이식 조절 가능 알루미늄 컴퓨터 PC 태블릿 스탠드 노트북 홀더 열 방출,3750,18105,2455,4.5,true,2025-12-13 00:00:00,2026-09-27T11:05+00:00,"AliExpress public search page, ship-to KR, KRW"
aluminum laptop stand,1005002593012680,https://www.aliexpress.com/item/1005002593012680.html,UGREEN 노트북 스탠드 홀더 Macbook Air Pro 접이식 알루미늄 수직 노트북 스탠드 노트북 지원 Macbook Pro Tablet Stand,16412,36052,2206,5,false,2021-05-06 00:00:00,2026-09-27T11:05+00:00,"AliExpress public search page, ship-to KR, KRW"
keyboard wrist rest,1005010089119692,https://www.aliexpress.com/item/1005010089119692.html,"키보드용 손목 받침대가 있는 인체공학적 마우스 패드, 손목 받침대가 있는 클라우드 미끄럼 방지 데스크탑 오피스 게이머 마우스 패드",1750,8292,7896,4.9,true,2025-10-02 00:00:00,2026-09-27T11:05+00:00,"AliExpress public search page, ship-to KR, KRW"
keyboard wrist rest,1005012172797501,https://www.aliexpress.com/item/1005012172797501.html,키보드 마우스 손목 받침대 인체공학적 사무용 타이핑 보호 휴식 손목 메모리 폼 마우스 패드 컴퓨터 노트북 마우스 패드,4100,8183,1964,4.9,true,2026-04-25 00:00:00,2026-09-27T11:05+00:00,"AliExpress public search page, ship-to KR, KRW"
keyboard wrist rest,1005008831312527,https://www.aliexpress.com/item/1005008831312527.html,접이식 인체 공학적 컴퓨터 책상 팔걸이 패드 손목 받침대 키보드 팔걸이 확장기 회전 마우스 패드 홀더 랙 지원,10500,21986,1552,4.6,true,2025-04-15 00:00:00,2026-09-27T11:05+00:00,"AliExpress public search page, ship-to KR, KRW"
keyboard wrist rest,1005010348324832,https://www.aliexpress.com/item/1005010348324832.html,새로운 키보드 손목 받침대 미끄럼 방지 마우스 패드 PC 컴퓨터 게임용 키보드 플랫폼 받침대 용 메모리 폼 초극세 섬유,3340,6659,1445,4.9,true,2025-11-11 00:00:00,2026-09-27T11:05+00:00,"AliExpress public search page, ship-to KR, KRW"
keyboard wrist rest,1005005955567436,https://www.aliexpress.com/item/1005005955567436.html,마우스 패드 인체 공학적 키보드 마우스 손목 받침대 사무실 타이핑 보호 긴장 손목 메모리 폼 마우스 패드 컴퓨터 노트북 책상 매트,9830,19272,912,4.8,true,2023-08-17 00:00:00,2026-09-27T11:05+00:00,"AliExpress public search page, ship-to KR, KRW"
keyboard wrist rest,1005004242447271,https://www.aliexpress.com/item/1005004242447271.html,컴퓨터 맥북 노트북 키보드 마우스 매트용 손목 받침대가 있는 인체공학적 게이밍 마우스 패드,4280,4194,878,4.4,false,2022-05-04 00:00:00,2026-09-27T11:05+00:00,"AliExpress public search page, ship-to KR, KRW"
keyboard wrist rest,1005011822687955,https://www.aliexpress.com/item/1005011822687955.html,"2팩 L자형 키보드 & 마우스 패드 세트, 메모리폼 인체공학적 책상 가장자리 쿠션, 손목 받침대 & 팔꿈치 베개 (게임용, 사무용)",6000,27792,846,4.9,true,2026-03-09 00:00:00,2026-09-27T11:05+00:00,"AliExpress public search page, ship-to KR, KRW"
keyboard wrist rest,1005010024944063,https://www.aliexpress.com/item/1005010024944063.html,"사무실 컴퓨터 노트북용 메모리폼 키보드 패드 세트, 편안한 타이핑, 통증 완화 키보드 손목 받침대, 컴퓨터 마우스 패드",1500,7331,845,4.8,true,2025-09-22 00:00:00,2026-09-27T11:05+00:00,"AliExpress public search page, ship-to KR, KRW"
keyboard wrist rest,1005008159850637,https://www.aliexpress.com/item/1005008159850637.html,책상 용 컴퓨터 팔걸이 키보드 팔걸이 확장기 회전 마우스 패드 홀더 용 조정 가능한 인체 공학적 손목 받침대 지원,7570,7553,809,4.4,true,2024-11-28 00:00:00,2026-09-27T11:05+00:00,"AliExpress public search page, ship-to KR, KRW"
keyboard wrist rest,1005011867806207,https://www.aliexpress.com/item/1005011867806207.html,클라우드 손목 받침대 키보드 및 마우스용 투명 인체공학적 귀여운 마우스 손목 패드 실리콘 논슬립 손목 패드 컴퓨터용,5750,12068,753,4.9,true,2026-03-15 00:00:00,2026-09-27T11:05+00:00,"AliExpress public search page, ship-to KR, KRW"
book stand reading holder,1005007038282845,https://www.aliexpress.com/item/1005007038282845.html,Xnyocn 태블릿 스탠드 다기능 스폰지 베개 스탠드 IPad 삼성 화웨이 탭 독서 홀더 지원 침대 마운트 브래킷 도서,7270,15085,28307,4.9,true,2024-05-22 00:00:00,2026-09-27T11:05+00:00,"AliExpress public search page, ship-to KR, KRW"
book stand reading holder,1005008077419689,https://www.aliexpress.com/item/1005008077419689.html,"초등학생을 위한 조절 가능한 간편한 책상용 독서대로, 책 클립, 책 받침대, 책 지지대가 함께 제공됩니다.",1500,14445,6496,4.9,true,2024-11-12 00:00:00,2026-09-27T11:05+00:00,"AliExpress public search page, ship-to KR, KRW"
book stand reading holder,1005007337260144,https://www.aliexpress.com/item/1005007337260144.html,새로운 리프팅 착륙 독서 책장 스탠드 조정 가능한 태블릿 책 홀더 홈 오피스 스터디 룸을위한 다기능 책꽂이,2391,28404,3952,4.8,true,2024-07-09 00:00:00,2026-09-27T11:05+00:00,"AliExpress public search page, ship-to KR, KRW"
book stand reading holder,1005006997356052,https://www.aliexpress.com/item/1005006997356052.html,"1pc/2pcs 조정 가능한 독서 책 스탠드, 독서 및 연구를위한 간단한 다목적 독서 휴식 책 홀더",1500,5681,2936,4.9,true,2024-05-14 00:00:00,2026-09-27T11:05+00:00,"AliExpress public search page, ship-to KR, KRW"
book stand reading holder,1005008144752875,https://www.aliexpress.com/item/1005008144752875.html,조절 가능한 독서대 360도 회전 북 스탠드 접이식 데스크탑 책꽂이 탄성 클립 페이지 넥 보호 북 스탠드,14031,39263,2741,4.9,true,2024-11-25 00:00:00,2026-09-27T11:05+00:00,"AliExpress public search page, ship-to KR, KRW"
book stand reading holder,1005007792144888,https://www.aliexpress.com/item/1005007792144888.html,"간단한 금속 독서대, 안정적이고 접이식이며 조절 가능한 책꽂이, 휴대용 악보대",1500,8292,2192,4.9,true,2024-09-24 00:00:00,2026-09-27T11:05+00:00,"AliExpress public search page, ship-to KR, KRW"
book stand reading holder,1005010285353972,https://www.aliexpress.com/item/1005010285353972.html,2-8pcs 투명 아크릴 북엔드 L자형 데스크탑 장식용 보관 랙 안정적인 지지대 책꽂이 사무실용,4040,8397,2184,4.9,true,2025-11-02 00:00:00,2026-09-27T11:05+00:00,"AliExpress public search page, ship-to KR, KRW"
book stand reading holder,1005010089157411,https://www.aliexpress.com/item/1005010089157411.html,"4개 투명 조절식 책꽂이 – 책, 예술 작품, 사진용 아크릴 디스플레이 홀더 – 책상 장식용 미끄럼 방지 독서용 이젤",4020,8371,1963,4.9,true,2025-10-02 00:00:00,2026-09-27T11:05+00:00,"AliExpress public search page, ship-to KR, KRW"
book stand reading holder,1005007781770422,https://www.aliexpress.com/item/1005007781770422.html,360도 조절 가능한 책 홀더를 읽을 수 있는 새로운 책꽂이 °   회전 베이스 탄성 페이지 클립 접이식 데스크탑 라이저 스탠드,15051,65412,1518,4.8,true,2024-10-04 00:00:00,2026-09-27T11:05+00:00,"AliExpress public search page, ship-to KR, KRW"
book stand reading holder,1005008357502706,https://www.aliexpress.com/item/1005008357502706.html,책꽂이 L자형 책꽂이 내구성이 뛰어난 디스플레이 북 스탠드 INS 심플 북 서포트 랙 매거진,1500,2260,1312,4.5,true,2025-01-08 00:00:00,2026-09-27T11:05+00:00,"AliExpress public search page, ship-to KR, KRW"
book stand reading holder,1005010379003788,https://www.aliexpress.com/item/1005010379003788.html,조정 가능한 휴대용 접이식 북엔드 스탠드 독서 책 스탠드 책 레시피 선반 접이식 홀더 음악 점수 태블릿용 정리함,2592,17065,1087,4.9,true,2025-11-16 00:00:00,2026-09-27T11:05+00:00,"AliExpress public search page, ship-to KR, KRW"
book stand reading holder,1005010332505043,https://www.aliexpress.com/item/1005010332505043.html,학생용 고양이 책 받침대 기능적이고 내구성 있는 고양이 책 받침대 독서 애호가 및 대학생용,2780,5556,1040,4.9,true,2025-11-08 00:00:00,2026-09-27T11:05+00:00,"AliExpress public search page, ship-to KR, KRW"
book stand reading holder,1005007519670504,https://www.aliexpress.com/item/1005007519670504.html,조정 가능한 독서 책장 리프팅 랜딩 독서 스탠드 휴대용 책 홀더 지원 가정용 다기능 문서 선반,8630,8440,891,4.8,true,2024-08-09 00:00:00,2026-09-27T11:05+00:00,"AliExpress public search page, ship-to KR, KRW"
book stand reading holder,1005007797617640,https://www.aliexpress.com/item/1005007797617640.html,2pcs 금속 책 홀더 L 자형 책상 북 엔드 INS 내구성 책 스탠드 디스플레이 학생 학교 사무실을위한 간단한 책 지원 랙,1500,4419,882,4.8,true,2024-09-24 00:00:00,2026-09-27T11:05+00:00,"AliExpress public search page, ship-to KR, KRW"
book stand reading holder,1005008977975398,https://www.aliexpress.com/item/1005008977975398.html,"간단한 금속 독서대, 접이식 독서대, 휴대용 독서 책장, 보면대",1500,8209,878,4.8,true,2025-05-06 00:00:00,2026-09-27T11:05+00:00,"AliExpress public search page, ship-to KR, KRW"
book stand reading holder,1005008144909455,https://www.aliexpress.com/item/1005008144909455.html,탄소강 조정 가능한 독서 스탠드 다기능 독서 스탠드 독서 태블릿 컴퓨터 및 휴대 전화 스탠드,13600,28256,858,4.9,true,2024-11-25 00:00:00,2026-09-27T11:05+00:00,"AliExpress public search page, ship-to KR, KRW"
book stand reading holder,1005008721006752,https://www.aliexpress.com/item/1005008721006752.html,"대용량 금속 접이식 책꽂이, 간단한 책 클립, 책 받침대, 높은 책상, 높은 미적 가치, 간편한 보관 책꽂이",3239,18414,834,4.9,true,2025-03-26 00:00:00,2026-09-27T11:05+00:00,"AliExpress public search page, ship-to KR, KRW"
book stand reading holder,1005009874239543,https://www.aliexpress.com/item/1005009874239543.html,개폐식 책장 책 보관함 및 펜 홀더가 있는 보관함이 있는 북스탠드 데스크탑 고정 책 클립 학생 접이식 Vook,8060,16789,778,4.9,true,2025-09-02 00:00:00,2026-09-27T11:05+00:00,"AliExpress public search page, ship-to KR, KRW"
book stand reading holder,1005011867668604,https://www.aliexpress.com/item/1005011867668604.html,"조정 가능한 클립이 있는 데스크탑 문서 거치대, A4 읽기 거치대, 사무실, 학교, 가정용 문서 읽기 스탠드",4840,9658,768,4.9,true,2026-03-15 00:00:00,2026-09-27T11:05+00:00,"AliExpress public search page, ship-to KR, KRW"
book stand reading holder,1005010439274814,https://www.aliexpress.com/item/1005010439274814.html,"360도 회전 받침대, 접이식 독서대 및 탄성 페이지 클립이 있는 조절 가능한 책꽂이, 책, 태블릿, 가정, 사무실, 학교용",26650,53203,653,4.9,true,2025-11-25 00:00:00,2026-09-27T11:05+00:00,"AliExpress public search page, ship-to KR, KRW"
desk organizer pen holder,1005008660464008,https://www.aliexpress.com/item/1005008660464008.html,"회전식 책상 정리함, 사무실/기숙사/화장대용 대형 화장품 및 펜 홀더, 랜덤 스티커 포함",500,4240,19229,4.9,true,2025-03-15 00:00:00,2026-09-27T11:05+00:00,"AliExpress public search page, ship-to KR, KRW"
desk organizer pen holder,1005008660439110,https://www.aliexpress.com/item/1005008660439110.html,"메쉬 데스크 정리함 사무용품 캐디(연필 홀더 및 데스크탑 액세서리용 보관 바구니 포함), 3개 구획, 검정색",500,4273,14778,4.9,true,2025-03-15 00:00:00,2026-09-27T11:05+00:00,"AliExpress public search page, ship-to KR, KRW"
desk organizer pen holder,1005012175271559,https://www.aliexpress.com/item/1005012175271559.html,데스크탑 아트 3D 프린팅 닌자 펜 홀더 독특한 피규어 문구 정리함 연필꽂이 데스크 장식 공예품 펜 보관용,500,3998,13809,4.6,true,2026-04-25 00:00:00,2026-09-27T11:05+00:00,"AliExpress public search page, ship-to KR, KRW"
desk organizer pen holder,1005008612933217,https://www.aliexpress.com/item/1005008612933217.html,창의적인 문구류로 재미있는 게 데스크탑 펜 홀더,1250,3058,12029,4.8,true,2025-03-06 00:00:00,2026-09-27T11:05+00:00,"AliExpress public search page, ship-to KR, KRW"
desk organizer pen holder,1005009806449587,https://www.aliexpress.com/item/1005009806449587.html,"접이식 실리콘 펜 홀더-책상, 학습 및 사무실을 위한 대용량 확장형 연필 컵, 학생/교사를 위한 휴대용 선물",3000,13798,9092,4.9,true,2025-08-26 00:00:00,2026-09-27T11:05+00:00,"AliExpress public search page, ship-to KR, KRW"
desk organizer pen holder,1005009874310071,https://www.aliexpress.com/item/1005009874310071.html,플러시 연필 홀더 화장품 펜 컨테이너 Kawaii 데스크 액세서리 사무실 주최자 아이 편지지 보관 상자 선물,500,4340,8790,4.9,true,2025-10-20 00:00:00,2026-09-27T11:05+00:00,"AliExpress public search page, ship-to KR, KRW"
desk organizer pen holder,1005007467549192,https://www.aliexpress.com/item/1005007467549192.html,"이중 레이어 책상 정리함 선반, 사무실 학교 용품, 가정 기숙사 책상 문구, 접이식 화장품 거치대 선반",1500,3735,6677,4.5,true,2024-07-30 00:00:00,2026-09-27T11:05+00:00,"AliExpress public search page, ship-to KR, KRW"
desk organizer pen holder,1005012370617710,https://www.aliexpress.com/item/1005012370617710.html,닌자 3D 프린팅 데스크탑 정리함 펜 홀더 다기능 펜 스탠드 창의적인 선물 문화적이고 창의적인 데스크탑 장식,1000,4762,5679,4.9,true,2026-05-25 00:00:00,2026-09-27T11:05+00:00,"AliExpress public search page, ship-to KR, KRW"
desk organizer pen holder,1005006995823354,https://www.aliexpress.com/item/1005006995823354.html,"MOTARRO 연필꽂이 사무실 책상 금속 메쉬 사각형 라운드 펜, 냄비 컵 케이스, 용기 정리함, 내구성 연필 케이스, 1 개",1402,2920,5080,4.9,true,2024-05-15 00:00:00,2026-09-27T11:05+00:00,"AliExpress public search page, ship-to KR, KRW"
desk organizer pen holder,1005009874159979,https://www.aliexpress.com/item/1005009874159979.html,"손잡이가 있는 5칸 플라스틱 보관 바구니, 펜, 연필, 문구류를 위한 휴대용 사무실 책상 정리함, 혼합 색상",4000,8401,5031,4.9,true,2025-09-02 00:00:00,2026-09-27T11:05+00:00,"AliExpress public search page, ship-to KR, KRW"
desk organizer pen holder,1005009874302220,https://www.aliexpress.com/item/1005009874302220.html,귀여운 카피바라 모양의 펜 홀더 다기능 메이크업 브러쉬 정리함 데스크탑 수납함 사무실/가정 책상 장식 휴일 선물,750,3923,4671,4.9,true,2025-09-23 00:00:00,2026-09-27T11:05+00:00,"AliExpress public search page, ship-to KR, KRW"
desk organizer pen holder,1005012013858883,https://www.aliexpress.com/item/1005012013858883.html,"다용도 문구류 보관함, 책상용 다층 펜꽂이, 사무용품 및 화장 도구 보관을 위한 경사형 화장 브러시 보관함",1820,3639,4329,4.9,true,2026-04-03 00:00:00,2026-09-27T11:05+00:00,"AliExpress public search page, ship-to KR, KRW"
desk organizer pen holder,1005008144879520,https://www.aliexpress.com/item/1005008144879520.html,"67슬롯 프리미엄 나무 브러쉬 홀더 - 튼튼한 아티스트 데스크 정리함, 연필 및 페인트 브러쉬 보관함, 우아한 미술 및 공예 용품",1250,4629,3890,4.9,true,2024-11-25 00:00:00,2026-09-27T11:05+00:00,"AliExpress public search page, ship-to KR, KRW"
desk organizer pen holder,1005009667390182,https://www.aliexpress.com/item/1005009667390182.html,"서랍이 있는 1pc 3단 데스크탑 정리함, 문구류/학교/사무용품용 플라스틱 보관함",1250,6066,3873,4.1,true,2025-08-05 00:00:00,2026-09-27T11:05+00:00,"AliExpress public search page, ship-to KR, KRW"
desk organizer pen holder,1005008660067994,https://www.aliexpress.com/item/1005008660067994.html,12/24/30/40/48/80/100 슬롯 펜 홀더 대용량 다기능 브러시 펜 보관함 메이크업 브러쉬 스탠드,1000,5155,3593,4.9,true,2025-03-15 00:00:00,2026-09-27T11:05+00:00,"AliExpress public search page, ship-to KR, KRW"
desk organizer pen holder,1005012588863380,https://www.aliexpress.com/item/1005012588863380.html,"경사형 펜꽂이, 대용량 데스크 정리함, 사무실 책상 위에 놓을 수 있는 문구류 보관함",1500,5167,3467,4.9,true,2026-06-25 00:00:00,2026-09-27T11:05+00:00,"AliExpress public search page, ship-to KR, KRW"
desk organizer pen holder,1005008660303436,https://www.aliexpress.com/item/1005008660303436.html,1개 만화 펜/연필 홀더 간단한 책상 정리함 사무실 가정 공부용 - 귀여운 문구류 책상 정리함,1871,3897,3324,4.9,true,2025-03-15 00:00:00,2026-09-27T11:05+00:00,"AliExpress public search page, ship-to KR, KRW"
desk organizer pen holder,1005012918238721,https://www.aliexpress.com/item/1005012918238721.html,"분리형 경사형 펜 홀더, 가정용 책상 펜 박스, 사무실 데스크탑 펜 스탠드, 다층 학생용 문구 박스",500,4674,3016,4.9,true,2026-08-09 00:00:00,2026-09-27T11:05+00:00,"AliExpress public search page, ship-to KR, KRW"
desk organizer pen holder,1005007032908429,https://www.aliexpress.com/item/1005007032908429.html,"서랍이 있는 소형 책상 정리함, 사무실 데스크탑 보관함, 메이크업 정리함, 명함, 펜, 연필, 휴대폰, 문구",1750,8417,2979,4.6,true,2024-05-20 00:00:00,2026-09-27T11:05+00:00,"AliExpress public search page, ship-to KR, KRW"
desk organizer pen holder,1005013037907217,https://www.aliexpress.com/item/1005013037907217.html,데스크탑 펜 홀더 내구성 있는 와이어 메쉬 펜 컵 홀더 가벼운 연필 보관함 마커 컨테이너 학생 및 교사용 D,2880,5752,2957,,true,2026-08-26 00:00:00,2026-09-27T11:05+00:00,"AliExpress public search page, ship-to KR, KRW"
vertical laptop stand holder aluminum,1005007345090088,https://www.aliexpress.com/item/1005007345090088.html,"UGREEN 수직 알루미늄 휴대용 노트북 스탠드, 노트북 지지대, 맥북 에어 프로 태블릿 폰 스탠드",12469,38240,3742,4.9,false,2024-07-10 00:00:00,2026-09-27T11:06+00:00,"AliExpress public search page, ship-to KR, KRW"
vertical laptop stand holder aluminum,1005007345076620,https://www.aliexpress.com/item/1005007345076620.html,"UGREEN 수직 노트북 스탠드, 트리플 슬롯 알루미늄 노트북 스탠드, 맥북 에어 프로 태블릿 아이패드 폰 거치대",12848,39390,2921,4.9,false,2024-07-10 00:00:00,2026-09-27T11:06+00:00,"AliExpress public search page, ship-to KR, KRW"
vertical laptop stand holder aluminum,1005002593012680,https://www.aliexpress.com/item/1005002593012680.html,UGREEN 노트북 스탠드 홀더 Macbook Air Pro 접이식 알루미늄 수직 노트북 스탠드 노트북 지원 Macbook Pro Tablet Stand,16412,36052,2206,5,false,2021-05-06 00:00:00,2026-09-27T11:06+00:00,"AliExpress public search page, ship-to KR, KRW"
vertical laptop stand holder aluminum,1005004981538003,https://www.aliexpress.com/item/1005004981538003.html,"수직 노트북 스탠드 도구가 필요 없는 조정 가능한 알루미늄 노트북 스탠드 홀더 수직 너비 0.35""-1.6"" 거의 모든 노트북 지원",3644,18489,1049,4.9,false,2022-11-21 00:00:00,2026-09-27T11:06+00:00,"AliExpress public search page, ship-to KR, KRW"
vertical laptop stand holder aluminum,1005009896046428,https://www.aliexpress.com/item/1005009896046428.html,"수직형 노트북 스탠드 홀더, 조절 가능한 도크 크기가 있는 데스크탑 알루미늄 스탠드, 모든 맥북, 게이밍 노트북에 적합",7720,7547,935,4.6,true,2025-09-05 00:00:00,2026-09-27T11:06+00:00,"AliExpress public search page, ship-to KR, KRW"
vertical laptop stand holder aluminum,1005005605668358,https://www.aliexpress.com/item/1005005605668358.html,수직 노트북 스탠드 홀더 접이식 알루미늄 노트북 스탠드 노트북 태블릿 스탠드 Macbook Air Pro PC 13-17 인치 지원,9711,34113,866,4.9,true,2023-05-23 00:00:00,2026-09-27T11:06+00:00,"AliExpress public search page, ship-to KR, KRW"
vertical laptop stand holder aluminum,1005005713319772,https://www.aliexpress.com/item/1005005713319772.html,수직 노트북 스탠드 알루미늄 조정 가능한 휴대용 노트북 마운트 지원 ​​기본 홀더 MacBook Pro Air Dell HP Lenovo Xiaomi Huawei 액세서리 도서 태블릿 홀더,7500,36055,806,4.8,true,2023-06-14 00:00:00,2026-09-27T11:06+00:00,"AliExpress public search page, ship-to KR, KRW"
vertical laptop stand holder aluminum,1005008596502390,https://www.aliexpress.com/item/1005008596502390.html,"하기비스(Hagibis) 맥 미니 M4/M5/M6 프로용 수직 스탠드, 알루미늄 합금 노트북 데스크탑 스탠드, 미끄럼 방지 기능, 높이 조절 가능, 최신 맥 모델용",7000,32717,375,4.9,false,2025-03-04 00:00:00,2026-09-27T11:06+00:00,"AliExpress public search page, ship-to KR, KRW"
vertical laptop stand holder aluminum,1005007464438266,https://www.aliexpress.com/item/1005007464438266.html,"UGREEN 맥북 프로용 접이식 알루미늄 수직 노트북 스탠드, 노트북 지지대, 맥북 에어 프로 태블릿 폰 스탠드",13983,39895,255,4.9,false,2024-07-31 00:00:00,2026-09-27T11:06+00:00,"AliExpress public search page, ship-to KR, KRW"
vertical laptop stand holder aluminum,1005012251918617,https://www.aliexpress.com/item/1005012251918617.html,UGREEN 노트북 스탠드 Macbook Pro 17.3인치 노트북용 접이식 수직 노트북 스탠드 Macbook Pro Samsung Xiaomi Tablet iPadAir,22000,46516,245,4.4,false,2026-05-07 00:00:00,2026-09-27T11:06+00:00,"AliExpress public search page, ship-to KR, KRW"
vertical laptop stand holder aluminum,1005006524566912,https://www.aliexpress.com/item/1005006524566912.html,Hagibis 수직 노트북 스탠드 데스크탑 중력 홀더 MacBook/Surface/HP/Dell/Chrome Book 용 알루미늄 노트북 도크 공간 절약,8750,41578,177,4.8,false,2024-01-31 00:00:00,2026-09-27T11:06+00:00,"AliExpress public search page, ship-to KR, KRW"
vertical laptop stand holder aluminum,1005012583425411,https://www.aliexpress.com/item/1005012583425411.html,"UGREEN 수평 및 수직 2-in-1 노트북 스탠드 (맥북 에어 프로용) 알루미늄 노트북 스탠드 (맥북 프로, 태블릿, 아이패드, 폰 S용)",21503,54512,146,5,false,2026-06-24 00:00:00,2026-09-27T11:06+00:00,"AliExpress public search page, ship-to KR, KRW"
vertical laptop stand holder aluminum,1005010406961212,https://www.aliexpress.com/item/1005010406961212.html,LEAPLIGHT 알루미늄 합금 노트북 스탠드 수평 수직 스크린 클램프 휴대용 홀더(아카 스위스 플레이트 포함) 삼각대용 1/4' 나사,36201,95307,129,4.7,true,2025-11-20 00:00:00,2026-09-27T11:06+00:00,"AliExpress public search page, ship-to KR, KRW"
vertical laptop stand holder aluminum,1005010540248829,https://www.aliexpress.com/item/1005010540248829.html,조절 가능한 수직 노트북 스탠드 홀더 데스크탑 노트북 거치대 맥북 아이패드 폰 태블릿 스위치 킨들 3인1 수납 지원,12546,40433,103,5,true,2025-12-13 00:00:00,2026-09-27T11:06+00:00,"AliExpress public search page, ship-to KR, KRW"
vertical laptop stand holder aluminum,1005003416935661,https://www.aliexpress.com/item/1005003416935661.html,"오리코 알루미늄 수직 스탠드 태블릿 노트북 스탠드 브래킷, 지지대 분리형, 10-17.4인치 PC 맥북 스탠드, 2-in-1",35964,47947,86,4.7,false,2021-10-16 00:00:00,2026-09-27T11:06+00:00,"AliExpress public search page, ship-to KR, KRW"
vertical laptop stand holder aluminum,1005001266132350,https://www.aliexpress.com/item/1005001266132350.html,Macbook Air Pro 데스크탑용 수직 노트북 스탠드 조절 가능한 도크가 있는 더블 데스크탑 스탠드 홀더(최대 17.3인치),7951,17240,74,5,false,2020-07-31 00:00:00,2026-09-27T11:06+00:00,"AliExpress public search page, ship-to KR, KRW"
vertical laptop stand holder aluminum,1005003584299242,https://www.aliexpress.com/item/1005003584299242.html,알루미늄 수직형 데스크탑 노트북 스탠드 (애플 맥북 프로 M5 M4 M3 M2 2025 2024 에어 15/14/16/13인치 호환) 홀더 베이스 브래킷 독,13492,38997,51,4.8,false,2021-11-20 00:00:00,2026-09-27T11:06+00:00,"AliExpress public search page, ship-to KR, KRW"
vertical laptop stand holder aluminum,1005007813425352,https://www.aliexpress.com/item/1005007813425352.html,"미니 알루미늄 합금 노트북용 수직 스탠드, 미끄럼 방지, 조정 가능한 컴퓨터 거치대, 고품질",5211,10600,40,5,true,2024-09-27 00:00:00,2026-09-27T11:06+00:00,"AliExpress public search page, ship-to KR, KRW"
vertical laptop stand holder aluminum,1005012087509218,https://www.aliexpress.com/item/1005012087509218.html,"조절 가능한 수직형 노트북 스탠드 홀더, 데스크탑 노트북 거치대 (맥북, 아이패드, 휴대폰, 태블릿, 스위치, 킨들 호환) 3-in-1 수납 지원",13781,40429,37,5,true,2026-04-14 00:00:00,2026-09-27T11:06+00:00,"AliExpress public search page, ship-to KR, KRW"
vertical laptop stand holder aluminum,1005011773537921,https://www.aliexpress.com/item/1005011773537921.html,ORICO 노트북 스탠드 Macbook Air Pro용 접이식 알루미늄 수직 노트북 스탠드 노트북 지원 Macbook Pro 태블릿 폰 스탠드,16958,49143,34,5,false,2026-03-02 00:00:00,2026-09-27T11:06+00:00,"AliExpress public search page, ship-to KR, KRW"
