query,name,min_price_krw,mall_count,category,spec,url,observed_at,source
알루미늄 노트북 거치대,앱코 NC50 360도 회전 멀티 디바이스 거치대,22900,70,디지털 완제품_노트북 주변기기,"[분류/종류] 받침대/쿨러/ 받침대/[호환크기] 20인치대/[주요스펙] 조절 기능: 높이, 각도, 회전/ 2관절/최대 하중: 7kg/ 알루미늄/미끄럼방지 패드/[크기/무게] 260mm/ 225mm/1.7kg",https://prod.danawa.com/info/?pcode=52061792,2026-09-27T11:09+00:00,Danawa search (lowest listed price across malls)
알루미늄 노트북 거치대,잘만 ZM-NS1 노트북 거치대,22540,60,디지털 완제품_노트북 주변기기,"[분류/종류] 받침대/쿨러/ 받침대/[호환크기] 최대 17인치/[주요스펙] 조절 기능: 높이, 각도/ 6단계/최대 하중: 30kg/ 알루미늄/[크기/무게] 151~200mm/ 290mmmm/0.466kg/각도조절 : 9 x 6단계 (2단)",https://prod.danawa.com/info/?pcode=13554353,2026-09-27T11:09+00:00,Danawa search (lowest listed price across malls)
알루미늄 노트북 거치대,알파스캔 AOC L2 휴대용 접이식 노트북 거치대,19380,23,디지털 완제품_노트북 주변기기,[분류/종류] 받침대/쿨러/ 받침대/[호환크기] 16인치대/[주요스펙] 조절 기능: 각도/ 6단계/최대 하중: 10kg/ 알루미늄/미끄럼방지 패드/[크기/무게] 165mm/ 240mm/0.27kg,https://prod.danawa.com/info/?pcode=122651782,2026-09-27T11:09+00:00,Danawa search (lowest listed price across malls)
알루미늄 노트북 거치대,컴튜 N8 2단 접이식 노트북 거치대,9900,4,디지털 완제품_노트북 주변기기,"[분류/종류] 받침대/쿨러/ 받침대/[호환크기] 15인치대/[주요스펙] 조절 기능: 높이, 각도/ 알루미늄/[크기/무게] 190mm/ 290mm/0.418kg",https://prod.danawa.com/info/?pcode=71639927,2026-09-27T11:09+00:00,Danawa search (lowest listed price across malls)
알루미늄 노트북 거치대,알파스캔 AOC L1 데스크 쿨링 노트북 거치대,24900,23,디지털 완제품_노트북 주변기기,"[분류/종류] 받침대/쿨러/ 받침대/[호환크기] 17인치대/[주요스펙] 조절 기능: 높이, 각도/ 2관절/최대 하중: 10kg/ 알루미늄/미끄럼방지 패드/[크기/무게] 260mm/ 225mm/1.62kg",https://prod.danawa.com/info/?pcode=122651699,2026-09-27T11:09+00:00,Danawa search (lowest listed price across malls)
알루미늄 노트북 거치대,앱코 NC70 패턴 디자인 멀티 디바이스 거치대,32900,31,디지털 완제품_노트북 주변기기,"[분류/종류] 받침대/쿨러/ 받침대/[호환크기] 17인치대/[주요스펙] 조절 기능: 높이, 각도, 회전/ 1관절/최대 하중: 4.5kg/ 알루미늄/미끄럼방지 패드/[크기/무게] 300mm/ 270mm/ 50.3mm/2.05kg",https://prod.danawa.com/info/?pcode=122706582,2026-09-27T11:09+00:00,Danawa search (lowest listed price across malls)
알루미늄 노트북 거치대,앱코 NS11 2in1 조립형 노트북 거치대,142940,1,디지털 완제품_노트북 주변기기,[분류/종류] 받침대/쿨러/ 받침대/[호환크기] 최대 15.6인치/[주요스펙] 최대 하중: 5kg/ 알루미늄/미끄럼방지 패드/[크기/무게] 210mm/ 225mm/ 85mm/0.256kg,https://prod.danawa.com/info/?pcode=16636118,2026-09-27T11:09+00:00,Danawa search (lowest listed price across malls)
알루미늄 노트북 거치대,감성공장 X-Stand 360도 회전 노트북 거치대,36300,12,디지털 완제품_노트북 주변기기,"[분류/종류] 받침대/쿨러/ 받침대/[주요스펙] 조절 기능: 높이, 회전, 각도/ 3관절/최대 하중: 5kg/ 알루미늄/[크기/무게] 0.86kg",https://prod.danawa.com/info/?pcode=35225327,2026-09-27T11:09+00:00,Danawa search (lowest listed price across malls)
알루미늄 노트북 거치대,포트리스 휴먼모션 A-7M 독서대 겸용 노트북 거치대,28230,2,디지털 완제품_노트북 주변기기,"[분류/종류] 받침대/쿨러/ 받침대/[주요스펙] 조절 기능: 높이, 각도/ 2관절/ 알루미늄 외 포함/미끄럼방지 패드/[크기/무게] 320mm/ 220mm/0.93kg",https://prod.danawa.com/info/?pcode=63468317,2026-09-27T11:09+00:00,Danawa search (lowest listed price across malls)
알루미늄 노트북 거치대,미아크코리아 MIDK-01 노트북 거치대,25700,14,디지털 완제품_노트북 주변기기,"[분류/종류] 받침대/쿨러/ 받침대/[호환크기] 17인치대/[주요스펙] 조절 기능: 높이, 각도/ 2관절/ 알루미늄/[크기/무게] 265mm/ 225mm/0.83kg",https://prod.danawa.com/info/?pcode=60148517,2026-09-27T11:09+00:00,Danawa search (lowest listed price across malls)
알루미늄 노트북 거치대,감성공장 LHD-15 알루미늄 휴대용 2단 접이식 노트북 거치대,18500,23,디지털 완제품_노트북 주변기기,"[분류/종류] 받침대/쿨러/ 받침대/[호환크기] 17인치대/[주요스펙] 조절 기능: 높이, 각도/ 10단계 이상/ 알루미늄/미끄럼방지 패드/[크기/무게] 200mm/ 285mm/0.45kg",https://prod.danawa.com/info/?pcode=49103888,2026-09-27T11:09+00:00,Danawa search (lowest listed price across malls)
알루미늄 노트북 거치대,이지넷유비쿼터스 NEXTU NBS5705 거이단 휴대용 접이식 알루미늄 노트북 거치대,13500,106,디지털 완제품_노트북 주변기기,[분류/종류] 받침대/쿨러/ 받침대/[호환크기] 15인치대/[주요스펙] 조절 기능: 각도/ 5단계/최대 하중: 2.5kg/ 알루미늄/미끄럼방지 패드/[크기/무게] 0.19kg,https://prod.danawa.com/info/?pcode=76075520,2026-09-27T11:09+00:00,Danawa search (lowest listed price across malls)
알루미늄 노트북 거치대,해브잇올 morac MR-MS-SIMULAS 시뮬러S 노트북 거치대,20210,2,디지털 완제품_노트북 주변기기,"[분류/종류] 받침대/쿨러/ 받침대/[호환크기] 17인치대/[주요스펙] 조절 기능: 높이, 각도/ 알루미늄/미끄럼방지 패드/[크기/무게] 250mm/ 220mm/1.54kg",https://prod.danawa.com/info/?pcode=18018113,2026-09-27T11:09+00:00,Danawa search (lowest listed price across malls)
알루미늄 노트북 거치대,이킵먼트 EKMT-LS1 하이라이저 노트북 거치대,29900,11,디지털 완제품_노트북 주변기기,"[분류/종류] 받침대/쿨러/ 받침대/[주요스펙] 조절 기능: 높이, 각도/최대 하중: 15kg/ 알루미늄/미끄럼방지 패드/[크기/무게] 290mm/ 228mm/1.3kg/높이조절 : 110~180mm",https://prod.danawa.com/info/?pcode=54316910,2026-09-27T11:09+00:00,Danawa search (lowest listed price across malls)
알루미늄 노트북 거치대,모노레오 MPN-142 휴대용 노트북 받침대,13900,2,디지털 완제품_노트북 주변기기,[분류/종류] 받침대/쿨러/ 부착식 거치대/[주요스펙] 조절 기능: 각도/ 알루미늄/ 다이얼 방식/미끄럼방지 패드/[크기/무게] 42mm/ 35mm/0.09kg,https://prod.danawa.com/info/?pcode=73560461,2026-09-27T11:09+00:00,Danawa search (lowest listed price across malls)
모니터 받침대 알루미늄,마이크로닉스 UV-M100 살균 모니터 받침대,11850,71,가구/침구_홈오피스가구,모니터받침대/프레임 주요재질: 알루미늄/크기: 61.5x21x9cm/색상: 블랙,https://prod.danawa.com/info/?pcode=15118211,2026-09-27T11:09+00:00,Danawa search (lowest listed price across malls)
모니터 받침대 알루미늄,Airdesk AD-ST1 모니터받침대,19530,8,가구/침구_홈오피스가구,모니터받침대/높이조절가능/프레임 주요재질: 알루미늄/크기(가로x세로x높이): 54.6x16.8x45~9.3cm,https://prod.danawa.com/info/?pcode=4647106,2026-09-27T11:09+00:00,Danawa search (lowest listed price across malls)
모니터 받침대 알루미늄,세렌픽 MS10 모니터받침대 13.5cm,146210,2,가구/침구_홈오피스가구,모니터받침대/프레임 주요재질: 알루미늄/크기(가로x세로x높이): 52x26x13.5cm/색상: 블랙,https://prod.danawa.com/info/?pcode=9941709,2026-09-27T11:09+00:00,Danawa search (lowest listed price across malls)
모니터 받침대 알루미늄,UDEA 클린박스 UCB-300 Dual-UV 살균 모니터 받침대,153930,13,가구/침구_홈오피스가구,모니터받침대/USB포트포함/스피커포트포함/마이크포트포함/프레임 주요재질: 알루미늄/크기(가로x세로x높이): 62x23x8.5cm/색상: 블랙,https://prod.danawa.com/info/?pcode=12161177,2026-09-27T11:09+00:00,Danawa search (lowest listed price across malls)
모니터 받침대 알루미늄,엔산마운트 NB-03 모니터암 장착용 노트북홀더,25960,19,디지털 완제품_노트북 주변기기,[분류/종류] 받침대/쿨러/ 스탠드암/[호환크기] 17인치대/[주요스펙] 최대 하중: 9kg/ 알루미늄/[크기/무게] 310mm/ 218mm/ 39mm/0.52kg/베사홀 : 75 x 75mm,https://prod.danawa.com/info/?pcode=38456069,2026-09-27T11:09+00:00,Danawa search (lowest listed price across malls)
모니터 받침대 알루미늄,서진네트웍스 유니콘 원목 알루미늄 모니터 받침대 UM-WD07,22400,141,가구/침구_홈오피스가구,모니터받침대/프레임 주요재질: 원목/크기(가로x세로x높이): 56x24x9.1cm,https://prod.danawa.com/info/?pcode=17447978,2026-09-27T11:09+00:00,Danawa search (lowest listed price across malls)
모니터 받침대 알루미늄,UDEA 클린박스 UCB-100 Dual-UV 살균 모니터 받침대,22000,35,가구/침구_홈오피스가구,모니터받침대/프레임 주요재질: 알루미늄/크기(가로x세로x높이): 62x23x8.5cm/색상: 블랙,https://prod.danawa.com/info/?pcode=12078812,2026-09-27T11:09+00:00,Danawa search (lowest listed price across malls)
모니터 받침대 알루미늄,인터픽셀 IMT-M01 알루미늄 모니터 받침대,37620,22,가구/침구_홈오피스가구,모니터받침대/프레임 주요재질: 알루미늄/크기(가로x세로x높이): 50x21x6.3cm/색상: 메탈,https://prod.danawa.com/info/?pcode=18328985,2026-09-27T11:09+00:00,Danawa search (lowest listed price across malls)
모니터 받침대 알루미늄,레토GMS 3단 높이조절 알루미늄 모니터 받침대,12800,10,가구/침구_홈오피스가구,모니터받침대/높이조절가능/프레임 주요재질: 알루미늄/크기(가로x세로x높이): 36.5x23.5x10~14cm/색상: 블랙,https://prod.danawa.com/info/?pcode=15864599,2026-09-27T11:09+00:00,Danawa search (lowest listed price across malls)
여행용 파우치 세트 패킹큐브,헌터 미스테리랜치 여행파우치세 압축파우치 캐리어 정리백 미션 패킹 큐브 세트 3개 세트-02. /한 사이즈,148850,1,패션잡화_가방,캐리어/여행가방,https://prod.danawa.com/info/?pcode=90879491,2026-09-27T11:09+00:00,Danawa search (lowest listed price across malls)
차량용 뒷좌석 수납 정리함,제이에이치코리아 벤오토 럭셔리 뒷좌석 수납함,16760,24,자동차 용품_인테리어/수납,다용도포켓/제품용도: 수납/정리용품/장착위치: 헤드레스트/장착방식: 버클/외부포켓/컵 거치 가능/뒷좌석용,https://prod.danawa.com/info/?pcode=34370225,2026-09-27T11:09+00:00,Danawa search (lowest listed price across malls)
차량용 뒷좌석 수납 정리함,비오비 카툰 자동차 뒷좌석 접이식 다용도 수납함,13509,13,자동차 용품_인테리어/수납,"다용도포켓/제품용도: 수납/정리용품/장착위치: 헤드레스트/접이식/뒷좌석용/장착위치: 포켓/장착방식: 걸이형, 클립형/디자인: 데이지, 친구들/색상: 핑크, 화이트/크기: 250x150mm",https://prod.danawa.com/info/?pcode=12650585,2026-09-27T11:09+00:00,Danawa search (lowest listed price across malls)
차량용 뒷좌석 수납 정리함,레모토 차량용 뒷좌석 수납함,12780,21,자동차 용품_인테리어/수납,다용도포켓/제품용도: 수납/정리용품/장착위치: 콘솔/외부포켓/컵 거치 가능/뒷좌석용,https://prod.danawa.com/info/?pcode=28800806,2026-09-27T11:09+00:00,Danawa search (lowest listed price across malls)
차량용 뒷좌석 수납 정리함,이팩토리 차량용 뒷좌석 수납함,15900,1,자동차 용품_인테리어/수납,"다용도트레이/제품용도: 차량용테이블/장착위치: 헤드레스트/컵 거치 가능/뒷좌석용/테이블/휴지케이스/우산꽂이/색상: 와인, 브라운, 블랙, 베이지, 오렌지, 라이트브라운/크기: 350x500x30mm",https://prod.danawa.com/info/?pcode=12536324,2026-09-27T11:09+00:00,Danawa search (lowest listed price across malls)
차량용 뒷좌석 수납 정리함,펀타스틱 트랜스포머 백 포켓,12330,88,자동차 용품_인테리어/수납,"다용도포켓/제품용도: 수납/정리용품/의자 등받이 수납/색상: 다크퍼플, 모카브라운, 브라운, 블랙, 아이보리/크기: 400x500mm",https://prod.danawa.com/info/?pcode=10473219,2026-09-27T11:09+00:00,Danawa search (lowest listed price across malls)
차량용 뒷좌석 수납 정리함,시온넷 자동차 뒷자석 시트 수납포켓,10310,7,자동차 용품_인테리어/수납,다용도포켓/제품용도: 수납/정리용품/장착위치: 헤드레스트/외부포켓/컵 거치 가능/태블릿 수납 가능,https://prod.danawa.com/info/?pcode=19602170,2026-09-27T11:09+00:00,Danawa search (lowest listed price across malls)
차량용 뒷좌석 수납 정리함,제이에이치코리아 벤오토 차량용 뒷좌석 수납함 테이블형 킥매트,10760,35,자동차 용품_인테리어/수납,"다용도포켓/제품용도: 수납/정리용품/장착위치: 헤드레스트/외부포켓/컵 거치 가능/뒷좌석용/색상: 베이지, 브라운, 블랙",https://prod.danawa.com/info/?pcode=21473906,2026-09-27T11:09+00:00,Danawa search (lowest listed price across malls)
차량용 뒷좌석 수납 정리함,차량용 뒷좌석수납함 프리미엄형,16900,1,자동차 용품_인테리어/수납,다용도트레이/제품용도: 차량용테이블/장착위치: 헤드레스트/뒷좌석용,https://prod.danawa.com/info/?pcode=16088711,2026-09-27T11:09+00:00,Danawa search (lowest listed price across malls)
차량용 뒷좌석 수납 정리함,키밍 시트백 수납포켓 KM3158-199,6600,15,자동차 용품_인테리어/수납,"다용도포켓/제품용도: 수납/정리용품/장착위치: 헤드레스트/외부포켓/컵 거치 가능/재질: PU/색상 옵션: 베이지, 블랙, 브라운",https://prod.danawa.com/info/?pcode=20709005,2026-09-27T11:09+00:00,Danawa search (lowest listed price across malls)
차량용 뒷좌석 수납 정리함,제이에이치코리아 벤오토 어메이진 뒷좌석 수납함,20470,1,자동차 용품_인테리어/수납,다용도포켓/제품용도: 수납/정리용품/장착위치: 헤드레스트/장착방식: 벨크로/외부포켓/컵 거치 가능/뒷좌석용,https://prod.danawa.com/info/?pcode=34370114,2026-09-27T11:09+00:00,Danawa search (lowest listed price across malls)
트렁크 정리함,케미컬가이 911 툴백,27710,41,자동차 용품_인테리어/수납,"세차툴백/ 오픈형/ 손잡이/ 외부포켓/색상: 레드, 오렌지, 퍼플, 딥블랙/크기: 300x295x250mm",https://prod.danawa.com/info/?pcode=11129937,2026-09-27T11:09+00:00,Danawa search (lowest listed price across malls)
트렁크 정리함,동방 맞춤형 콘솔박스 트렁크정리함,69800,2,자동차 용품_인테리어/수납,트렁크정리함/ 하드타입/ 덮개형/ 칸막이/차종맞춤형,https://prod.danawa.com/info/?pcode=12508901,2026-09-27T11:09+00:00,Danawa search (lowest listed price across malls)
트렁크 정리함,동방트렁크 봉고3 포터2 실내 수납함,25760,96,자동차 용품_인테리어/수납,"수납박스/제품용도: 콘솔박스/장착위치: 트렁크/손잡이/적용차종: 봉고3, 포터2/타입선택",https://prod.danawa.com/info/?pcode=10602987,2026-09-27T11:09+00:00,Danawa search (lowest listed price across malls)
트렁크 정리함,코리아스포일러 러기지 쉐이드 쉐보레 트랙스 크로스오버 전용,68820,8,자동차 용품_인테리어/수납,트렁크가리개/ 손잡이/[쉐보레] 적용차종 트랙스 크로스오버(9BQC),https://prod.danawa.com/info/?pcode=32064620,2026-09-27T11:09+00:00,Danawa search (lowest listed price across malls)
트렁크 정리함,블루오션 트렁크 그물망 네트 RV/SUV전용,2220,,자동차 용품_인테리어/수납,"트렁크네트/기본고리: 4개/크기: 1,000x700mm",https://prod.danawa.com/info/?pcode=12472430,2026-09-27T11:09+00:00,Danawa search (lowest listed price across malls)
트렁크 정리함,GMZ모터스 불카누스 퀼팅 가죽 트렁크 정리함 소형,11820,4,자동차 용품_인테리어/수납,트렁크정리함/ 가죽/ 덮개형/ 손잡이/ 접이식/크기: 350x320x300mm,https://prod.danawa.com/info/?pcode=12519455,2026-09-27T11:09+00:00,Danawa search (lowest listed price across malls)
트렁크 정리함,제이에이치코리아 벤오토 깔끔이 트렁크 정리함 대형,14678,37,자동차 용품_인테리어/수납,"트렁크정리함/ 가죽/ 덮개형/ 손잡이/ 접이식/색상: 블랙스티치, 레드스티치/크기: 540x320x300mm",https://prod.danawa.com/info/?pcode=31962500,2026-09-27T11:09+00:00,Danawa search (lowest listed price across malls)
트렁크 정리함,엑스오토 엑스핏 접이식 하드케이스L 트렁크정리함 46L,15900,2,자동차 용품_인테리어/수납,트렁크정리함/ 하드타입/ 뚜껑형/ 손잡이/ 접이식/측면오픈형/크기: 530x360x300mm,https://prod.danawa.com/info/?pcode=8868242,2026-09-27T11:09+00:00,Danawa search (lowest listed price across malls)
트렁크 정리함,마프라 라보코스메티카 멀티백,45990,4,자동차 용품_인테리어/수납,세차툴백/ 덮개형/ 손잡이/ 칸막이/ 외부포켓/크기: 510x270x340mm,https://prod.danawa.com/info/?pcode=54482225,2026-09-27T11:09+00:00,Danawa search (lowest listed price across malls)
트렁크 정리함,코이체 프리미엄 차량용 신발수납함 트렁크 정리함 66L,25060,1,자동차 용품_인테리어/수납,트렁크정리함/ 소프트타입/ 덮개형/ 손잡이/ 접이식/ 칸막이/ 외부포켓/고밀도 방수 원단/신발 수납구 설계/빛반사 야광띠/크기: 600x350x300mm/중량: 2Kg,https://prod.danawa.com/info/?pcode=29620409,2026-09-27T11:09+00:00,Danawa search (lowest listed price across malls)
트렁크 정리함,맥스콘 차량용 카고 벨트 MCB-2800,22000,18,자동차 용품_인테리어/수납,"트렁크정리용품/고정방식: 후크형/장력: 100kg/벨트크기: 36x28,000mm/크기: 80x67x75mm",https://prod.danawa.com/info/?pcode=12724613,2026-09-27T11:09+00:00,Danawa search (lowest listed price across malls)
트렁크 정리함,아이리스코리아 말레타 트렁크정리함 대형,16920,5,자동차 용품_인테리어/수납,트렁크정리함/ 하드타입/ 뚜껑형/크기: 740x340x385mm,https://prod.danawa.com/info/?pcode=13064690,2026-09-27T11:09+00:00,Danawa search (lowest listed price across malls)
트렁크 정리함,위블앤 CICIDO 트렁크 정리함 M (해외구매),67340,3,자동차 용품_인테리어/수납,"트렁크정리함/ 하드타입/ 덮개형/ 손잡이/ 접이식/하단 벨크로/방수 원단/색상: 블랙, 오렌지/크기: 395x330x300mm",https://prod.danawa.com/info/?pcode=18951494,2026-09-27T11:09+00:00,Danawa search (lowest listed price across malls)
트렁크 정리함,메이튼 70도 히든 트렁크 정리함 C타입,55900,6,자동차 용품_인테리어/수납,트렁크정리함/ 소프트타입/ 덮개형/ 손잡이/ 틈새수납/크기: 1150x300x330mm/구매 전 추천 차종 확인 후 구매,https://prod.danawa.com/info/?pcode=18841373,2026-09-27T11:09+00:00,Danawa search (lowest listed price across malls)
트렁크 정리함,오토크루 아이스박스 트렁크 보관함 특대형 AC-T06,49780,1,자동차 용품_인테리어/수납,트렁크정리함/ 소프트타입/ 뚜껑형/ 손잡이/ 접이식/ 칸막이/ 외부포켓/신발 보관함 추가/반사 스티커/방수 아이스박스 포함/용량: 112L/크기: 900x350x300mm,https://prod.danawa.com/info/?pcode=48476891,2026-09-27T11:09+00:00,Danawa search (lowest listed price across malls)
케이블 정리함 멀티탭 박스,유아안전 멀티탭정리함 케이블전선정리통 멀티탭박스,2870,98,문구/사무_파일/사무용품,멀티탭 정리함,https://prod.danawa.com/info/?pcode=31526780,2026-09-27T11:09+00:00,Danawa search (lowest listed price across malls)
케이블 정리함 멀티탭 박스,모던 멀티탭 정리함 전선 정리 콘센트 가리개 케이블 선정리 박스 전기 거치대 고정 선반 커버 보관함 수납,10510,2,문구/사무_파일/사무용품,수납/생활잡화/리빙박스/바구니,https://prod.danawa.com/info/?pcode=38387297,2026-09-27T11:09+00:00,Danawa search (lowest listed price across malls)
케이블 정리함 멀티탭 박스,예홈 책상 멀티탭 콘센트 정리함 케이블 타이 전선 정리,7140,21,문구/사무_파일/사무용품,리빙박스,https://prod.danawa.com/info/?pcode=31576724,2026-09-27T11:09+00:00,Danawa search (lowest listed price across malls)
케이블 정리함 멀티탭 박스,오너클랜 케이블 전선 멀티탭 콘센트 정리 박스 정리함 대형_W965BCB,5920,159,문구/사무_파일/사무용품,수납/생활잡화/정리/진열대,https://prod.danawa.com/info/?pcode=31566122,2026-09-27T11:09+00:00,Danawa search (lowest listed price across malls)
케이블 정리함 멀티탭 박스,멀티탭 정리 박스 케이블 정리함 먼지방지 깔끔보관함,5640,197,문구/사무_파일/사무용품,정리함/리빙박스,https://prod.danawa.com/info/?pcode=31534847,2026-09-27T11:09+00:00,Danawa search (lowest listed price across malls)
케이블 정리함 멀티탭 박스,마이룸 유아안전 멀티탭 정리기 멀티탭정리 케이블정리함 전선정리 컴퓨터선정리 멀티탭박스,10480,127,문구/사무_파일/사무용품,정리함/리빙박스,https://prod.danawa.com/info/?pcode=31512416,2026-09-27T11:09+00:00,Danawa search (lowest listed price across malls)
케이블 정리함 멀티탭 박스,뉴퍼펙트 히키스 심플인테리어 케이블 투명커버 멀티탭박스 L,6990,96,생활/주방_수납/생활잡화,"수납함/뚜껑형/색상: 화이트,블랙/크기: 38.5x15.5x12.5cm/재질: 플라스틱계열",https://prod.danawa.com/info/?pcode=79779686,2026-09-27T11:09+00:00,Danawa search (lowest listed price across malls)
케이블 정리함 멀티탭 박스,시스맥스 케이블O 소형/멀티탭 정리함/케이블 정리함,7390,24,문구/사무_파일/사무용품,정리함/리빙박스/서랍형,https://prod.danawa.com/info/?pcode=40777382,2026-09-27T11:09+00:00,Danawa search (lowest listed price across malls)
케이블 정리함 멀티탭 박스,마이룸 케이블O/멀티탭 정리함/케이블 정리함/정리,11500,1,문구/사무_파일/사무용품,정리함/리빙박스/서랍형,https://prod.danawa.com/info/?pcode=40777421,2026-09-27T11:09+00:00,Danawa search (lowest listed price across malls)
케이블 정리함 멀티탭 박스,시스맥스 케이블 박스,15990,2,문구/사무_파일/사무용품,"전선정리함/멀티탭수납: 최대6구/[색상]/그린,화이트",https://prod.danawa.com/info/?pcode=82512005,2026-09-27T11:09+00:00,Danawa search (lowest listed price across malls)
케이블 정리함 멀티탭 박스,예홈 책상 케이블 타이 셋탑박스 멀티탭 전선 정리함,7830,15,문구/사무_파일/사무용품,멀티탭 정리함,https://prod.danawa.com/info/?pcode=31550069,2026-09-27T11:09+00:00,Danawa search (lowest listed price across malls)
키보드 손목받침대,앱코 SPW1 편해 실리콘 팜레스트,15500,55,PC 주요 부품_키보드,손목받침대(팜레스트)/실리콘,https://prod.danawa.com/info/?pcode=108356069,2026-09-27T11:10+00:00,Danawa search (lowest listed price across malls)
키보드 손목받침대,EPOMAKER Cloudgel 구름젤 팜레스트 세트,15800,39,PC 주요 부품_키보드,손목받침대(팜레스트)/실리콘/마우스용 140x75x25(mm),https://prod.danawa.com/info/?pcode=122728417,2026-09-27T11:10+00:00,Danawa search (lowest listed price across malls)
키보드 손목받침대,COX XOS108 나무 팜레스트 손목받침대,11500,91,PC 주요 부품_키보드,손목받침대(팜레스트)/나무,https://prod.danawa.com/info/?pcode=103414334,2026-09-27T11:10+00:00,Danawa search (lowest listed price across malls)
키보드 손목받침대,앱코 ARC1 TKL 텐키리스 아크릴 팜레스트 손목 받침대,13800,53,PC 주요 부품_키보드,손목받침대(팜레스트)/아크릴,https://prod.danawa.com/info/?pcode=12982325,2026-09-27T11:10+00:00,Danawa search (lowest listed price across malls)
키보드 손목받침대,쿨러마스터 Wrist Rest WR531 풀사이즈 손목받침대,11720,34,PC 주요 부품_키보드,손목받침대(팜레스트)/메모리폼/로우프로필 기계식 키보드용,https://prod.danawa.com/info/?pcode=14208638,2026-09-27T11:10+00:00,Danawa search (lowest listed price across malls)
키보드 손목받침대,마이크로닉스 MANIC PAMPAM 팜레스트 키보드 손목받침대,8050,105,PC 주요 부품_키보드,손목받침대(팜레스트),https://prod.danawa.com/info/?pcode=9473790,2026-09-27T11:10+00:00,Danawa search (lowest listed price across malls)
키보드 손목받침대,COX SPT1 편해 실리콘 팜레스트,15500,60,PC 주요 부품_키보드,손목받침대(팜레스트)/실리콘,https://prod.danawa.com/info/?pcode=108355955,2026-09-27T11:10+00:00,Danawa search (lowest listed price across malls)
키보드 손목받침대,COX COS1 어고노믹 월넛 팜레스트,17900,113,PC 주요 부품_키보드,손목받침대(팜레스트)/나무/호두나무 원목,https://prod.danawa.com/info/?pcode=12706313,2026-09-27T11:10+00:00,Danawa search (lowest listed price across malls)
키보드 손목받침대,앱코 SPW1 TKL 편해 실리콘 팜레스트,15500,43,PC 주요 부품_키보드,손목받침대(팜레스트)/실리콘,https://prod.danawa.com/info/?pcode=108356054,2026-09-27T11:10+00:00,Danawa search (lowest listed price across malls)
키보드 손목받침대,COX COS1 TKL 텐키리스 어고노믹 월넛 팜레스트,19400,33,PC 주요 부품_키보드,손목받침대(팜레스트)/나무/호두나무 원목,https://prod.danawa.com/info/?pcode=12706379,2026-09-27T11:10+00:00,Danawa search (lowest listed price across malls)
키보드 손목받침대,FL-ESPORTS FL-CMMK 월넛 팜레스트,14900,9,PC 주요 부품_키보드,손목받침대(팜레스트)/나무,https://prod.danawa.com/info/?pcode=40577945,2026-09-27T11:10+00:00,Danawa search (lowest listed price across malls)
키보드 손목받침대,COX XOS87 나무 팜레스트 손목받침대,8500,76,PC 주요 부품_키보드,손목받침대(팜레스트)/나무,https://prod.danawa.com/info/?pcode=103414325,2026-09-27T11:10+00:00,Danawa search (lowest listed price across malls)
키보드 손목받침대,앱코 ARC1 아크릴 팜레스트 손목 받침대,13770,61,PC 주요 부품_키보드,손목받침대(팜레스트)/아크릴,https://prod.danawa.com/info/?pcode=12971420,2026-09-27T11:10+00:00,Danawa search (lowest listed price across malls)
키보드 손목받침대,COX SPT1 TKL 편해 실리콘 팜레스트,15500,63,PC 주요 부품_키보드,손목받침대(팜레스트)/실리콘,https://prod.danawa.com/info/?pcode=108356045,2026-09-27T11:10+00:00,Danawa search (lowest listed price across malls)
키보드 손목받침대,앱코 ASA87 양면 사계절 팜레스트,9900,47,PC 주요 부품_키보드,손목받침대(팜레스트)/실리콘,https://prod.danawa.com/info/?pcode=79558838,2026-09-27T11:10+00:00,Danawa search (lowest listed price across malls)
여행용 세면 파우치 걸이,라일리 Rly 방수 여행용 걸이식 파우치 걸이형 여행용 세면도 51684007,29130,9,패션잡화_가방,가방/캐리어/여행가방/기내용캐리어,https://prod.danawa.com/info/?pcode=123832622,2026-09-27T11:10+00:00,Danawa search (lowest listed price across malls)
여행용 세면 파우치 걸이,라일리 Rly 장만A661 여행용 파우치 세면도구 걸이식 가방 38157254,11460,88,패션잡화_가방,캐리어/여행가방/ 기내용캐리어,https://prod.danawa.com/info/?pcode=93978977,2026-09-27T11:10+00:00,Danawa search (lowest listed price across malls)
여행용 세면 파우치 걸이,라일리 Rly 걸이형 여행용 파우치 메쉬 세면도구 파우치 방수 50007378,28160,9,패션잡화_가방,가방/캐리어/여행가방/캐리어세트,https://prod.danawa.com/info/?pcode=122918333,2026-09-27T11:10+00:00,Danawa search (lowest listed price across malls)
여행용 세면 파우치 걸이,라일리 Rly 여행용 세면도구 걸이형 멀티 수납함 파우치 HT 51080606,10310,9,패션잡화_가방,가방/캐리어/여행가방/캐리어세트,https://prod.danawa.com/info/?pcode=122946722,2026-09-27T11:10+00:00,Danawa search (lowest listed price across malls)
여행용 세면 파우치 걸이,빅토리녹스 여행 필수품 걸이식 세면도구 가방 블랙 파우치 320302 여행 필수품 걸이식 세면,173700,1,패션잡화_가방,가방/백팩,https://prod.danawa.com/info/?pcode=72808886,2026-09-27T11:10+00:00,Danawa search (lowest listed price across malls)
여행용 세면 파우치 걸이,라일리 Rly 휴대용 여행용 세면 백 걸이형 여행용 파우치 워 50041147,21480,9,패션잡화_가방,가방/여행소품/워시백,https://prod.danawa.com/info/?pcode=122993102,2026-09-27T11:10+00:00,Danawa search (lowest listed price across malls)
여행용 세면 파우치 걸이,라일리 Rly 걸이식 여행용 세면 고리형 파우치 벽걸이 방수 52888069,18220,9,패션잡화_가방,가방/캐리어/여행가방/기내용캐리어,https://prod.danawa.com/info/?pcode=124233237,2026-09-27T11:10+00:00,Danawa search (lowest listed price across malls)
여행용 세면 파우치 걸이,라일리 Rly 휴대용 여행용 세면 파우치 걸이형 워시 세면도구 52888074,18150,9,패션잡화_가방,가방/여행소품/워시백,https://prod.danawa.com/info/?pcode=124232870,2026-09-27T11:10+00:00,Danawa search (lowest listed price across malls)
여행용 세면 파우치 걸이,라일리 Rly pvc 파우치 벽걸이 세면 투명 걸이형 세면도구 52535044,20020,9,패션잡화_가방,가방/캐리어/여행가방/캐리어세트,https://prod.danawa.com/info/?pcode=124147812,2026-09-27T11:10+00:00,Danawa search (lowest listed price across malls)
여행용 세면 파우치 걸이,라일리 Rly 걸이형 여행용 세면 파우치 워시백 수납가방 52534968,16440,9,패션잡화_가방,가방/여행소품/워시백,https://prod.danawa.com/info/?pcode=124151849,2026-09-27T11:10+00:00,Danawa search (lowest listed price across malls)
여행용 세면 파우치 걸이,라일리 Rly 세면파우치 와인 여행용세면걸이 3단구성세면가방 52538027,13100,9,패션잡화_가방,가방/캐리어/여행가방/캐리어세트,https://prod.danawa.com/info/?pcode=124145620,2026-09-27T11:10+00:00,Danawa search (lowest listed price across malls)
여행용 세면 파우치 걸이,라일리 Rly 여행용 세면 파우치 여행용 수납 파우치 걸이형 52143308,15460,9,패션잡화_가방,가방/캐리어/여행가방/캐리어세트,https://prod.danawa.com/info/?pcode=124097776,2026-09-27T11:10+00:00,Danawa search (lowest listed price across malls)
여행용 세면 파우치 걸이,라일리 Rly 여행용 걸이식 파우치 휴대용 세면도구 가방 다용 52143318,28240,9,패션잡화_가방,가방/캐리어/여행가방/캐리어세트,https://prod.danawa.com/info/?pcode=124099661,2026-09-27T11:10+00:00,Danawa search (lowest listed price across malls)
여행용 세면 파우치 걸이,라일리 Rly 여행용 세면도구 가방 다용도 파우치 걸이식 접이 52143165,15950,9,패션잡화_가방,가방/캐리어/여행가방/캐리어세트,https://prod.danawa.com/info/?pcode=124080954,2026-09-27T11:10+00:00,Danawa search (lowest listed price across malls)
여행용 세면 파우치 걸이,라일리 Rly 여행용 세면 파우치 휴대용 세면 백 걸이형 여행 52139663,15220,9,패션잡화_가방,가방/캐리어/여행가방/캐리어세트,https://prod.danawa.com/info/?pcode=124077393,2026-09-27T11:10+00:00,Danawa search (lowest listed price across malls)
강아지 하네스 리드줄 세트,쏘아베 대형견 가슴줄 25mm 세트,14990,73,취미_강아지용품,하네스+리드줄/길이: 1.2m/재질: 폴리에스테르/크기: 70cm,https://prod.danawa.com/info/?pcode=33155087,2026-09-27T11:10+00:00,Danawa search (lowest listed price across malls)
강아지 하네스 리드줄 세트,쏘아베 대형견 목줄 25mm 세트,10470,53,취미_강아지용품,목줄+리드줄/하네스+리드줄/길이: 1.2m/재질: 폴리에스테르/크기: 40cm,https://prod.danawa.com/info/?pcode=59794112,2026-09-27T11:10+00:00,Danawa search (lowest listed price across malls)
강아지 하네스 리드줄 세트,지엠펫 또사구 유선타입 별 하네스 XL 세트,10400,620,취미_강아지용품,하네스+리드줄/길이: 1.2m/크기: 48cm,https://prod.danawa.com/info/?pcode=33143783,2026-09-27T11:10+00:00,Danawa search (lowest listed price across malls)
강아지 하네스 리드줄 세트,지엠펫 스카이워크 Y하네스 L 세트,5920,121,취미_강아지용품,하네스+리드줄/Y형/길이: 1.2m/크기: 44cm,https://prod.danawa.com/info/?pcode=33143666,2026-09-27T11:10+00:00,Danawa search (lowest listed price across malls)
강아지 하네스 리드줄 세트,도기프렌드 대형견용 트위스트 반사가슴줄세트,12780,3,취미_강아지용품,하네스+리드줄,https://prod.danawa.com/info/?pcode=33147212,2026-09-27T11:10+00:00,Danawa search (lowest listed price across malls)
강아지 하네스 리드줄 세트,펫츠랜드 애견 데님 가슴줄세트,4900,3,취미_강아지용품,하네스+리드줄/재질: 데님,https://prod.danawa.com/info/?pcode=33162833,2026-09-27T11:10+00:00,Danawa search (lowest listed price across malls)
강아지 하네스 리드줄 세트,세븐펫 찰떡 하네스 + 리드줄 세트,29500,1,취미_강아지용품,하네스+리드줄,https://prod.danawa.com/info/?pcode=104231339,2026-09-27T11:10+00:00,Danawa search (lowest listed price across malls)
강아지 하네스 리드줄 세트,도그아이 데님 하네스 + 리드줄 세트 진청,5900,2,취미_강아지용품,하네스+리드줄,https://prod.danawa.com/info/?pcode=104050790,2026-09-27T11:10+00:00,Danawa search (lowest listed price across malls)
강아지 하네스 리드줄 세트,지엠펫 메쉬 반사 하네스 L 세트,17450,23,취미_강아지용품,하네스+리드줄/길이: 1.2m/크기: 49cm,https://prod.danawa.com/info/?pcode=60932015,2026-09-27T11:10+00:00,Danawa search (lowest listed price across malls)
강아지 하네스 리드줄 세트,쏘아베 솔리드 가슴줄 10mm 세트,7500,109,취미_강아지용품,하네스+리드줄/길이: 1.2m/재질: 폴리에스테르/크기: 41cm,https://prod.danawa.com/info/?pcode=33142952,2026-09-27T11:10+00:00,Danawa search (lowest listed price across malls)
강아지 하네스 리드줄 세트,펫라이프 트릭시 고양이 하네스&리드줄 세트 야광 블루,8880,21,취미_강아지용품,강아지용품/강아지 외출/놀이/훈련,https://prod.danawa.com/info/?pcode=33170429,2026-09-27T11:10+00:00,Danawa search (lowest listed price across malls)
강아지 하네스 리드줄 세트,지엠펫 스카이워크 Y하네스 M 세트,5040,94,취미_강아지용품,하네스+리드줄/Y형/길이: 1.2m/크기: 38cm,https://prod.danawa.com/info/?pcode=33143429,2026-09-27T11:10+00:00,Danawa search (lowest listed price across malls)
강아지 하네스 리드줄 세트,지엠펫 메쉬 반사 하네스 M 세트,11150,48,취미_강아지용품,하네스+리드줄/길이: 1.2m/크기: 43cm,https://prod.danawa.com/info/?pcode=62293787,2026-09-27T11:10+00:00,Danawa search (lowest listed price across malls)
강아지 하네스 리드줄 세트,쏘아베 솔리드 가슴줄 15mm 세트,15850,1,취미_강아지용품,하네스+리드줄/길이: 1.2m/재질: 폴리에스테르/크기: 52cm,https://prod.danawa.com/info/?pcode=61824827,2026-09-27T11:10+00:00,Danawa search (lowest listed price across malls)
강아지 하네스 리드줄 세트,패리스독 패딩하네스 리드줄 세트,16260,2,취미_강아지용품,하네스,https://prod.danawa.com/info/?pcode=33139430,2026-09-27T11:10+00:00,Danawa search (lowest listed price across malls)
서랍 정리함 세트,한샘 샘키즈 보나 일반 옷장세트 2600,782900,8,가구/침구_행거/드레스룸,"유아/아동옷장/ 여닫이도어/프레임: 목재(MDF 외)/ 서랍장포함/크기(가로x세로x높이): 258x50x114cm/색상: 크림화이트, 오트밀베이지",https://prod.danawa.com/info/?pcode=99913076,2026-09-27T11:10+00:00,Danawa search (lowest listed price across malls)
서랍 정리함 세트,한샘 샘키즈 보나 일반/프레임 옷장세트 2600,935810,5,가구/침구_행거/드레스룸,"유아/아동옷장/ 여닫이도어/프레임: 목재(MDF 외)/ 서랍장포함/크기(가로x세로x높이): 258x50x114cm/색상: 크림화이트, 오트밀베이지",https://prod.danawa.com/info/?pcode=99913079,2026-09-27T11:10+00:00,Danawa search (lowest listed price across malls)
서랍 정리함 세트,LG전자 트롬 오브제컬렉션 RD20GNGF,1396149,27,생활가전_세탁기,건조: 20kg/ 세탁물케어/ 세탁기 조작연동/ 건조:1등급/ AI건조/ AI에너지절약/ 옷감손상이 적은 히트펌프 건조/ 통살균/ 듀얼인버터DD모터/ 이지서클컨트롤/ 조작부연동,https://prod.danawa.com/info/?pcode=123696790,2026-09-27T11:10+00:00,Danawa search (lowest listed price across malls)
서랍 정리함 세트,한샘 샘키즈 교구장세트 자석보드형 1200,391280,11,가구/침구_수납가구,"장난감수납장/수납형태: 선반+박스서랍형/단수: 7단/여닫이/E0등급/프레임: 목재(MDF 외)/특징: 이동선반/크기(가로x세로x높이): 120x39.5x114.1cm/색상: 크림화이트, 라이트메이플",https://prod.danawa.com/info/?pcode=76070549,2026-09-27T11:10+00:00,Danawa search (lowest listed price across malls)
서랍 정리함 세트,조셉조셉 서랍 나이프블록 주방 식칼정리함 그레이 칼보관 싱크대 논슬립 미끄럼방지 요리 살림템,48500,1,생활/주방_냄비/프라이팬/조리도구,주방용품/그릇/홈세트/쟁반/트레이,https://prod.danawa.com/info/?pcode=30947405,2026-09-27T11:10+00:00,Danawa search (lowest listed price across malls)
서랍 정리함 세트,모든집 40x40 알뜰set 소2+중4+대2 안심소재인증 국내생산 욕실 주방 다용도 서랍 수납함,19900,2,생활/주방_일회용품/주방잡화,주방용품,https://prod.danawa.com/info/?pcode=30772277,2026-09-27T11:10+00:00,Danawa search (lowest listed price across malls)
서랍 정리함 세트,한샘 샘키즈 플레이하우스세트 벤치형,499000,10,가구/침구_수납가구,"장난감수납장/수납형태: 선반+서랍형/단수: 2단/오픈형/E0등급/프레임: 목재(MDF 외)/특징: LED기능/크기(가로x세로x높이): 120x39.5x148.7cm/색상: 크림화이트, 라이트메이플",https://prod.danawa.com/info/?pcode=76071014,2026-09-27T11:10+00:00,Danawa search (lowest listed price across malls)
서랍 정리함 세트,장인가구 펑키키즈 베이비장 세트 B 2320,567050,6,가구/침구_행거/드레스룸,유아/아동옷장/ 여닫이도어/프레임: 목재(MDF 외)/ 서랍장포함/크기(가로x세로x높이): 232x48x110cm/색상: 위스퍼화이트,https://prod.danawa.com/info/?pcode=19300787,2026-09-27T11:10+00:00,Danawa search (lowest listed price across malls)
서랍 정리함 세트,위주 비닐봉투 씽크대 서랍 정리함 중 3개 풀세트,5200,31,생활/주방_일회용품/주방잡화,주방용품/주방수납/정리/주방정리소품,https://prod.danawa.com/info/?pcode=31322522,2026-09-27T11:10+00:00,Danawa search (lowest listed price across malls)
서랍 정리함 세트,달팽이리빙 드마망 서랍 수납 칸막이 정리함 4종 세트 1세트,11480,1,생활/주방_수납/생활잡화,수납/생활잡화/리빙박스/바구니,https://prod.danawa.com/info/?pcode=31557770,2026-09-27T11:10+00:00,Danawa search (lowest listed price across malls)
서랍 정리함 세트,위주 비닐봉투 씽크대 서랍 정리함 대 3개 풀세트,6040,20,생활/주방_일회용품/주방잡화,주방용품/주방수납/정리/주방정리소품,https://prod.danawa.com/info/?pcode=31322378,2026-09-27T11:10+00:00,Danawa search (lowest listed price across malls)
서랍 정리함 세트,위주 비닐봉투 씽크대 서랍 정리함 소 3개 풀세트,3940,12,생활/주방_일회용품/주방잡화,주방용품/주방수납/정리/주방정리소품,https://prod.danawa.com/info/?pcode=31322723,2026-09-27T11:10+00:00,Danawa search (lowest listed price across malls)
서랍 정리함 세트,택배 무료-화장품 정리함 1단 서랍 세트 DA,109700,1,건강/실버_건강/의료용품,,https://prod.danawa.com/info/?pcode=92529893,2026-09-27T11:10+00:00,Danawa search (lowest listed price across malls)
서랍 정리함 세트,한샘 샘키즈 보나 프레임 옷장세트 2600,864450,8,가구/침구_행거/드레스룸,"유아/아동옷장/ 여닫이도어/프레임: 목재(MDF 외)/ 서랍장포함/크기(가로x세로x높이): 258x50x114cm/색상: 크림화이트, 오트밀베이지",https://prod.danawa.com/info/?pcode=99913583,2026-09-27T11:10+00:00,Danawa search (lowest listed price across malls)
서랍 정리함 세트,한샘 샘키즈 슬라이딩 수납장 옷장 박스 870,180000,10,가구/침구_수납가구,"장난감수납장/수납형태: 선반+박스서랍형/단수: 5단/오픈형/E0등급/프레임: 목재(MDF 외)/크기(가로x세로x높이): 87.4x39.5x114cm/색상: 크림화이트, 라이트메이플",https://prod.danawa.com/info/?pcode=45545816,2026-09-27T11:10+00:00,Danawa search (lowest listed price across malls)
저항밴드 세트,바디스컬쳐 저항밴드 3종세트,9240,64,스포츠/레저_헬스,근력밴드/ 스트레칭밴드/길이: 25cm/구성: 1~3단계 밴드,https://prod.danawa.com/info/?pcode=6765508,2026-09-27T11:10+00:00,Danawa search (lowest listed price across malls)
저항밴드 세트,플러그피트니스 파워 저항밴드 5종세트,14840,12,스포츠/레저_헬스,"근력밴드/ 스트레칭밴드/추가구성: 발목스트랩, 도어앵커, 핸드그립/구성: 저항밴드 5개, 저항손잡이 2개, 발목밴드 2개, 도어앵커, 전용파우치",https://prod.danawa.com/info/?pcode=17313509,2026-09-27T11:10+00:00,Danawa search (lowest listed price across malls)
저항밴드 세트,플러그피트니스 파워 저항밴드 세트,14680,3,스포츠/레저_헬스,"근력밴드/ 튜빙밴드/추가구성: 발목스트랩, 도어앵커, 핸드그립/길이: 120cm/구성: 1~5단계",https://prod.danawa.com/info/?pcode=12729515,2026-09-27T11:10+00:00,Danawa search (lowest listed price across malls)
저항밴드 세트,우성레포츠 아리프 저항 밴드 6단계 세트,19300,12,스포츠/레저_헬스,근력밴드/ 스트레칭밴드/구성: 1~6단계 세트,https://prod.danawa.com/info/?pcode=18974510,2026-09-27T11:10+00:00,Danawa search (lowest listed price across malls)
저항밴드 세트,대연이엔티 업앤쉐이프 저항밴드 3종세트,5760,19,스포츠/레저_헬스,근력밴드/ 루프밴드/구성: 1~3단계/길이: 60cm/너비: 5cm,https://prod.danawa.com/info/?pcode=13508213,2026-09-27T11:10+00:00,Danawa search (lowest listed price across malls)
저항밴드 세트,바디엑스 파워튜빙 저항밴드 3종세트,18140,11,스포츠/레저_헬스,"근력밴드/ 튜빙밴드/추가구성: 도어앵커, 핸드그립/주부위운동: 전신",https://prod.danawa.com/info/?pcode=122634336,2026-09-27T11:10+00:00,Danawa search (lowest listed price across malls)
저항밴드 세트,또플러스 2단 스텝박스 저항밴드 세트,45370,2,스포츠/레저_헬스,스텝박스/미끄럼방지발판/주부위운동: 하체/최대하중: 150kg/크기(가로x세로x높이): 68x29x16cm/무게: 2.4kg,https://prod.danawa.com/info/?pcode=90892043,2026-09-27T11:10+00:00,Danawa search (lowest listed price across malls)
가죽 데스크매트 대형,아리아라 고급 VIP 대형 가죽 데스크패드,53280,108,문구/사무_파일/사무용품,"데스크패드/종류: 기억자형, 일자형/크기: 800 x 470mm, 800 x 500mm",https://prod.danawa.com/info/?pcode=6692734,2026-09-27T11:10+00:00,Danawa search (lowest listed price across malls)
가죽 데스크매트 대형,루비아르 대형 가죽 데스크매트,9710,14,문구/사무_파일/사무용품,데스크패드/크기: 90x45cm,https://prod.danawa.com/info/?pcode=79542938,2026-09-27T11:10+00:00,Danawa search (lowest listed price across malls)
가죽 데스크매트 대형,아리아라 리더스토어 대한민국 가죽 메탈 데스크매트 대형 80cm 다크브라운,47840,19,문구/사무_파일/사무용품,데스크패드,https://prod.danawa.com/info/?pcode=33072224,2026-09-27T11:10+00:00,Danawa search (lowest listed price across malls)
가죽 데스크매트 대형,아리아라 VIP 대형 가죽 데스크패드 매트,60720,1,문구/사무_파일/사무용품,"데스크패드/색상: 그린,다크브라운,블루,블랙/크기: 47x80x0.3cm",https://prod.danawa.com/info/?pcode=79522043,2026-09-27T11:10+00:00,Danawa search (lowest listed price across malls)
가죽 데스크매트 대형,비세이프 가죽 와이드 대형 데스크매트,7900,17,문구/사무_파일/사무용품,데스크패드/크기: 120x60cm,https://prod.danawa.com/info/?pcode=41333591,2026-09-27T11:10+00:00,Danawa search (lowest listed price across malls)
가죽 데스크매트 대형,뉴퍼펙트 히키스 사무실 정리 심플컬러 양면가죽매트 대형 데스크패드,5680,3,문구/사무_파일/사무용품,데스크패드,https://prod.danawa.com/info/?pcode=33085685,2026-09-27T11:10+00:00,Danawa search (lowest listed price across malls)
노트북 파우치 13인치,HP 스펙터 가죽 파우치 13.3인치 W5T46AA,37130,12,패션잡화_가방,노트북파우치/ 노트북수납: 33.02cm(13인치대)/메인소재: 천연가죽/HP 노트북 전용,https://prod.danawa.com/info/?pcode=8437743,2026-09-27T11:10+00:00,Danawa search (lowest listed price across malls)
노트북 파우치 13인치,타거스 T-1211 노트북 파우치,12400,4,패션잡화_가방,"노트북파우치/ 노트북수납: 33.02cm(13인치대)/메인소재: 폴리에스터/우레탄/색상 : 블랙, 그레이/내부사이즈 : 31.7 x 2 x 23. 6 cm",https://prod.danawa.com/info/?pcode=4546524,2026-09-27T11:10+00:00,Danawa search (lowest listed price across malls)
노트북 파우치 13인치,캉골 아이콘 Ⅲ 메신저백 2059,117890,2,패션잡화_가방,"캐주얼가방/크로스백/메신저백/추가구성품: 파우치/ 노트북수납: 33.02cm(13인치대)/메인소재: 나일론/크기(가로x세로x폭): 36x24x12cm/색상: 블랙/출시가: 128,000원",https://prod.danawa.com/info/?pcode=18623813,2026-09-27T11:10+00:00,Danawa search (lowest listed price across malls)
노트북 파우치 13인치,킨맥 킨맥 360쉴드 노트북 파우치 13.3인치 (메탈블랙),24370,3,패션잡화_가방,노트북파우치/ 노트북수납: 33.02cm(13인치대),https://prod.danawa.com/info/?pcode=96842171,2026-09-27T11:10+00:00,Danawa search (lowest listed price across malls)
노트북 파우치 13인치,킨맥 360쉴드 노트북 파우치 13.3인치 (버건디),24260,2,패션잡화_가방,노트북파우치/ 노트북수납: 33.02cm(13인치대)/메인소재: 폴리에스터/우레탄/크기(가로x세로x폭): 36.5x25.5x3.5cm/색상: 버건디,https://prod.danawa.com/info/?pcode=13970897,2026-09-27T11:10+00:00,Danawa search (lowest listed price across malls)
노트북 파우치 13인치,심플 포켓 노트북파우치 갤럭시북 이온 플렉스 13인치 15인치 맥북16인치 그램17인치,15900,1,패션잡화_가방,노트북파우치,https://prod.danawa.com/info/?pcode=43305728,2026-09-27T11:10+00:00,Danawa search (lowest listed price across malls)
노트북 파우치 13인치,대니온 오픈형 미니 노트북 파우치 LT803 12.9-13인치 그린,21000,1,패션잡화_가방,노트북파우치,https://prod.danawa.com/info/?pcode=43308749,2026-09-27T11:10+00:00,Danawa search (lowest listed price across malls)
노트북 파우치 13인치,Bass 엑스엑스 D31784 노트북 슬리브 13-13.3인치 단품,15730,2,패션잡화_가방,노트북파우치,https://prod.danawa.com/info/?pcode=43305200,2026-09-27T11:10+00:00,Danawa search (lowest listed price across malls)
노트북 파우치 13인치,쌤소나이트 13인치 아라몬 Sleeve 43319-1041,35750,6,패션잡화_가방,노트북파우치/ 노트북수납: 33.02cm(13인치대)/색상: 블랙,https://prod.danawa.com/info/?pcode=13615787,2026-09-27T11:10+00:00,Danawa search (lowest listed price across malls)
노트북 파우치 13인치,ELECOM CODURA PC 이너백,37130,2,패션잡화_가방,"노트북파우치/ 노트북수납: 33.02cm(13인치대)/메인소재: 나일론/크기 : 355 x 270 x 30mm/색상 : 그린, 블루, 블랙/업체마다 판매되는 색상이 다를 수 있으니 구매 전 확인 필수",https://prod.danawa.com/info/?pcode=5855980,2026-09-27T11:10+00:00,Danawa search (lowest listed price across malls)
노트북 파우치 13인치,OMT 태블릿 파우치 가방 13인치,16110,31,태블릿/휴대폰_태블릿 주변용품,태블릿케이스/ 파우치형/ 패브릭/방수,https://prod.danawa.com/info/?pcode=72113810,2026-09-27T11:10+00:00,Danawa search (lowest listed price across malls)
노트북 파우치 13인치,킨맥 360쉴드 노트북 파우치 13.3인치 (투톤그레이),24370,2,패션잡화_가방,노트북파우치/노트북가방/ 노트북수납: 33.02cm(13인치대)/메인소재: 폴리에스터/우레탄/크기(가로x세로x폭): 36.5x25.5x3.5cm/색상: 투톤그레이,https://prod.danawa.com/info/?pcode=16162274,2026-09-27T11:10+00:00,Danawa search (lowest listed price across malls)
노트북 파우치 13인치,OMT 노트북 파우치 ONB-VR,11997,1,패션잡화_가방,노트북파우치/ 노트북수납: 33.02cm(13인치대)/메인소재: 폴리에스터/우레탄/방수/스크래치방지/크기 : 345 x 260mm/무게 : 180g/색상 : 블랙,https://prod.danawa.com/info/?pcode=15188414,2026-09-27T11:10+00:00,Danawa search (lowest listed price across malls)
노트북 파우치 13인치,LG전자 LG그램 전용 파우치 13인치,14920,3,패션잡화_가방,노트북파우치/ 노트북수납: 33.02cm(13인치대)/메인소재: 인조가죽,https://prod.danawa.com/info/?pcode=73469384,2026-09-27T11:10+00:00,Danawa search (lowest listed price across malls)
노트북 파우치 13인치,로마네 브런치 브라더 13형 푸들 오픈 노트북 파우치 블랙,26320,102,패션잡화_가방,숄더백/파우치/노트북파우치,https://prod.danawa.com/info/?pcode=49272455,2026-09-27T11:10+00:00,Danawa search (lowest listed price across malls)
고양이 브러쉬 원터치,라무달리 반려동물 원터치 브러쉬,14840,10,취미_강아지용품,강아지·고양이 겸용/브러쉬/재질: HIPS+TPR+STS/크기: 10.5x18.5cm,https://prod.danawa.com/info/?pcode=104631107,2026-09-27T11:10+00:00,Danawa search (lowest listed price across malls)
요가 스트랩,리복 요가 양말 RAYG-1007 미끄럼방지 스포츠 운동 필라테스 스트레칭 헬스 편한 스트랩,6720,126,스포츠/레저_스포츠잡화,양말/스포츠잡화,https://prod.danawa.com/info/?pcode=57242855,2026-09-27T11:10+00:00,Danawa search (lowest listed price across malls)
요가 스트랩,럼블롤러 요가매트 폼롤러 가방 이동용 스트랩,14900,3,스포츠/레저_헬스,요가용품/요가매트가방/크기(가로x세로x높이): 17x17x75cm,https://prod.danawa.com/info/?pcode=95931458,2026-09-27T11:10+00:00,Danawa search (lowest listed price across malls)
요가 스트랩,요가벨트 2.2m,7840,21,스포츠/레저_헬스,요가용품/ 요가스트랩/크기(폭x길이): 3x220cm,https://prod.danawa.com/info/?pcode=18753281,2026-09-27T11:10+00:00,Danawa search (lowest listed price across malls)
요가 스트랩,코리아스포츠 아이워너 가이드 밴드,5360,347,스포츠/레저_헬스,요가용품/ 요가스트랩/길이: 80cm/너비: 5cm,https://prod.danawa.com/info/?pcode=14225513,2026-09-27T11:10+00:00,Danawa search (lowest listed price across malls)
요가 스트랩,마리끌레르 요가매트 스트랩 MCS-R224 그린 요가매트이동도구 요가액세서리 요가도구 폼롤러캐링스트랩,10440,5,패션잡화_가방,숄더백,https://prod.danawa.com/info/?pcode=42445604,2026-09-27T11:10+00:00,Danawa search (lowest listed price across malls)
요가 스트랩,멜킨스포츠 휴대용 요가매트 스트랩 끈,5460,17,스포츠/레저_헬스,"요가용품/ 요가스트랩/길이(가로x세로): 4x164cm/색상: 카멜베이지, 로지핑크, 오트밀코튼, 코발트네이비, 돌체그레이, 스모키브라운, 모던블랙",https://prod.danawa.com/info/?pcode=20257970,2026-09-27T11:10+00:00,Danawa search (lowest listed price across malls)
요가 스트랩,나이키 요가 스트랩 DR5106-041 마스터리,11430,1,스포츠/레저_등산,가방,https://prod.danawa.com/info/?pcode=43355144,2026-09-27T11:10+00:00,Danawa search (lowest listed price across malls)
요가 스트랩,조이멀티 발가락논슬립 요가양말 스트랩토삭스 3족1세트 205159,11685,32,유아/완구_유아동의류/잡화/도서,유아동의류/잡화/도서/가방/잡화/액세서리/타이즈/양말,https://prod.danawa.com/info/?pcode=29561060,2026-09-27T11:10+00:00,Danawa search (lowest listed price across malls)
요가 스트랩,리복 요가매트 스트랩 RAYG-10024,6070,93,스포츠/레저_헬스,요가용품/ 요가스트랩/요가매트용스트랩/길이: 153cm,https://prod.danawa.com/info/?pcode=13788440,2026-09-27T11:10+00:00,Danawa search (lowest listed price across malls)
요가 스트랩,가네샤요가프랍스 8피트 요가 스트랩,8500,14,스포츠/레저_헬스,요가용품/ 요가스트랩/크기(가로x세로): 4.4x250cm,https://prod.danawa.com/info/?pcode=16142699,2026-09-27T11:10+00:00,Danawa search (lowest listed price across malls)
요가 스트랩,아디다스 베이직 요가 스트랩 ADYG-20200,6296,16,스포츠/레저_헬스,요가용품/ 요가스트랩/재질: 폴리에스터/미끄럼방지/D버클/크기(가로x세로x높이): 3.8x250x0.2cm,https://prod.danawa.com/info/?pcode=12554099,2026-09-27T11:10+00:00,Danawa search (lowest listed price across malls)
요가 스트랩,수나르 WIWU 레노버 아이디어패드 리전 슬림 X1 요가북 13인치 시티 스트랩 방수 슬림 노트북 파우치 가방 snc013..,37800,1,패션잡화_가방,파우치/노트북파우치,https://prod.danawa.com/info/?pcode=43306283,2026-09-27T11:10+00:00,Danawa search (lowest listed price across malls)
요가 스트랩,밸런시스코리아 밸런시스 매트 스트랩,9800,5,스포츠/레저_헬스,요가용품/ 요가스트랩/크기(가로x세로): 150x3.8cm,https://prod.danawa.com/info/?pcode=19702229,2026-09-27T11:10+00:00,Danawa search (lowest listed price across malls)
요가 스트랩,모아클래스 프리미엄 요가매트 스트랩,7496,6,스포츠/레저_헬스,요가용품/ 요가스트랩,https://prod.danawa.com/info/?pcode=15812393,2026-09-27T11:10+00:00,Danawa search (lowest listed price across malls)
요가 스트랩,요가디자인랩 요가 스트랩 터쿼이즈,22000,2,스포츠/레저_헬스,요가용품/ 요가스트랩/길이: 2.4m,https://prod.danawa.com/info/?pcode=15473447,2026-09-27T11:10+00:00,Danawa search (lowest listed price across malls)
등산스틱 카본 접이식,트렉스타 라이트 콤팩트 5단 일자 카본 스틱 세트 블랙,88030,13,스포츠/레저_등산,스틱/등산스틱/ 일자형/5단/ 카본/세트/ 접이식/ 바스켓/ 잠금장치/색상: 블랙,https://prod.danawa.com/info/?pcode=70100228,2026-09-27T11:13+00:00,Danawa search (lowest listed price across malls)
등산스틱 카본 접이식,블랙다이아몬드 디스턴스 카본 FLZ 폴 3단 카본 스틱 세트 BD112537,283570,25,스포츠/레저_등산,스틱/등산스틱/ 일자형/ 3단/ 카본/세트/ 잠금장치/ 접이식/ 등산장비/길이(무게): 34~110cm(156g)/길이(무게): 37~125cm(170g)/길이(무게): 40~140cm(184g),https://prod.danawa.com/info/?pcode=16497791,2026-09-27T11:13+00:00,Danawa search (lowest listed price across malls)
등산스틱 카본 접이식,트렉스타 라이트윙 3단 등산스틱 세트,57190,11,스포츠/레저_등산,"등산장비/ 스틱/등산스틱/ 일자형/ 3단/ 카본/세트/ 충격흡수장치/ 잠금장치/ 스트랩 길이 조절/ 초경촉/ 접이식/ 바스켓/색상: 블랙, 네이비/길이: 61~130cm(수납길이: 39cm)/무게: 1개당175g",https://prod.danawa.com/info/?pcode=80164580,2026-09-27T11:13+00:00,Danawa search (lowest listed price across malls)
등산스틱 카본 접이식,레키 크레시다 FX 카본 AS 5단 일자 스틱 세트 65220591,266800,16,스포츠/레저_등산,"등산장비/ 스틱/등산스틱/ 일자형/5단/ 카본/세트/ 스트랩 길이 조절/ 접이식/ 잠금장치/ 충격흡수장치/ 바스켓/길이: 40~120cm/무게: 1개당 258g/출시가: 362,500원",https://prod.danawa.com/info/?pcode=16812164,2026-09-27T11:13+00:00,Danawa search (lowest listed price across malls)
등산스틱 카본 접이식,블랙다이아몬드 디스턴스 카본 Z 폴 세트 BD112554,235550,49,스포츠/레저_등산,"등산장비/ 스틱/등산스틱/ 일자형/ 3단/ 카본/세트/ 접이식/ 러버풋탈부착/ 바스켓/길이: 105cm, 110cm, 115cm, 120cm, 125cm, 130cm/무게: 128g, 132g, 136g, 140g, 144g, 148g",https://prod.danawa.com/info/?pcode=122691737,2026-09-27T11:13+00:00,Danawa search (lowest listed price across malls)
등산스틱 카본 접이식,네파 조이 카본 폴딩 쌍스틱 7KC9007,127780,104,스포츠/레저_등산,스틱/등산스틱/ 일자형/ 카본/세트/ 잠금장치/ 접이식/ 바스켓/색상: 블루,https://prod.danawa.com/info/?pcode=124011270,2026-09-27T11:13+00:00,Danawa search (lowest listed price across malls)
등산스틱 카본 접이식,레키 마카루 FX 카본 AS 5단 일자 스틱 세트 65220631,275500,34,스포츠/레저_등산,"등산장비/ 스틱/등산스틱/ 일자형/5단/ 카본/세트/ 잠금장치/ 충격흡수장치/ 접이식/ 바스켓/ 스트랩 길이 조절/길이: 40~130cm/무게: 1개당 267g/출시가: 362,500원",https://prod.danawa.com/info/?pcode=16812161,2026-09-27T11:13+00:00,Danawa search (lowest listed price across malls)
등산스틱 카본 접이식,블랙다이아몬드 디스턴스 카본 Z FKT 폴 BD112556,324900,23,스포츠/레저_등산,"등산장비/ 스틱/등산스틱/ 일자형/ 3단/ 카본/세트/ 접이식/ 러버풋탈부착/길이: 100cm, 110cm, 115cm, 120cm, 125cm, 130cm/무게: 147g, 150g, 153g, 156g, 160g, 162g",https://prod.danawa.com/info/?pcode=122691629,2026-09-27T11:13+00:00,Danawa search (lowest listed price across malls)
등산스틱 카본 접이식,트렉스타 라이트 콤팩트 5단 일자 카본 스틱 세트 버건디,88030,7,스포츠/레저_등산,스틱/등산스틱/ 일자형/5단/ 카본/세트/ 잠금장치/ 접이식/ 바스켓/색상: 와인,https://prod.danawa.com/info/?pcode=70100231,2026-09-27T11:13+00:00,Danawa search (lowest listed price across malls)
등산스틱 카본 접이식,레키 크로스트레일 FX 수퍼라이트 컴팩트 와인 65426851,258020,14,스포츠/레저_등산,스틱/등산스틱/ 일자형/ 4단/ 카본/세트/ 잠금장치/ 접이식/ 바스켓/ 등산장비/길이: 42~120cm/무게: 1개당 197g,https://prod.danawa.com/info/?pcode=106693250,2026-09-27T11:13+00:00,Danawa search (lowest listed price across malls)
등산스틱 카본 접이식,노스페이스 올 카본 폴딩 스틱 세트 NA5SR50A,181360,345,스포츠/레저_등산,"등산장비/ 스틱/등산스틱/ 일자형/ 3단/ 카본/세트/ 접이식/ 바스켓/ 잠금장치/색상: 블랙/출시가: 299,000원",https://prod.danawa.com/info/?pcode=104374148,2026-09-27T11:13+00:00,Danawa search (lowest listed price across malls)
등산스틱 카본 접이식,블랙다이아몬드 디스턴스 카본 FLZ 폴 세트 BD112555,276160,81,스포츠/레저_등산,"스틱/등산스틱/ 일자형/ 3단/ 카본/세트/ 잠금장치/ 접이식/ 등산장비/길이: 95~110cm, 110~125cm, 125~140cm/무게: 154g, 168g, 182g",https://prod.danawa.com/info/?pcode=103186904,2026-09-27T11:13+00:00,Danawa search (lowest listed price across malls)
필라테스 링,런웨이브 필라테스 휠,8240,462,스포츠/레저_헬스,필라테스용품/ 필라테스링/크기(정면x측면x높이): 13x33x33cm/무게: 1.3kg,https://prod.danawa.com/info/?pcode=13740578,2026-09-27T11:13+00:00,Danawa search (lowest listed price across malls)
필라테스 링,포레샵 써클링,14000,3,스포츠/레저_헬스,필라테스용품/ 필라테스링/지름: 38cm,https://prod.danawa.com/info/?pcode=122681159,2026-09-27T11:13+00:00,Danawa search (lowest listed price across malls)
필라테스 링,파라브로 필라테스 써클링,3990,306,스포츠/레저_헬스,필라테스용품/ 필라테스링/지름: 38cm,https://prod.danawa.com/info/?pcode=14846822,2026-09-27T11:13+00:00,Danawa search (lowest listed price across malls)
필라테스 링,어펄스 써클링,116530,1,스포츠/레저_헬스,필라테스용품/ 요가링,https://prod.danawa.com/info/?pcode=73073375,2026-09-27T11:13+00:00,Danawa search (lowest listed price across malls)
필라테스 링,비에스코리아 에코요기 필라테스링,9510,3,스포츠/레저_헬스,필라테스용품/ 필라테스링/지름: 30cm/무게: 600g,https://prod.danawa.com/info/?pcode=13303748,2026-09-27T11:13+00:00,Danawa search (lowest listed price across malls)
필라테스 링,모크샤 요가 휠 33cm,38490,5,스포츠/레저_헬스,필라테스용품/ 필라테스링/크기(가로x세로): 13x33cm,https://prod.danawa.com/info/?pcode=14795375,2026-09-27T11:13+00:00,Danawa search (lowest listed price across malls)
필라테스 링,트로비스 필라테스링,8560,5,스포츠/레저_헬스,"필라테스용품/ 필라테스링/지름:핑크,블루-32cm/그린,퍼플,블랙-37cm",https://prod.danawa.com/info/?pcode=4888066,2026-09-27T11:13+00:00,Danawa search (lowest listed price across malls)
필라테스 링,에코리즈 뉴 필라테스링,13020,1,스포츠/레저_헬스,스트레칭용품/ 필라테스링/지름: 36.5cm/무게: 320g,https://prod.danawa.com/info/?pcode=15323381,2026-09-27T11:13+00:00,Danawa search (lowest listed price across malls)
필라테스 링,로우락 필라테스 링,9310,1,스포츠/레저_헬스,필라테스용품/ 필라테스링/지름: 38cm,https://prod.danawa.com/info/?pcode=15071666,2026-09-27T11:13+00:00,Danawa search (lowest listed price across malls)
필라테스 링,런웨이브 필라테스 링,4260,225,스포츠/레저_헬스,필라테스용품/ 필라테스링/크기(정면x측면x높이): 37.5x37.5x3.5cm/무게: 0.3kg,https://prod.danawa.com/info/?pcode=13621304,2026-09-27T11:13+00:00,Danawa search (lowest listed price across malls)
필라테스 링,대연이엔티 업앤쉐이프 요가 휠,23820,14,스포츠/레저_헬스,필라테스용품/ 필라테스링/크기(가로x세로x높이): 15x32x32cm,https://prod.danawa.com/info/?pcode=14445926,2026-09-27T11:13+00:00,Danawa search (lowest listed price across malls)
필라테스 링,맥스 써클링,14620,6,스포츠/레저_헬스,필라테스용품/ 필라테스링/크기(지름x두께): 37.5x3.5cm,https://prod.danawa.com/info/?pcode=18870068,2026-09-27T11:13+00:00,Danawa search (lowest listed price across malls)
골프 스윙 연습기,타바타 코어스윙 바람개비 스윙연습기,74490,36,골프_골프용품,스윙연습용품/바람개비/(가로x세로x깊이):75x1100mm/ 무게: 300g,https://prod.danawa.com/info/?pcode=2726691,2026-09-27T11:13+00:00,Danawa search (lowest listed price across malls)
골프 스윙 연습기,켈윈 자가진단 스윙연습기,20940,741,골프_골프용품,스윙연습용품/스윙연습기(하드타입)/(가로x세로x깊이):700mm,https://prod.danawa.com/info/?pcode=3240263,2026-09-27T11:13+00:00,Danawa search (lowest listed price across malls)
골프 스윙 연습기,보이스캐디 디지털 스윙스틱 SS10,134100,23,골프_골프용품,스윙연습용품/스윙연습기(하드타입)/(가로x세로x깊이):700mm/ 무게: 450g,https://prod.danawa.com/info/?pcode=103692152,2026-09-27T11:13+00:00,Danawa search (lowest listed price across malls)
골프 스윙 연습기,켈윈 테크니컬 스윙연습기,28420,551,골프_골프용품,스윙연습용품/스윙연습기(하드타입)/(가로x세로x깊이):900mm,https://prod.danawa.com/info/?pcode=4796723,2026-09-27T11:13+00:00,Danawa search (lowest listed price across malls)
골프 스윙 연습기,오렌지볼 스윙연습기,96600,6,골프_골프용품,스윙연습용품/스윙연습기(소프트)/(가로x세로x깊이):1143mm/ 무게: 810g,https://prod.danawa.com/info/?pcode=6661864,2026-09-27T11:13+00:00,Danawa search (lowest listed price across malls)
골프 스윙 연습기,위너스피릿 미라클 201V3 골프스윙연습기,102960,16,골프_골프용품,스윙연습용품/스윙연습기(하드타입)/(가로x세로x깊이):705x35mm/ 무게: 520g,https://prod.danawa.com/info/?pcode=37351058,2026-09-27T11:13+00:00,Danawa search (lowest listed price across malls)
골프 스윙 연습기,켈윈 리드미컬 템포 멀티 스윙연습기,41590,568,골프_골프용품,스윙연습용품/스윙연습기(소프트)/(가로x세로x깊이):870mm,https://prod.danawa.com/info/?pcode=3240451,2026-09-27T11:13+00:00,Danawa search (lowest listed price across malls)
골프 스윙 연습기,켈윈 LED 스윙연습기,33540,481,골프_골프용품,스윙연습용품/스윙연습기(하드타입)/(가로x세로x깊이):795mm,https://prod.danawa.com/info/?pcode=5717546,2026-09-27T11:13+00:00,Danawa search (lowest listed price across malls)
골프 스윙 연습기,천둥골프 스피드폼 골프스윙연습기,53100,1,골프_골프용품,"스윙연습용품/스윙연습기(하드타입)/(가로x세로x깊이):970mm, 1230mm",https://prod.danawa.com/info/?pcode=12922874,2026-09-27T11:13+00:00,Danawa search (lowest listed price across malls)
골프 스윙 연습기,쉘톤 루키루키 스윙브러쉬 스윙연습기,52620,13,골프_골프용품,스윙연습용품/스윙연습기(하드타입),https://prod.danawa.com/info/?pcode=102754373,2026-09-27T11:13+00:00,Danawa search (lowest listed price across malls)
골프 스윙 연습기,베스컨 프라임 스윙배트 38인치,139000,307,골프_골프용품,스윙연습용품/스윙연습기(하드타입)/ 무게: 620g,https://prod.danawa.com/info/?pcode=1835517,2026-09-27T11:13+00:00,Danawa search (lowest listed price across malls)
골프 스윙 연습기,턴트골프 비거리향상 스윙연습기,13900,210,골프_골프용품,"스윙연습용품/스윙연습기(소프트)/(가로x세로x깊이):1000mm, 1200mm/ 무게: 570g, 600g",https://prod.danawa.com/info/?pcode=16489676,2026-09-27T11:13+00:00,Danawa search (lowest listed price across malls)
자전거 핸드폰 거치대 알루미늄,GUB G81 알미늄 스마트폰거치대,4920,6,스포츠/레저_자전거,"휴대폰 거치대/휴대폰 사이즈: 100mm/색상: 블랙, 레드, 실버",https://prod.danawa.com/info/?pcode=8219419,2026-09-27T11:13+00:00,Danawa search (lowest listed price across malls)
자전거 핸드폰 거치대 알루미늄,PH 알루미늄 스마트폰 거치대,13400,1,스포츠/레저_자전거,휴대폰 거치대/ 거치스탠드/거치가능: 1대/호환기종: 전 기종 사용가능/재질: 알루미늄 합금/중량: 120g,https://prod.danawa.com/info/?pcode=18108299,2026-09-27T11:13+00:00,Danawa search (lowest listed price across malls)
자전거 핸드폰 거치대 알루미늄,BENGUO 알루미늄 자전거 스마트폰거치대,16100,14,스포츠/레저_자전거,자전거 거치대,https://prod.danawa.com/info/?pcode=8399247,2026-09-27T11:13+00:00,Danawa search (lowest listed price across malls)
자전거 핸드폰 거치대 알루미늄,GUB P-10 스마트폰 거치대,12360,8,스포츠/레저_자전거,"휴대폰 거치대/사이즈: 5.5x7.6x10cm/무게: 74g/색상: 블랙, 레드, 티타늄",https://prod.danawa.com/info/?pcode=15411014,2026-09-27T11:13+00:00,Danawa search (lowest listed price across malls)
캠핑 미니 테이블 알루미늄,생활살림 오펜 접이식 테이블,13740,9,스포츠/레저_캠핑,"미니테이블/2폴딩/상판재질: 합판/프레임재질: 알루미늄/ 경량/무게: 2kg/크기(가로x세로x높이): 61x42.5x26.5cm/색상: 크랙아이보리, 우드, 블랙",https://prod.danawa.com/info/?pcode=15179666,2026-09-27T11:13+00:00,Danawa search (lowest listed price across malls)
캠핑 미니 테이블 알루미늄,라이프스포츠 울트라 테이블 테트라,61930,37,스포츠/레저_캠핑,미니테이블/상판재질: 알루미늄/ 경량/무게: 580g/내하중: 15kg/크기(가로x세로x높이): 47x33x23.8cm,https://prod.danawa.com/info/?pcode=16954211,2026-09-27T11:13+00:00,Danawa search (lowest listed price across malls)
캠핑 미니 테이블 알루미늄,카즈미 아이언 메쉬 피크닉 테이블,19750,133,스포츠/레저_캠핑,"미니테이블/2폴딩/상판재질: 스틸/프레임재질: 알루미늄/ 경량/무게: 1.3kg/크기(가로x세로x높이): 설치시-60x40x27cm, 수납시-42.5x31.5x4.5cm/내하중: 10kg",https://prod.danawa.com/info/?pcode=9945876,2026-09-27T11:13+00:00,Danawa search (lowest listed price across malls)
캠핑 미니 테이블 알루미늄,로티캠프 접이식 미니 슬림 테이블,16450,25,스포츠/레저_캠핑,미니테이블/2폴딩/상판재질: 합판/프레임재질: 알루미늄/ 경량/무게: 1.2kg/크기(가로x세로x높이): 60x40x25(cm),https://prod.danawa.com/info/?pcode=5581099,2026-09-27T11:13+00:00,Danawa search (lowest listed price across malls)
캠핑 미니 테이블 알루미늄,캠프타임 미니 접이식 테이블,11750,4,스포츠/레저_캠핑,미니테이블/2폴딩/상판재질: 합판/프레임재질: 알루미늄/ 경량/무게: 1.3kg/크기(가로x세로x높이): 61x40.5x25.5cm,https://prod.danawa.com/info/?pcode=6761677,2026-09-27T11:13+00:00,Danawa search (lowest listed price across malls)
캠핑 미니 테이블 알루미늄,라이프스포츠 울트라 테이블 테트라 솔로,28660,37,스포츠/레저_캠핑,미니테이블/상판재질: 알루미늄/프레임재질: 알루미늄/ 경량/무게: 310g/크기(가로x세로x높이): 32.5x22.5x9.8cm,https://prod.danawa.com/info/?pcode=20736281,2026-09-27T11:13+00:00,Danawa search (lowest listed price across malls)
캠핑 미니 테이블 알루미늄,카즈미 아이언 메쉬 슬림 미니 테이블,33590,36,스포츠/레저_캠핑,"미니테이블/2폴딩/높이조절: 2단/상판재질: 스틸/프레임재질: 알루미늄/ 경량/무게: 1.5kg/크기(가로x세로x높이): 60x40x27,35cm",https://prod.danawa.com/info/?pcode=6204767,2026-09-27T11:13+00:00,Danawa search (lowest listed price across malls)
캠핑 미니 테이블 알루미늄,마일스톤 울트라 테이블 T4,64000,14,스포츠/레저_캠핑,미니테이블/상판재질: 알루미늄/프레임재질: 알루미늄/ 경량/무게: 580g/크기(가로x세로x높이): 47x33x23.8cm,https://prod.danawa.com/info/?pcode=17337230,2026-09-27T11:13+00:00,Danawa search (lowest listed price across malls)
캠핑 미니 테이블 알루미늄,이타카 에어 라이트 테이블,28000,7,스포츠/레저_캠핑,미니테이블/상판재질: 스틸/프레임재질: 알루미늄/ 경량/무게: 0.44kg/특징: 분해접이식/크기(가로x세로x높이): 36x25x14cm,https://prod.danawa.com/info/?pcode=77966654,2026-09-27T11:13+00:00,Danawa search (lowest listed price across malls)
캠핑 미니 테이블 알루미늄,쿨맨 미니 접이식 테이블 ver2,16800,8,스포츠/레저_캠핑,"미니테이블/2폴딩/프레임재질: 알루미늄/ 경량/무게: 1.5kg/내하중: 10kg/크기(가로x세로x높이): 62x42x27.5cm/색상: 올블랙, 빈티지블랙",https://prod.danawa.com/info/?pcode=95522045,2026-09-27T11:13+00:00,Danawa search (lowest listed price across malls)
캠핑 미니 테이블 알루미늄,마일스톤 울트라 테이블 T5,67000,28,스포츠/레저_캠핑,미니테이블/상판재질: 알루미늄/프레임재질: 알루미늄/ 경량/무게: 707g/크기(가로x세로x높이): 58x33x32.8cm,https://prod.danawa.com/info/?pcode=17337359,2026-09-27T11:13+00:00,Danawa search (lowest listed price across malls)
캠핑 미니 테이블 알루미늄,노마드 트렌스폼 솔로 캠핑 테이블 S,17400,3,스포츠/레저_캠핑,"미니테이블/상판재질: 알루미늄/프레임재질: 스테인리스/ 경량/무게: 406g/크기(가로x세로x높이): 29.7x21.1x8cm/색상: 하프, 실버",https://prod.danawa.com/info/?pcode=11831635,2026-09-27T11:13+00:00,Danawa search (lowest listed price across malls)
자동 우산 방풍,샤오미 원터치 자동 3단 접이식 대형 양우산,18310,112,패션잡화_시즌잡화2,"우산, 양산겸용/3단/펼침 방식: 자동/손잡이 형태: 일자형/자외선 차단/방풍 기능/지름: 115cm/접은 길이: 34cm/색상: 블랙",https://prod.danawa.com/info/?pcode=8368611,2026-09-27T11:13+00:00,Danawa search (lowest listed price across malls)
자동 우산 방풍,레노마 3단 나염 완자동 솔리드 우산 RSA-702,32020,33,패션잡화_시즌잡화2,"우산, 양산겸용/3단/펼침 방식: 자동/손잡이 형태: 일자형/자외선 차단/방풍 기능/중량: 230g/지름: 90cm/접은 길이: 28cm/색상: 네이비, 블랙",https://prod.danawa.com/info/?pcode=17415989,2026-09-27T11:13+00:00,Danawa search (lowest listed price across malls)
자동 우산 방풍,예다움 접이식 고급 3단 완전 자동 우산,5370,51,패션잡화_시즌잡화2,"우산, 양산겸용/3단/펼침 방식: 자동/손잡이 형태: 곡자형/자외선 차단/차광(암막) 기능/방풍 기능/지름: 105cm/접은 길이: 36cm/색상: 블랙, 그레이, 네이비",https://prod.danawa.com/info/?pcode=11988542,2026-09-27T11:13+00:00,Danawa search (lowest listed price across malls)
자동 우산 방풍,오너클랜 방풍 초대형 자동 골프우산 장우산,6400,152,골프_골프잡화,골프우산/남녀공용/장우산/자동,https://prod.danawa.com/info/?pcode=54888797,2026-09-27T11:13+00:00,Danawa search (lowest listed price across malls)
자동 우산 방풍,피에르가르뎅 핑구패밀리 3단 완자동 우양산,17800,6,패션잡화_시즌잡화2,"우산, 양산겸용/3단/펼침 방식: 자동/손잡이 형태: 일자형/자외선 차단/방풍 기능/중량: 310g/지름: 95cm/접은 길이: 29cm/색상: 블랙, 블루, 네이비, 핑크",https://prod.danawa.com/info/?pcode=14988962,2026-09-27T11:13+00:00,Danawa search (lowest listed price across malls)
자동 우산 방풍,파라체이스 울트라 빅사이즈 초대형 골프 자동 3단 우산 3267,21060,13,골프_골프잡화,"골프우산/남녀공용/3단/자동/135cm/자외선 차단/방풍 기능/색상: 블랙, 네이비",https://prod.danawa.com/info/?pcode=16627283,2026-09-27T11:13+00:00,Danawa search (lowest listed price across malls)
자동 우산 방풍,도플러 방풍 제로매직 3단 카본살대 완전자동 우산 IUDA-1910,66060,16,패션잡화_시즌잡화2,"우산/3단/펼침 방식: 자동/손잡이 형태: 일자형/방풍 기능/중량: 176g/지름: 95cm/접은 길이: 26cm/색상: 블랙, 옐로우, 와인, 네이비, 민트, 오렌지, 라임, 핑크, 블루, 그레이, 레드, 그린",https://prod.danawa.com/info/?pcode=17471702,2026-09-27T11:13+00:00,Danawa search (lowest listed price across malls)
자동 우산 방풍,웨더랩 차밍우드 3단우산 특대형,25200,3,패션잡화_시즌잡화2,"우산/3단/펼침 방식: 자동/손잡이 형태: 일자형/방풍 기능/중량: 450g/지름: 120cm/접은 길이: 36cm/색상: 블랙 우드, 다크 우드, 라이트 우드",https://prod.danawa.com/info/?pcode=19829300,2026-09-27T11:13+00:00,Danawa search (lowest listed price across malls)
자동 우산 방풍,도플러 Carbon steel 3단 완자동 우산 IUDA-2322,66990,15,패션잡화_시즌잡화2,"우산/3단/펼침 방식: 자동/손잡이 형태: 일자형/방풍 기능/중량: 321g/지름: 100cm/접은 길이: 29cm/색상: 블랙, 베이지",https://prod.danawa.com/info/?pcode=20247107,2026-09-27T11:13+00:00,Danawa search (lowest listed price across malls)
자동 우산 방풍,벨라코리아 라볼레이 RB4 8K 3단 자동 이중방풍 우산,25320,6,패션잡화_지갑/잡화,"우산/남녀공용/접이식: 3단/자동/색상: 그린, 네이비, 그레이, 블랙",https://prod.danawa.com/info/?pcode=124056346,2026-09-27T11:13+00:00,Danawa search (lowest listed price across malls)
자동 우산 방풍,레노마 선염 작은체크 수/완자동 방풍우산 RSA-508,16660,21,패션잡화_시즌잡화2,"우산/3단/펼침 방식: 반자동/손잡이 형태: 일자형/방풍 기능/중량: 327g/접은 길이: 34cm/색상: 블랙, 브라운",https://prod.danawa.com/info/?pcode=6521640,2026-09-27T11:13+00:00,Danawa search (lowest listed price across malls)
자동 우산 방풍,도플러 더 커진 제로 매직라지 카본 방풍 3단 완자동 우산 IUDA-2310,66960,12,패션잡화_지갑/잡화,지갑/잡화/우산/양산/우의,https://prod.danawa.com/info/?pcode=120751464,2026-09-27T11:13+00:00,Danawa search (lowest listed price across malls)
접이식 물통 캠핑,에코벨 야외 자바라 접이식물통 3.5L,5100,34,스포츠/레저_캠핑,"워터저그,물통/플라스틱/크기(가로x세로x높이): 17x17x38cm/색상: 블루, 그린, 네이비",https://prod.danawa.com/info/?pcode=11253462,2026-09-27T11:13+00:00,Danawa search (lowest listed price across malls)
접이식 물통 캠핑,BUCK703 접이식 물통 9.5L,15720,5,스포츠/레저_캠핑,"워터저그,물통/실리콘/무게: 560g/크기(가로x세로x높이): 27x27x42.5cm",https://prod.danawa.com/info/?pcode=15706940,2026-09-27T11:13+00:00,Danawa search (lowest listed price across malls)
접이식 물통 캠핑,캠핑물통 야외 접이식 물병 다기능 텔레스코픽 X6W4 10L,13400,4,스포츠/레저_캠핑,"워터저그,물통/크기(가로x세로x높이): 26x23x23cm",https://prod.danawa.com/info/?pcode=67622012,2026-09-27T11:13+00:00,Danawa search (lowest listed price across malls)
접이식 물통 캠핑,콜랩즈 접이식 워터저그 8L 탄,49000,3,스포츠/레저_캠핑,"워터저그,물통/무게: 0.739kg/크기(가로x세로x높이): 25x22x22cm",https://prod.danawa.com/info/?pcode=62318843,2026-09-27T11:13+00:00,Danawa search (lowest listed price across malls)
접이식 물통 캠핑,어반러쉬 접이식 물통 20L,27900,1,스포츠/레저_캠핑,"워터저그,물통/크기(가로x세로x높이): 29x29x29cm",https://prod.danawa.com/info/?pcode=58105565,2026-09-27T11:13+00:00,Danawa search (lowest listed price across malls)
접이식 물통 캠핑,콜랩즈 접이식 워터저그 8L 올리브,49000,3,스포츠/레저_캠핑,"워터저그,물통/무게: 0.739kg/크기(가로x세로x높이): 25x22x22cm",https://prod.danawa.com/info/?pcode=62318924,2026-09-27T11:13+00:00,Danawa search (lowest listed price across malls)
접이식 물통 캠핑,CLS 캠핑용 접이식 물통 버킷 풀세트,36000,3,스포츠/레저_캠핑,"설거지용품/무게: 폴딩버킷 214g, 메쉬백 280g/크기(가로x세로x높이): 폴딩버킷-35x35x27cm, 메쉬백-31x31x26cm/구성품: 30L 버킷, 세척병, 메쉬백",https://prod.danawa.com/info/?pcode=15078851,2026-09-27T11:13+00:00,Danawa search (lowest listed price across malls)
접이식 물통 캠핑,하이드라팩 접이식 스피드 컵,16200,4,스포츠/레저_캠핑,"워터저그,물통/폴딩컵/크기(지름x높이): 6.4x10.2cm/무게: 10g/용량: 200ml",https://prod.danawa.com/info/?pcode=10071810,2026-09-27T11:13+00:00,Danawa search (lowest listed price across malls)
접이식 물통 캠핑,콜랩즈 접이식 워터저그 8L 그레이,49000,2,스포츠/레저_캠핑,"워터저그,물통/무게: 0.739kg/크기(가로x세로x높이): 25x22x22cm",https://prod.danawa.com/info/?pcode=62318879,2026-09-27T11:13+00:00,Danawa search (lowest listed price across malls)
접이식 물통 캠핑,콜랩즈 접이식 워터저그 8L 그린,56470,3,스포츠/레저_캠핑,"워터저그,물통/무게: 739g/크기(가로x세로x높이): 25x22x22cm",https://prod.danawa.com/info/?pcode=17201570,2026-09-27T11:13+00:00,Danawa search (lowest listed price across malls)
접이식 물통 캠핑,패스트세븐 접이식 캠핑 물통,10060,1,스포츠/레저_캠핑,"워터저그,물통/무게: 229g/크기(가로x세로x높이): 26x26x26cm",https://prod.danawa.com/info/?pcode=15686459,2026-09-27T11:13+00:00,Danawa search (lowest listed price across malls)
접이식 물통 캠핑,브리즈문 캠핑 대용량 워터백 물통 10L,7220,1,스포츠/레저_캠핑,보냉용품/워터백/크기(가로x세로): 36.5x47cm,https://prod.danawa.com/info/?pcode=98762693,2026-09-27T11:13+00:00,Danawa search (lowest listed price across malls)
신발 정리함 걸이형,트리스토어 편백나무 원목 2단 실내화걸이 거치대,19900,3,가구/침구_수납가구,실내화걸이/프레임: 원목/크기(가로x세로x높이): 54x3.5x54cm/색상: 내츄럴,https://prod.danawa.com/info/?pcode=15520637,2026-09-27T11:13+00:00,Danawa search (lowest listed price across malls)
신발 정리함 걸이형,센스2030 실내화걸이,11860,2,가구/침구_수납가구,실내화걸이/크기: 27.3 x 22 x 66/재질: 와이어분체도장/색상: 화이트,https://prod.danawa.com/info/?pcode=2252657,2026-09-27T11:13+00:00,Danawa search (lowest listed price across malls)
신발 정리함 걸이형,몬트 사각 2단 철제 선반 실내화 거치대,29790,1,가구/침구_수납가구,"실내화걸이/ 오픈형/프레임: 철제/크기(가로x세로x높이): 26x20.2x42.5cm/색상: 화이트, 블랙, 브라운, 그레이",https://prod.danawa.com/info/?pcode=13150305,2026-09-27T11:13+00:00,Danawa search (lowest listed price across malls)
신발 정리함 걸이형,코멧 홈 접이식 4단 실내화 걸이,7990,6,가구/침구_수납가구,"슈즈렉/ 오픈형/프레임: 철제/크기(가로x세로x높이): 25x22.5x61cm/색상: 화이트, 블랙",https://prod.danawa.com/info/?pcode=55463498,2026-09-27T11:13+00:00,Danawa search (lowest listed price across malls)
신발 정리함 걸이형,구디푸디 2인용 벽걸이 형 슬리퍼 걸이,5800,2,가구/침구_수납가구,"실내화걸이/프레임: 플라스틱/크기(가로x세로x높이): 48x5.5x5cm/색상: 화이트, 블랙, 그레이",https://prod.danawa.com/info/?pcode=20312543,2026-09-27T11:13+00:00,Danawa search (lowest listed price across malls)
신발 정리함 걸이형,꾸미까 디몬 3단 아치 슬리퍼꽂이,39300,3,가구/침구_수납가구,"실내화걸이/프레임: 철제/크기(가로x세로x높이): 25.7x17.5x74cm/색상: 화이트, 그레이, 브라운, 블랙",https://prod.danawa.com/info/?pcode=15520385,2026-09-27T11:13+00:00,Danawa search (lowest listed price across malls)
신발 정리함 걸이형,무심재목공소 홈 슬리퍼 거치대,42000,1,가구/침구_수납가구,"실내화걸이/프레임: 목재(MDF 외)/크기(가로x세로x높이): 54x6x45cm/색상:자작나무, 오크, 밤나무, 월넛",https://prod.danawa.com/info/?pcode=15538751,2026-09-27T11:13+00:00,Danawa search (lowest listed price across malls)
신발 정리함 걸이형,리빙홈 매직접착 3in1 실내화 걸이,3630,6,가구/침구_수납가구,"실내화걸이/프레임: 플라스틱/크기(가로x세로x높이): 30x5.5x4.4cm/색상: 핑크, 블루, 그레이",https://prod.danawa.com/info/?pcode=20312618,2026-09-27T11:13+00:00,Danawa search (lowest listed price across malls)
신발 정리함 걸이형,네이쳐리빙 스틸 접이식 실내화걸이,12240,5,가구/침구_수납가구,"실내화걸이/프레임: 철제/크기(가로x세로x높이): 24.7x21.3x60cm/색상: 화이트, 블랙",https://prod.danawa.com/info/?pcode=2865500,2026-09-27T11:13+00:00,Danawa search (lowest listed price across malls)
신발 정리함 걸이형,에브리홈 엔토 스틸 앤 우드 슬리퍼 거치대,16230,19,가구/침구_수납가구,실내화걸이/프레임: 철제/크기(가로x세로x높이): 22x14x68cm/색상: 화이트,https://prod.danawa.com/info/?pcode=15329474,2026-09-27T11:13+00:00,Danawa search (lowest listed price across malls)
신발 정리함 걸이형,루미아 베티 원목 실내화 꽂이 빈티지브라운,45680,1,가구/침구_수납가구,실내화걸이/크기: 33.5 x 55 x 67cm/색상: 브라운,https://prod.danawa.com/info/?pcode=2310092,2026-09-27T11:13+00:00,Danawa search (lowest listed price across malls)
신발 정리함 걸이형,꾸미까 디몬 와이드 칸칸2단 슬리퍼꽂이,43016,5,가구/침구_수납가구,"실내화걸이/프레임: 철제/크기(가로x세로x높이): 47.5x16x50cm/색상: 화이트, 블랙, 청록, 브라운",https://prod.danawa.com/info/?pcode=15543983,2026-09-27T11:13+00:00,Danawa search (lowest listed price across malls)
책상 부착 서랍,스윗브릿지 공간활용 부착식 접착식 슬라이딩 책상 언더 미니 서랍 수납함 정리함 3size 1개 소,3580,3,생활/주방_수납/생활잡화,수납/생활잡화/리빙박스/바구니,https://prod.danawa.com/info/?pcode=54307874,2026-09-27T11:13+00:00,Danawa search (lowest listed price across malls)
책상 부착 서랍,붙이는 부착식 미니 책상 서랍 정리함 수납함,3320,118,문구/사무_파일/사무용품,멀티수납함,https://prod.danawa.com/info/?pcode=33075515,2026-09-27T11:13+00:00,Danawa search (lowest listed price across malls)
책상 부착 서랍,우아미가구 디에르 3단서랍장 600,161810,1,가구/침구_행거/드레스룸,"책상서랍장/단수: 3단/서랍개수: 3개/프레임: 목재(MDF 외)/크기(가로x세로x높이): 60x48x91.5cm/색상: 화이트,오크,아카시아, 화이트오크, 오크화이트",https://prod.danawa.com/info/?pcode=10294491,2026-09-27T11:13+00:00,Danawa search (lowest listed price across malls)
책상 부착 서랍,오너클랜 책상 테이블 밑 펜 소품 보관 서랍 백색 소1P 부착식,5990,16,생활/주방_일회용품/주방잡화,일회용품/주방잡화,https://prod.danawa.com/info/?pcode=44396696,2026-09-27T11:13+00:00,Danawa search (lowest listed price across malls)
책상 부착 서랍,아트사인 부착식 서랍함 틈새 공간 책상 식탁 서랍 만들기 색상 선택,6480,3,생활/주방_수납/생활잡화,수납/생활잡화/리빙박스/바구니,https://prod.danawa.com/info/?pcode=33357545,2026-09-27T11:13+00:00,Danawa search (lowest listed price across malls)
책상 부착 서랍,부착식 다용도 히든 서랍/슬라이딩/수납/책상 (소),4500,2,문구/사무_파일/사무용품,데스크오거나이저,https://prod.danawa.com/info/?pcode=33075251,2026-09-27T11:13+00:00,Danawa search (lowest listed price across malls)
책상 부착 서랍,할메이드 부착식서랍 히든서랍 슬라이딩 책상밑 붙이는 서랍 정리함 사각형 소,2130,2,생활/주방_수납/생활잡화,수납/생활잡화/리빙박스/바구니,https://prod.danawa.com/info/?pcode=53962178,2026-09-27T11:13+00:00,Danawa search (lowest listed price across malls)
책상 부착 서랍,주방서랍 부착형 틈새수납정리함 책상정리 언더테이블,3020,37,문구/사무_파일/사무용품,멀티수납함,https://prod.danawa.com/info/?pcode=33073889,2026-09-27T11:13+00:00,Danawa search (lowest listed price across malls)
책상 부착 서랍,"시크릿 슬라이딩 책상 서랍_소형,대형 부착식 수납 히든서랍 틈새서랍",5240,13,문구/사무_파일/사무용품,멀티수납함,https://prod.danawa.com/info/?pcode=33075185,2026-09-27T11:13+00:00,Danawa search (lowest listed price across malls)
책상 부착 서랍,키밍 키밍 다용도 슬라이딩 부착식 데스크 서랍 언더서랍,7130,7,생활/주방_수납/생활잡화,"수납함/부착형/서랍형/사각형/색상: 화이트,블랙/크기: [소]20x17x7.2cm[대]24x20x7.2cm/재질: 플라스틱계열",https://prod.danawa.com/info/?pcode=31533047,2026-09-27T11:13+00:00,Danawa search (lowest listed price across malls)
책상 부착 서랍,부착식 데스크 공간 절약 시크릿 서랍 대형,6980,90,생활/주방_수납/생활잡화,"수납가구,정리용품/정리함/정리함",https://prod.danawa.com/info/?pcode=31518176,2026-09-27T11:13+00:00,Danawa search (lowest listed price across malls)
책상 부착 서랍,포트리스 플레이기어 다용도 부착식 서랍,6900,4,문구/사무_파일/사무용품,데스크오거나이저,https://prod.danawa.com/info/?pcode=79541387,2026-09-27T11:13+00:00,Danawa search (lowest listed price across malls)
쥬얼리 보관함,NETmate NM-TT310K 태블릿PC 보관함 전면 도어 키타입,27890,60,패션잡화_순금/주얼리,순금/주얼리,https://prod.danawa.com/info/?pcode=99416651,2026-09-27T11:13+00:00,Danawa search (lowest listed price across malls)
쥬얼리 보관함,울프 수입 1834 766517 마리아 인조가죽 쥬얼리보관함,144495,9,패션잡화_순금/주얼리,순금/주얼리,https://prod.danawa.com/info/?pcode=102955922,2026-09-27T11:13+00:00,Danawa search (lowest listed price across malls)
쥬얼리 보관함,울프 1834 213278 팔레르모 인조가죽 쥬얼리보관함,346275,2,패션잡화_순금/주얼리,순금/주얼리/쥬얼리세트,https://prod.danawa.com/info/?pcode=105637664,2026-09-27T11:13+00:00,Danawa search (lowest listed price across malls)
쥬얼리 보관함,울프 1834 392417 소피아 가죽 쥬얼리보관함,339000,1,패션잡화_순금/주얼리,순금/주얼리/팔찌/발찌,https://prod.danawa.com/info/?pcode=60624269,2026-09-27T11:13+00:00,Danawa search (lowest listed price across malls)
쥬얼리 보관함,인디고 명함집 프리즘 168 명함꽂이 명함보관함 명함첩 리빙코럴 WFIYRO1,8310,35,패션잡화_순금/주얼리,순금/주얼리,https://prod.danawa.com/info/?pcode=103110158,2026-09-27T11:13+00:00,Danawa search (lowest listed price across malls)
쥬얼리 보관함,오노마 ONM 보관함 가죽 2단 주얼리 악세사리 귀걸이 보석함 12092931,5640,76,패션잡화_순금/주얼리,순금/주얼리/귀걸이,https://prod.danawa.com/info/?pcode=96131642,2026-09-27T11:13+00:00,Danawa search (lowest listed price across malls)
쥬얼리 보관함,오너클랜 휴대용 접이식 선글라스 보관함 안경집 안경통 3구 WBD44EE,5170,69,패션잡화_순금/주얼리,주얼리,https://prod.danawa.com/info/?pcode=48980627,2026-09-27T11:13+00:00,Danawa search (lowest listed price across malls)
쥬얼리 보관함,울프 1834 392012 소피아 인조가죽 쥬얼리보관함,365000,1,패션잡화_순금/주얼리,주얼리/팔찌/발찌,https://prod.danawa.com/info/?pcode=97354205,2026-09-27T11:13+00:00,Danawa search (lowest listed price across malls)
쥬얼리 보관함,루이까또즈 장우산 우산보관함 50 웨이브린 자수 암막코팅 양우산 PULQU60102,35620,2,패션잡화_순금/주얼리,순금/주얼리/주얼리/주얼리소품,https://prod.danawa.com/info/?pcode=123885987,2026-09-27T11:13+00:00,Danawa search (lowest listed price across malls)
쥬얼리 보관함,이글 열쇠보관함 TYKB300-100K 100구 열쇠보관함,75650,41,패션잡화_순금/주얼리,순금/주얼리,https://prod.danawa.com/info/?pcode=104459141,2026-09-27T11:13+00:00,Danawa search (lowest listed price across malls)
쥬얼리 보관함,셀러허브 패션 JHQQ81R4_4B 현관 우산보관함 업소용 카페 우산꽂이,131520,3,패션잡화_순금/주얼리,순금/주얼리,https://prod.danawa.com/info/?pcode=93062882,2026-09-27T11:13+00:00,Danawa search (lowest listed price across malls)
쥬얼리 보관함,디에이치코리아 악세사리보관함 주얼리진열대 귀걸이보석상자 정리대 3841980,9520,54,패션잡화_순금/주얼리,귀걸이,https://prod.danawa.com/info/?pcode=48148715,2026-09-27T11:13+00:00,Danawa search (lowest listed price across malls)
헬스 가방 짐백,나이키 짐 클럽 24L 더플백 운동 헬스 가방 DR6974010,41967,21,스포츠/레저_등산,스포츠가방/ 더플백,https://prod.danawa.com/info/?pcode=35077418,2026-09-27T11:13+00:00,Danawa search (lowest listed price across malls)
헬스 가방 짐백,COPI 코피 남여공용 캐주얼 학생 학원 운동가방 헬스 테스 요가 검은색 여행 옷 짐 가방 보스턴 크로스백 K76720,19710,3,패션잡화_가방,보스턴백,https://prod.danawa.com/info/?pcode=36148745,2026-09-27T11:13+00:00,Danawa search (lowest listed price across malls)
헬스 가방 짐백,아디다스 더플백 CQK IJ8378 더플백 스포츠 짐 피트니스 요가 헬스 트레이닝 가방,51320,1,스포츠/레저_등산,스포츠가방,https://prod.danawa.com/info/?pcode=61814498,2026-09-27T11:13+00:00,Danawa search (lowest listed price across malls)
헬스 가방 짐백,나이키 DH6863-020 헬스 가방 짐클럽 더플백 보스턴백,42780,141,스포츠/레저_등산,스포츠가방/ 더플백,https://prod.danawa.com/info/?pcode=58826867,2026-09-27T11:13+00:00,Danawa search (lowest listed price across malls)
헬스 가방 짐백,프로스펙스 남성 여성 스포츠 헬스 운동 가방 크로스백 짐백 숄더백 더블백 PW5BS24,64700,2,스포츠/레저_등산,가방/크로스백,https://prod.danawa.com/info/?pcode=68858492,2026-09-27T11:13+00:00,Danawa search (lowest listed price across malls)
헬스 가방 짐백,나이키 짐백 클럽백 6974 가방 더플백 운동 헬스 스포츠,47850,2,스포츠/레저_등산,스포츠가방/ 더플백,https://prod.danawa.com/info/?pcode=35045600,2026-09-27T11:13+00:00,Danawa search (lowest listed price across malls)
헬스 가방 짐백,아디다스 더플백 트레이닝 가방 운동가방 헬스가방 짐백 크로스백 리니어,30360,2,스포츠/레저_등산,스포츠가방,https://prod.danawa.com/info/?pcode=43475930,2026-09-27T11:13+00:00,Danawa search (lowest listed price across malls)
헬스 가방 짐백,나이키 더플백 운동가방 헬스 짐 브라질리아 더플 S BA5957657U레드화이트 MISC,39000,1,스포츠/레저_등산,스포츠가방/ 더플백,https://prod.danawa.com/info/?pcode=74001755,2026-09-27T11:13+00:00,Danawa search (lowest listed price across malls)
헬스 가방 짐백,라일리 Rly 짐백 여성용 경량 운동가방 숄더백 헬스 가방 51667461,34420,9,패션잡화_가방,가방/여성크로스백,https://prod.danawa.com/info/?pcode=123979259,2026-09-27T11:13+00:00,Danawa search (lowest listed price across malls)
헬스 가방 짐백,라일리 Rly 대용량 멀티포켓 여행 더플백 헬스 짐백 보스턴백 38799249,31770,12,패션잡화_가방,캐리어/여행가방/ 보스턴백,https://prod.danawa.com/info/?pcode=94895411,2026-09-27T11:13+00:00,Danawa search (lowest listed price across malls)
헬스 가방 짐백,NBA 심플 25리터 짐 경량 가벼운 더플백 헬스 요가 여행 짐가방 짐클럽 255_AB054P,73260,1,패션잡화_가방,캐리어/여행가방/ 보스턴백,https://prod.danawa.com/info/?pcode=94532090,2026-09-27T11:13+00:00,Danawa search (lowest listed price across malls)
헬스 가방 짐백,라일리 Rly 헬스 여행용가방 여행용보스턴백 다크핑크 가방 짐 38150369,56490,2,패션잡화_가방,캐리어/여행가방/ 보스턴백,https://prod.danawa.com/info/?pcode=94143455,2026-09-27T11:13+00:00,Danawa search (lowest listed price across malls)
남자 지갑 슬림,윌리엄폴로 슬림 지갑 191476,30080,8,패션잡화_지갑/벨트,"반지갑/남성용/소재: 천연가죽/수납: 2단/크기(가로x세로): 11.2x9.3cm/색상: 블랙, 브라운, 네이비",https://prod.danawa.com/info/?pcode=12655886,2026-09-27T11:14+00:00,Danawa search (lowest listed price across malls)
남자 지갑 슬림,블루마운트 슬림 미니 소가죽 지갑 MJ3822,7390,76,패션잡화_지갑/벨트,"반지갑/남성용/소재: 천연가죽/수납: 2단/가로형 크기(가로x세로): 10.5x8.5cm, 세로형 크기(가로x세로): 8.5x10.5cm/색상: 그레이, 브라운, 블루, 그린",https://prod.danawa.com/info/?pcode=11778319,2026-09-27T11:14+00:00,Danawa search (lowest listed price across malls)
남자 지갑 슬림,닥스 남성 슬림 블랙 루이스 중지갑 DBWA6F771BK,144480,54,패션잡화_지갑/잡화,중지갑/남성용/2단/잠금방식: 오픈형/크기(가로x세로): 8x10.5cm/재질: 소가죽/색상: 블랙,https://prod.danawa.com/info/?pcode=124076612,2026-09-27T11:14+00:00,Danawa search (lowest listed price across malls)
남자 지갑 슬림,닥스 남성 슬림 블랙 중지갑 DBWA6E750BK,133280,76,패션잡화_지갑/잡화,중지갑/남성용/2단/크기(가로x세로): 8x9.5cm/재질: 소가죽/색상: 블랙,https://prod.danawa.com/info/?pcode=104978276,2026-09-27T11:14+00:00,Danawa search (lowest listed price across malls)
남자 지갑 슬림,닥스 남성 슬림 브라운 중지갑 DBWA6F751W3,133280,58,패션잡화_지갑/잡화,중지갑/남성용/2단/크기(가로x세로): 8x9.5cm/재질: 소가죽/색상: 브라운,https://prod.danawa.com/info/?pcode=122639246,2026-09-27T11:14+00:00,Danawa search (lowest listed price across malls)
남자 지갑 슬림,마뜨 와이어슬림 명함지갑 w32025,41000,1,패션잡화_지갑/벨트,"명함, 카드지갑/남성용/소재: 천연가죽/수납: 2단/색상 : 블랙+그레이",https://prod.danawa.com/info/?pcode=4577588,2026-09-27T11:14+00:00,Danawa search (lowest listed price across malls)
남자 지갑 슬림,남자 머니클립 여성 지폐클립 얇은 반지갑 슬림 지갑,9870,31,패션잡화_지갑/잡화,머니클립/여성용,https://prod.danawa.com/info/?pcode=46671710,2026-09-27T11:14+00:00,Danawa search (lowest listed price across malls)
남자 지갑 슬림,버버리 남성 체크 슬림 바이폴드 지갑 8112244,355690,215,패션잡화_지갑/잡화,반지갑/남성용/크기(가로x세로): 10.5x8.5cm/색상: 차콜,https://prod.danawa.com/info/?pcode=106222820,2026-09-27T11:14+00:00,Danawa search (lowest listed price across malls)
남자 지갑 슬림,심플 슬림 남성용 장지갑 선물용 남자 학생지갑 30대지갑,3830,56,패션잡화_지갑/잡화,장지갑/남성용,https://prod.danawa.com/info/?pcode=34428281,2026-09-27T11:14+00:00,Danawa search (lowest listed price across malls)
남자 지갑 슬림,닥스 남성 슬림 블랙 루이스 반지갑 DBWA6F772BK,144480,48,패션잡화_지갑/잡화,반지갑/남성용/2단/잠금방식: 오픈형/크기(가로x세로): 10x8cm/재질: 소가죽/색상: 블랙,https://prod.danawa.com/info/?pcode=124075615,2026-09-27T11:14+00:00,Danawa search (lowest listed price across malls)
남자 지갑 슬림,놈 슬림 레더 반지갑 NN17WL1150,23760,3,패션잡화_지갑/벨트,반지갑/남성용/소재: 천연가죽/수납: 2단/색상: 블랙,https://prod.danawa.com/info/?pcode=6122666,2026-09-27T11:14+00:00,Danawa search (lowest listed price across malls)
남자 지갑 슬림,슬림 카드 장지갑 카드지갑 심플하고 슬림한 카드지갑,5020,26,패션잡화_지갑/잡화,카드지갑/남성용,https://prod.danawa.com/info/?pcode=46639523,2026-09-27T11:14+00:00,Danawa search (lowest listed price across malls)
보온 도시락 가방,티오 마카루 미니 사각 보온 보냉 쿨러백 I788F 아이스백 휴대용 도시락가방 쿨링백,15850,34,스포츠/레저_등산,가방/힙색,https://prod.danawa.com/info/?pcode=43476071,2026-09-27T11:14+00:00,Danawa search (lowest listed price across malls)
보온 도시락 가방,써모스 일체형 대용량 보온도시락,58000,138,생활/주방_식기/컵/보관용기,"보온도시락/재질: 스테인리스/크기: 11x22cm/특징: 일체형/구성: 보온용기(1.5L)+밥용기(340ml)+국용기(300ml)+반찬용기(170ml)+반찬용기(250ml)+수저1벌+가방/색상: 클래식블랙, 딥그린, 코코넛버터, 샌드베이지",https://prod.danawa.com/info/?pcode=17839637,2026-09-27T11:14+00:00,Danawa search (lowest listed price across malls)
보온 도시락 가방,조지루시 대용량 보온도시락 1.4L (SL-JAF14),46028,335,생활/주방_식기/컵/보관용기,보온도시락/재질: 스테인리스/특징: 일체형/구성: 밥용기(450ml)+국용기(280ml)+반찬용기(200ml)+반찬용기(300ml)+젓가락1쌍+가방,https://prod.danawa.com/info/?pcode=4603723,2026-09-27T11:14+00:00,Danawa search (lowest listed price across malls)
보온 도시락 가방,락앤락 스텐 보온도시락 450ml (LHC8013),35920,78,생활/주방_식기/컵/보관용기,보온도시락/재질: 스테인리스/특징: 분리형/구성: 밥통(450ml)+반찬통(420ml)+반찬통(280ml)+젓가락1쌍+가방,https://prod.danawa.com/info/?pcode=3738521,2026-09-27T11:14+00:00,Danawa search (lowest listed price across malls)
보온 도시락 가방,써모스 플+스 반반 보온도시락 885ml,48890,16,생활/주방_식기/컵/보관용기,"보온도시락/재질: 스테인리스/크기: 9.5x11cm/특징: 전자레인지가능, 분리형/구성: 밥용기(300ml)+반찬용기(340ml)+반찬용기(245ml)+젓가락1쌍+가방/색상: 레몬옐로우, 피치핑크, 스위트라벤더",https://prod.danawa.com/info/?pcode=12527468,2026-09-27T11:14+00:00,Danawa search (lowest listed price across malls)
보온 도시락 가방,조지루시 보온도시락 840ml (SL-NC09),47350,101,생활/주방_식기/컵/보관용기,보온도시락/재질: 스테인리스/특징: 일체형/구성: 보온케이스+밥통(310ml)+국통(200ml)+반찬통(330ml)+젓가락1쌍+젓가락케이스+가방,https://prod.danawa.com/info/?pcode=102122318,2026-09-27T11:14+00:00,Danawa search (lowest listed price across malls)
보온 도시락 가방,써모스 플+스 반반 보온도시락 1.14L,50000,20,생활/주방_식기/컵/보관용기,"보온도시락/재질: 스테인리스/크기: 10x13.5cm/특징: 전자레인지가능, 분리형/구성: 밥용기(500ml)+반찬용기(340ml)+반찬용기(300ml)+젓가락1쌍+가방/색상: 그린포레스트, 브라우니블랙",https://prod.danawa.com/info/?pcode=12527567,2026-09-27T11:14+00:00,Danawa search (lowest listed price across malls)
보온 도시락 가방,아폴로 보온도시락 APL-1810,43500,351,생활/주방_식기/컵/보관용기,보온도시락/재질: 스테인리스/특징: 분리형/구성: 밥통(485ml)2P+국통(485ml)+반찬통(350ml)2P+수저1벌+가방,https://prod.danawa.com/info/?pcode=102103595,2026-09-27T11:14+00:00,Danawa search (lowest listed price across malls)
보온 도시락 가방,우주보온공업 코스모스 점보도시락 1.6L(WJ-386),56610,22,생활/주방_식기/컵/보관용기,보온도시락/재질: 스테인리스/특징: 일체형/구성: 보온통(21.3cm)+밥그릇(11.6cm)+국그릇(11.5cm)+큰반찬통(12.3cm)+작은반찬통(12cm)+수저1벌+수저통+가방,https://prod.danawa.com/info/?pcode=102119372,2026-09-27T11:14+00:00,Danawa search (lowest listed price across malls)
보온 도시락 가방,코멕스 런치메이트 데일리 도시락 2종 세트 900ml (WC9B5BF),10470,311,생활/주방_식기/컵/보관용기,"도시락통/구성: 혼합세트/재질: 폴리프로필렌(PP)/특징: 전자레인지가능, 보온보냉기능, 식기세척기가능, BPA프리/구성: 직사각 1p + 직사각칸 1p + 수저세트 + 가방/도시락통/플라스틱/BPA프리/구성:직사각용기(450ml)+직사각칸용기(450ml)+수저세트+가방",https://prod.danawa.com/info/?pcode=102029315,2026-09-27T11:14+00:00,Danawa search (lowest listed price across malls)
보온 도시락 가방,키친아트 라팔 골드메탈 보온죽통 1080ml,30340,300,생활/주방_식기/컵/보관용기,구성: 혼합세트/보온도시락/재질: 스테인리스/특징: 분리형/구성: 밥통(420ml)+찬통(430ml)+찬통(230ml)+가방,https://prod.danawa.com/info/?pcode=102061247,2026-09-27T11:14+00:00,Danawa search (lowest listed price across malls)
보온 도시락 가방,키친아트 아이스 쿨러 백팩,19390,200,스포츠/레저_캠핑,보냉용품/쿨러백/용량: 25L/특징: 어깨끈/색상: 그린/크기(가로x세로x높이): 31x21x46cm,https://prod.danawa.com/info/?pcode=14964899,2026-09-27T11:14+00:00,Danawa search (lowest listed price across malls)
시계 보관함,비텐 고급 우드 클래식 시계보관함 12구,33030,1,패션잡화_시계,"보관함/패션시계용/소재: 원목/크기(가로x세로x폭): 31.5x19.8x8cm/색상: 브라운, 레드",https://prod.danawa.com/info/?pcode=30145187,2026-09-27T11:14+00:00,Danawa search (lowest listed price across malls)
시계 보관함,BOXY 휴대용 시계 보관함 BC-12 (브라운),23190,13,패션잡화_시계,"보관함/패션시계용/소재: 고무, 스웨이드/색상: 브라운",https://prod.danawa.com/info/?pcode=15174608,2026-09-27T11:14+00:00,Danawa search (lowest listed price across malls)
시계 보관함,비텐 앤틱 2구 시계보관함,12780,2,패션잡화_시계,보관함/패션시계용/크기(가로x세로x폭): 14.5x8.5x12cm/색상: 브라운,https://prod.danawa.com/info/?pcode=17838938,2026-09-27T11:14+00:00,Danawa search (lowest listed price across malls)
시계 보관함,WOLF 브리티쉬 레이싱 그린 8구 공용 시계보관함 792602,741000,9,패션잡화_시계,보관함/패션시계용/크기(가로x세로x폭): 27x11x23cm/색상: 블랙,https://prod.danawa.com/info/?pcode=17724161,2026-09-27T11:14+00:00,Danawa search (lowest listed price across malls)
시계 보관함,블랑블랙 풀커버 시계보관함,27750,10,패션잡화_시계,보관함/패션시계용/크기(가로x세로x폭): 23x8x17cm/색상: 블루그레이,https://prod.danawa.com/info/?pcode=17548091,2026-09-27T11:14+00:00,Danawa search (lowest listed price across malls)
시계 보관함,집사 시계 장식 거치대 (소형),6440,2,패션잡화_시계,보관함/패션시계용/크기(가로x세로): 3x10cm,https://prod.danawa.com/info/?pcode=13867196,2026-09-27T11:14+00:00,Danawa search (lowest listed price across malls)
시계 보관함,캐스퍼 워치와인더 오토매틱 시계보관함 대(4구&6구보관),64990,3,패션잡화_시계,"보관함/패션시계용/크기(가로x세로x폭): 30.5x23.5x18cm/색상: 블랙, 브라운/와치와인더+보관함",https://prod.danawa.com/info/?pcode=13571507,2026-09-27T11:14+00:00,Danawa search (lowest listed price across malls)
시계 보관함,하이덴 10구 시계보관함 HDBOX004 (Cherry Wood),152060,9,패션잡화_시계,보관함/패션시계용/크기(가로x세로x폭): 31x20x16.7cm/색상: 체리우드,https://prod.danawa.com/info/?pcode=14361362,2026-09-27T11:14+00:00,Danawa search (lowest listed price across malls)
시계 보관함,비텐 앤틱 12구 시계보관함,25660,2,패션잡화_시계,보관함/패션시계용/크기(가로x세로x폭): 39x8.5x22cm/색상: 브라운,https://prod.danawa.com/info/?pcode=17839058,2026-09-27T11:14+00:00,Danawa search (lowest listed price across malls)
시계 보관함,쉔부르노 미라벨 시계보관함 6구 SBWC-BRL6,112480,3,패션잡화_시계,보관함/패션시계용/크기(가로x세로x폭): 21x9x21cm/색상: 브라운,https://prod.danawa.com/info/?pcode=14748239,2026-09-27T11:14+00:00,Danawa search (lowest listed price across malls)
시계 보관함,비텐 앤틱 6구 3칸 시계보관함,25670,1,패션잡화_시계,보관함/패션시계용/크기(가로x세로x폭): 35x9x21.3cm/색상: 브라운,https://prod.danawa.com/info/?pcode=17839106,2026-09-27T11:14+00:00,Danawa search (lowest listed price across malls)
시계 보관함,스카톨라 델 템포 7RT 와인더 3구+보관함 4구 (GREY/ORANGE),5200000,9,패션잡화_시계,워치와인더/패션시계용/크기(가로x세로x폭): 32x19x19cm/소재: 소가죽/색상: 그레이오렌지,https://prod.danawa.com/info/?pcode=16218119,2026-09-27T11:14+00:00,Danawa search (lowest listed price across malls)
골프 헤드커버 세트,HACC 드라이버 + 우드 + 유틸리티 헤드 커버 세트,12350,1,골프_골프용품,커버세트,https://prod.danawa.com/info/?pcode=95285147,2026-09-27T11:16+00:00,Danawa search (lowest listed price across malls)
골프 헤드커버 세트,턴트골프 예쁜꽃길 퍼터키퍼와 아기신발 퍼터커버 세트,12690,26,골프_골프용품,퍼터커버,https://prod.danawa.com/info/?pcode=96776672,2026-09-27T11:16+00:00,Danawa search (lowest listed price across malls)
골프 헤드커버 세트,MRC골프 네오프렌 엠보 아이언커버 MG-IR02,7010,55,골프_골프용품,커버세트,https://prod.danawa.com/info/?pcode=12528773,2026-09-27T11:16+00:00,Danawa search (lowest listed price across malls)
골프 헤드커버 세트,턴트골프 아기신발 퍼터커버+행복한 스마일 퍼터키퍼 세트,10583,54,골프_골프용품,퍼터커버,https://prod.danawa.com/info/?pcode=73614131,2026-09-27T11:16+00:00,Danawa search (lowest listed price across malls)
골프 헤드커버 세트,턴트골프 아기신발 퍼터커버+예쁜 꽃길 퍼터키퍼 세트,11210,52,골프_골프용품,퍼터커버,https://prod.danawa.com/info/?pcode=73614398,2026-09-27T11:16+00:00,Danawa search (lowest listed price across malls)
골프 헤드커버 세트,덱스골프 스컬 드라이버 우드 유틸리티 3종 커버 세트 화이트 핑크,54910,39,골프_골프용품,커버세트,https://prod.danawa.com/info/?pcode=78714584,2026-09-27T11:16+00:00,Danawa search (lowest listed price across malls)
골프 헤드커버 세트,HACC GH 헤드 커버 세트,14710,2,골프_골프용품,커버세트,https://prod.danawa.com/info/?pcode=14431229,2026-09-27T11:16+00:00,Danawa search (lowest listed price across malls)
골프 헤드커버 세트,턴트골프 행복한 스마일 퍼터키퍼와 아기신발 퍼터커버 세트,11160,22,골프_골프용품,퍼터커버,https://prod.danawa.com/info/?pcode=96776654,2026-09-27T11:16+00:00,Danawa search (lowest listed price across malls)
골프 헤드커버 세트,젝시오 레이디스 컴포트 헤드커버 세트 GGE-24056I,92520,113,골프_골프용품,커버세트,https://prod.danawa.com/info/?pcode=91912268,2026-09-27T11:16+00:00,Danawa search (lowest listed price across malls)
골프 헤드커버 세트,마크앤로나 아이언 헤드커버 세트 MLS 5C SH06 카키,319000,3,골프_골프용품,아이언커버,https://prod.danawa.com/info/?pcode=102489494,2026-09-27T11:16+00:00,Danawa search (lowest listed price across malls)
골프 헤드커버 세트,스릭슨 어거스타 컨셉 헤드커버 세트,59000,29,골프_골프용품,커버세트,https://prod.danawa.com/info/?pcode=17582345,2026-09-27T11:16+00:00,Danawa search (lowest listed price across malls)
골프 헤드커버 세트,턴트골프 따끈붕어빵 퍼터키퍼와 아기신발 퍼터커버 세트,11310,100,골프_골프용품,퍼터커버,https://prod.danawa.com/info/?pcode=96776681,2026-09-27T11:16+00:00,Danawa search (lowest listed price across malls)
골프 그린보수기 볼마커,제이빅 원터치 볼마커 그린보수기,7750,4,골프_골프용품,디봇툴/ (가로x세로x깊이):70mm,https://prod.danawa.com/info/?pcode=8057350,2026-09-27T11:16+00:00,Danawa search (lowest listed price across malls)
골프 그린보수기 볼마커,캘러웨이 그린보수기 디봇툴 볼마커,9110,76,골프_골프용품,디봇툴/ (가로x세로x깊이):30x90mm/무게(g): 35g,https://prod.danawa.com/info/?pcode=18277016,2026-09-27T11:16+00:00,Danawa search (lowest listed price across malls)
골프 그린보수기 볼마커,PGA투어 멀티 퍼터키퍼 그린보수기 디봇툴 볼마커+쇼핑백+골프공 주머니 OR 거리측정기 케이스,32130,14,골프_골프용품,디봇툴/ (가로x세로x깊이):30x135mm,https://prod.danawa.com/info/?pcode=17080241,2026-09-27T11:16+00:00,Danawa search (lowest listed price across malls)
골프 그린보수기 볼마커,무명정품 폴딩메탈 디봇툴 볼마커 그린보수기,5060,81,골프_골프용품,디봇툴,https://prod.danawa.com/info/?pcode=68790164,2026-09-27T11:16+00:00,Danawa search (lowest listed price across malls)
골프 그린보수기 볼마커,캘러웨이 볼라이너 디봇툴 볼마커 그린 3종 세트,16500,70,골프_골프용품,볼라이너+그린보수기+볼마커,https://prod.danawa.com/info/?pcode=75536741,2026-09-27T11:16+00:00,Danawa search (lowest listed price across malls)
골프 그린보수기 볼마커,코비스 3구+자석티+볼마커+그린보수기+볼수거기 세트,40800,59,골프_골프용품,남녀공용/ 새상품/오렌지/핑크/골드/ 선물세트/디봇툴/볼케이스/볼마커/볼수거기,https://prod.danawa.com/info/?pcode=19965299,2026-09-27T11:16+00:00,Danawa search (lowest listed price across malls)
골프 그린보수기 볼마커,PGA투어 멀티 퍼터키퍼 그린보수기 디봇툴 볼마커,10182,33,골프_골프용품,디봇툴/ (가로x세로x깊이):30x135mm,https://prod.danawa.com/info/?pcode=17080205,2026-09-27T11:16+00:00,Danawa search (lowest listed price across malls)
골프 그린보수기 볼마커,폴딩 그린보수기 접이식 볼마커포함 디봇수리 디봇툴,4250,2,골프_골프용품,,https://prod.danawa.com/info/?pcode=114324370,2026-09-27T11:16+00:00,Danawa search (lowest listed price across malls)
골프 그린보수기 볼마커,캘러웨이 텀블러 선물 세트,39758,49,골프_골프용품,골프티/롱티/부가기능: 볼마커/소재: 실리콘/구성: 텀블러 1P + 골프티3P + 그린보수기1P + 볼마커1P + 클럽브러쉬1P + 볼라이너1P,https://prod.danawa.com/info/?pcode=20948105,2026-09-27T11:16+00:00,Danawa search (lowest listed price across malls)
골프 그린보수기 볼마커,J2M 우주선 볼마커 그린보수기,6600,30,골프_골프용품,볼마커/부가기능: 디봇툴/ 35x65mm/무게(g): 32g,https://prod.danawa.com/info/?pcode=17364431,2026-09-27T11:16+00:00,Danawa search (lowest listed price across malls)
골프 그린보수기 볼마커,몬자 트리플라인 볼마커 디봇툴 그린보수기,3950,15,골프_골프용품,디봇툴/ (가로x세로x깊이):35x50mm / 35x75mm/무게(g): 20g,https://prod.danawa.com/info/?pcode=16640090,2026-09-27T11:16+00:00,Danawa search (lowest listed price across malls)
골프 그린보수기 볼마커,볼빅 비비드 마블 그린보수기 세트,23513,3,골프_골프용품,2022년형/남녀공용/ 새상품/ 3피스/ 커버: 아이오노머(썰린)/ 코어: 폴리부타디엔/레드/옐로우/ 선물세트/ 무광/ 캐릭터,https://prod.danawa.com/info/?pcode=17960309,2026-09-27T11:16+00:00,Danawa search (lowest listed price across malls)
골프 얼라인먼트 스틱,켈윈 얼라이먼트스틱,9900,565,골프_골프용품,스윙연습용품/얼라이먼트스틱,https://prod.danawa.com/info/?pcode=3240314,2026-09-27T11:16+00:00,Danawa search (lowest listed price across malls)
골프 얼라인먼트 스틱,SFW 파워큐 접이식 얼라인먼트 스틱,13110,530,골프_골프용품,스윙연습용품/얼라이먼트스틱,https://prod.danawa.com/info/?pcode=99639794,2026-09-27T11:16+00:00,Danawa search (lowest listed price across malls)
골프 얼라인먼트 스틱,테일러메이드 얼라이먼트스틱 커버레드,24000,16,골프_골프용품,얼라이먼트 스틱 커버,https://prod.danawa.com/info/?pcode=89605769,2026-09-27T11:16+00:00,Danawa search (lowest listed price across malls)
골프 얼라인먼트 스틱,LPSwing 멀티 퍼팅 미러,147520,258,골프_골프용품,퍼팅연습용품/퍼팅트랙(퍼팅보드)/(가로x세로x깊이):915x35x5.8mm/ 무게: 290g,https://prod.danawa.com/info/?pcode=93071717,2026-09-27T11:16+00:00,Danawa search (lowest listed price across malls)
골프 얼라인먼트 스틱,지온카시야 크로스 골프 얼라이먼트 스틱,4770,174,골프_골프용품,스윙연습용품/얼라이먼트스틱/(가로x세로x깊이):1220mm,https://prod.danawa.com/info/?pcode=3264912,2026-09-27T11:16+00:00,Danawa search (lowest listed price across malls)
골프 얼라인먼트 스틱,미즈노 프로 얼라이먼트스틱,19500,4,골프_골프용품,스윙연습용품/얼라이먼트스틱/(가로x세로x깊이):1200mm/ 무게: 320g,https://prod.danawa.com/info/?pcode=19881755,2026-09-27T11:16+00:00,Danawa search (lowest listed price across malls)
골프 얼라인먼트 스틱,피스탑 얼라이먼트 스틱,2250,165,골프_골프용품,스윙연습용품/얼라이먼트스틱/(가로x세로x깊이):1150mm/ 무게: 112.5g/소재 : 강화프라스틱,https://prod.danawa.com/info/?pcode=4795862,2026-09-27T11:16+00:00,Danawa search (lowest listed price across malls)
골프 얼라인먼트 스틱,파비온 타겟에이밍 얼라이먼트 스틱,7500,63,골프_골프용품,스윙연습용품/얼라이먼트스틱/(가로x세로x깊이):1220mm/ 무게: 111g,https://prod.danawa.com/info/?pcode=12243908,2026-09-27T11:16+00:00,Danawa search (lowest listed price across malls)
골프 얼라인먼트 스틱,엠스포츠 얼라이먼트 볼,42180,67,골프_골프용품,스윙연습용품/얼라이먼트스틱/(가로x세로x깊이):77x77mm/ 무게: 167g,https://prod.danawa.com/info/?pcode=16949741,2026-09-27T11:16+00:00,Danawa search (lowest listed price across malls)
골프 얼라인먼트 스틱,링스 스윙스틱 골프 밸런스 얼라이먼트 스윙연습기,53000,52,골프_골프용품,스윙연습용품/스윙연습기(하드타입)/무게: 540g,https://prod.danawa.com/info/?pcode=45873752,2026-09-27T11:16+00:00,Danawa search (lowest listed price across malls)
골프 얼라인먼트 스틱,파비온 크로스 얼라이먼트 스틱,9410,56,골프_골프용품,스윙연습용품/얼라이먼트스틱/(가로x세로x깊이):1200x80mm/ 무게: 121g/소재: 강화 PVC,https://prod.danawa.com/info/?pcode=9523293,2026-09-27T11:16+00:00,Danawa search (lowest listed price across malls)
골프 얼라인먼트 스틱,투딘 프로스틱 얼라이먼트 TD-PROST,17290,14,골프_골프용품,스윙연습용품/얼라이먼트스틱/(가로x세로x깊이):1150mm,https://prod.danawa.com/info/?pcode=2083151,2026-09-27T11:16+00:00,Danawa search (lowest listed price across malls)
스피닝릴,"시마노 울테그라 C3000HG, 2025년형",81800,15,스포츠/레저_낚시,스피닝릴/ 기어비: 5.8:1/ 최대 드랙력: 9kg/ 최대 권상장(1회전당): 86cm/무게: 220g/베어링: 5/1,https://prod.danawa.com/info/?pcode=102620246,2026-09-27T11:16+00:00,Danawa search (lowest listed price across malls)
스피닝릴,"다이와 후에고 LT 3000-CXH, 2020년형",46700,10,스포츠/레저_낚시,스피닝릴/ 기어비: 6.2:1/ 최대 드랙력: 10kg/ 최대 권상장(1회전당): 93cm/무게: 215g/베어링: 6/1,https://prod.danawa.com/info/?pcode=16678301,2026-09-27T11:16+00:00,Danawa search (lowest listed price across malls)
스피닝릴,"다이와 레브로스 LT 3000-CXH, 2023년형",56120,16,스포츠/레저_낚시,"스피닝릴/ 기어비: 6.2:1/ 최대 드랙력: 10kg/ 최대 권상장(1회전당): 93cm/무게: 240g/대상어종: 광어, 우럭, 고등어, 삼치/베어링: 4",https://prod.danawa.com/info/?pcode=97903148,2026-09-27T11:16+00:00,Danawa search (lowest listed price across malls)
스피닝릴,"시마노 울테그라 C3000XG, 2025년형",158010,38,스포츠/레저_낚시,스피닝릴/ 기어비: 6.4:1/ 최대 드랙력: 9kg/ 최대 권상장(1회전당): 94cm/무게: 220g/베어링: 5/1,https://prod.danawa.com/info/?pcode=79578629,2026-09-27T11:16+00:00,Danawa search (lowest listed price across malls)
스피닝릴,"다이와 레가리스 LT 2500-XH, 2020년형",73560,20,스포츠/레저_낚시,스피닝릴/ 기어비: 6.2:1/ 최대 드랙력: 10kg/ 최대 권상장(1회전당): 87cm/해수대응/무게: 205g/베어링: 5/1,https://prod.danawa.com/info/?pcode=16649159,2026-09-27T11:16+00:00,Danawa search (lowest listed price across malls)
스피닝릴,"다이와 후에고 LT 4000-CXH, 2020년형",67000,3,스포츠/레저_낚시,스피닝릴/ 기어비: 6.2:1/ 최대 드랙력: 12kg/ 최대 권상장(1회전당): 99cm/무게: 235g/베어링: 6/1,https://prod.danawa.com/info/?pcode=16677995,2026-09-27T11:16+00:00,Danawa search (lowest listed price across malls)
스피닝릴,"시마노 나스키 4000XG, 2026년형",112809,20,스포츠/레저_낚시,루어낚시/ 바다찌낚시/ 선상낚시/ 스피닝릴/ 기어비: 6.2:1/ 최대 드랙력: 11kg/ 최대 권상장(1회전당): 101cm/베어링: 9/1,https://prod.danawa.com/info/?pcode=107770253,2026-09-27T11:16+00:00,Danawa search (lowest listed price across malls)
스피닝릴,"시마노 세도나 C3000, 2023년형",57950,31,스포츠/레저_낚시,"스피닝릴/ 기어비: 5.0:1/ 최대 드랙력: 9kg/해수대응/무게: 245g/대상어종: 오징어, 주꾸미, 배스, 농어, 송어, 한치/베어링: 3/1",https://prod.danawa.com/info/?pcode=27644096,2026-09-27T11:16+00:00,Danawa search (lowest listed price across malls)
스피닝릴,"다이와 크로스파이어 LT 2500S-XH, 2026년형",41800,19,스포츠/레저_낚시,"루어낚시/ 바다찌낚시/ 선상낚시/ 스피닝릴/ 기어비: 6.2:1/ 최대 드랙력: 5kg/ 최대 권상장(1회전당): 87cm/무게: 250g/대상어종: 꺽지, 오징어, 쏘가리, 배스, 무늬오징어, 우럭/베어링: 3/1",https://prod.danawa.com/info/?pcode=108693233,2026-09-27T11:16+00:00,Danawa search (lowest listed price across malls)
스피닝릴,아부가르시아 레보 ALX 세타 4000SH,101080,10,스포츠/레저_낚시,"스피닝릴/ 기어비: 기어비(6.2:1)/ 최대 권상장(1회전당): 98cm/대상어종: 부시리, 쏘가리/꺽지/송어, 배스, 농어",https://prod.danawa.com/info/?pcode=109858521,2026-09-27T11:16+00:00,Danawa search (lowest listed price across malls)
스피닝릴,"시마노 액티브캐스트 SD1080, 2025년형",106857,12,스포츠/레저_낚시,"원투낚시/갯바위, 방파제낚시/ 스피닝릴/ 기어비: 3.5:1/ 최대 드랙력: 20kg/ 최대 권상장(1회전당): 84cm/해수대응/무게: 650g/대상어종: 광어, 도다리, 숭어, 감성돔, 가자미, 우럭, 붕장어/베어링: 3/1",https://prod.danawa.com/info/?pcode=89603438,2026-09-27T11:16+00:00,Danawa search (lowest listed price across malls)
스피닝릴,"다이와 레가리스 LT 3000-CXH, 2025년형",111000,29,스포츠/레저_낚시,"스피닝릴/ 기어비: 6.2:1/ 최대 드랙력: 10kg/ 최대 권상장(1회전당): 93cm/해수대응/무게: 200g/대상어종: 광어, 우럭, 고등어, 삼치/베어링: 5/1",https://prod.danawa.com/info/?pcode=98228216,2026-09-27T11:16+00:00,Danawa search (lowest listed price across malls)
캠핑 랜턴 스탠드,프리즘 크레모아 울트라 3.0 M,79000,24,스포츠/레저_캠핑,"랜턴(램프)/실내등/최대밝기: 2200루멘/밝기조절: 5단계/최대사용시간: 80시간/전원공급방식: USB충전식/부가기능: 점멸등, LED색상변경, 방수, 고리(클립), 각도조절스탠드, 보조배터리, 잔여배터리표시/무게: 405g/크기(가로x세로x높이): 16x9x3.4cm",https://prod.danawa.com/info/?pcode=11211528,2026-09-27T11:16+00:00,Danawa search (lowest listed price across malls)
캠핑 랜턴 스탠드,로티캠프 RCLS-108 4단 파일드라이버 랜턴걸이 캠핑 랜턴 스탠드 거치대,23900,4,스포츠/레저_캠핑,랜턴(램프)/랜턴용품/랜턴스탠드/무게: 1900g/크기(가로x세로): 63x78-233cm,https://prod.danawa.com/info/?pcode=76466162,2026-09-27T11:16+00:00,Danawa search (lowest listed price across malls)
캠핑 랜턴 스탠드,프리즘 크레모아 퀵 삼각대,42530,21,스포츠/레저_캠핑,랜턴(램프)/랜턴용품/랜턴스탠드/무게: 750g/크기(높이): 52-200cm,https://prod.danawa.com/info/?pcode=99735032,2026-09-27T11:16+00:00,Danawa search (lowest listed price across malls)
캠핑 랜턴 스탠드,디제이디 100W 충전식 투광기 W865B,22420,433,스포츠/레저_캠핑,"랜턴(램프)/작업등/밝기조절: 3단계/전원공급방식: USB충전식/부가기능: 점멸등, 보조배터리/크기(가로x세로x높이): 17x16x33cm",https://prod.danawa.com/info/?pcode=15194807,2026-09-27T11:16+00:00,Danawa search (lowest listed price across malls)
캠핑 랜턴 스탠드,케이디와이 KWL-1000B 작업등,19890,57,스포츠/레저_캠핑,"랜턴(램프)/작업등/최대밝기: 1000루멘/최대사용시간: 4.9시간/전원공급방식: USB충전식/부가기능: 점멸등, LED색상변경, 각도조절스탠드, 자석내장, 잔여배터리표시/크기(가로x세로): 13.5x9.6cm",https://prod.danawa.com/info/?pcode=46738643,2026-09-27T11:16+00:00,Danawa search (lowest listed price across malls)
캠핑 랜턴 스탠드,프리즘 크레모아 울트라2 3.0 M,84150,24,스포츠/레저_캠핑,"랜턴(램프)/실내등/최대밝기: 1100루멘/최대사용시간: 80시간/전원공급방식: USB충전식/부가기능: 점멸등, LED색상변경, 방수, 고리(클립), 각도조절스탠드, 보조배터리, 잔여배터리표시/무게: 465g/크기(가로x세로x높이): 12.5x11.5x3.9cm/색상: 블랙, 레드",https://prod.danawa.com/info/?pcode=11210970,2026-09-27T11:16+00:00,Danawa search (lowest listed price across malls)
캠핑 랜턴 스탠드,프리즘 크레모아 울트라 3.0 L,101150,37,스포츠/레저_캠핑,"랜턴(램프)/실내등/최대밝기: 2700루멘/밝기조절: 5단계/최대사용시간: 100시간/전원공급방식: USB충전식/부가기능: 점멸등, LED색상변경, 방수, 고리(클립), 각도조절스탠드, 보조배터리, 잔여배터리표시/무게: 540g/크기(가로x세로x높이): 20x9x3.4cm",https://prod.danawa.com/info/?pcode=11211561,2026-09-27T11:16+00:00,Danawa search (lowest listed price across malls)
캠핑 랜턴 스탠드,퓨전에프앤씨 루맥스 LC-100K (단품),33900,161,스포츠/레저_캠핑,"랜턴(램프)/작업등/최대밝기: 800루멘/밝기조절: 3단계/최대사용시간: 11시간/전원공급방식: USB충전식/부가기능: LED색상변경, 고리(클립), 각도조절스탠드, 보조배터리, 잔여배터리표시/무게: 230g/크기(가로x세로): 9.1x9.1cm",https://prod.danawa.com/info/?pcode=9646920,2026-09-27T11:16+00:00,Danawa search (lowest listed price across malls)
캠핑 랜턴 스탠드,프리즘 크레모아 울트라 플러스 X,219750,1,스포츠/레저_캠핑,"랜턴(램프)/실내등/최대밝기: 3200루멘/밝기조절: 5단계/최대사용시간: 150시간/전원공급방식: USB충전식/부가기능: 점멸등, LED색상변경, 고리(클립), 각도조절스탠드, 잔여배터리표시/무게: 685g/크기(가로x세로x높이): 24x9x3.4cm/구성품: 랜턴, 고리, 충전케이블",https://prod.danawa.com/info/?pcode=9701187,2026-09-27T11:16+00:00,Danawa search (lowest listed price across malls)
캠핑 랜턴 스탠드,루메나 P1 파일 드라이버,24900,11,스포츠/레저_캠핑,랜턴(램프)/랜턴용품/랜턴스탠드/무게: 330g/크기(길이): 135cm,https://prod.danawa.com/info/?pcode=18007331,2026-09-27T11:16+00:00,Danawa search (lowest listed price across malls)
캠핑 랜턴 스탠드,피스톨 줌 라이트,21060,3,스포츠/레저_캠핑,"랜턴(램프)/손전등/랜턴유리/최대밝기: 500루멘/최대사용시간: 8시간/전원공급방식: USB충전식/부가기능: 줌조절, 각도조절스탠드/무게: 520g/크기(가로x높이): 16.5x28cm",https://prod.danawa.com/info/?pcode=14478704,2026-09-27T11:16+00:00,Danawa search (lowest listed price across malls)
캠핑 랜턴 스탠드,스네프 3단 우드원목 삼각대 스탠드 랜턴걸이,104270,20,스포츠/레저_캠핑,랜턴(램프)/랜턴용품/랜턴걸이/무게: 3.5kg,https://prod.danawa.com/info/?pcode=16309448,2026-09-27T11:16+00:00,Danawa search (lowest listed price across malls)
골프 클럽 브러쉬,피치픽스 NEW 아쿠아 브러쉬 골프채청소,15110,18,골프_골프클럽,"클럽세척용(그립,클럽)",https://prod.danawa.com/info/?pcode=80548196,2026-09-27T11:16+00:00,Danawa search (lowest listed price across malls)
골프 클럽 브러쉬,바로스포츠 3 in 1 클럽 클리닝 브러쉬,4670,39,골프_골프클럽,"클럽세척용(그립,클럽)/2018년형",https://prod.danawa.com/info/?pcode=6346887,2026-09-27T11:16+00:00,Danawa search (lowest listed price across malls)
골프 클럽 브러쉬,캘러웨이 클럽 브러쉬 CW10253,7990,110,골프_골프클럽,"클럽세척용(그립,클럽)",https://prod.danawa.com/info/?pcode=18663203,2026-09-27T11:16+00:00,Danawa search (lowest listed price across malls)
골프 클럽 브러쉬,캘러웨이 그루브 클리너 브러쉬+볼마커,18800,51,골프_골프클럽,그루브/2020년형/53g,https://prod.danawa.com/info/?pcode=13517264,2026-09-27T11:16+00:00,Danawa search (lowest listed price across malls)
골프 클럽 브러쉬,캘러웨이 골프 클럽 브러쉬 C10281,14120,32,골프_골프클럽,"클럽세척용(그립,클럽)/2019년형",https://prod.danawa.com/info/?pcode=6355418,2026-09-27T11:16+00:00,Danawa search (lowest listed price across malls)
골프 클럽 브러쉬,캘러웨이 ONCO 클럽 브러쉬 CW10253 TA2226832,16000,1,골프_골프용품,,https://prod.danawa.com/info/?pcode=118531405,2026-09-27T11:16+00:00,Danawa search (lowest listed price across malls)
골프 클럽 브러쉬,양면 클럽 브러쉬,9770,9,골프_골프클럽,"클럽세척용(그립,클럽)",https://prod.danawa.com/info/?pcode=28770785,2026-09-27T11:16+00:00,Danawa search (lowest listed price across malls)
골프 클럽 브러쉬,모벨리 골프채 클럽 브러쉬,10900,3,골프_골프클럽,"클럽세척용(그립,클럽)",https://prod.danawa.com/info/?pcode=93632957,2026-09-27T11:16+00:00,Danawa search (lowest listed price across malls)
골프 클럽 브러쉬,골프클럽브러쉬,2280,2,골프_골프클럽,"클럽세척용(그립,클럽)/2016년형 이전",https://prod.danawa.com/info/?pcode=6348690,2026-09-27T11:16+00:00,Danawa search (lowest listed price across malls)
골프 클럽 브러쉬,몬자 레이크 골프클럽 세척 브러쉬,16800,2,골프_골프클럽,"클럽세척용(그립,클럽)",https://prod.danawa.com/info/?pcode=31075343,2026-09-27T11:16+00:00,Danawa search (lowest listed price across malls)
골프 클럽 브러쉬,SFW 휴대용 청소 양면브러쉬,26360,1,골프_골프클럽,"클럽세척용(그립,클럽)",https://prod.danawa.com/info/?pcode=99558353,2026-09-27T11:16+00:00,Danawa search (lowest listed price across malls)
골프 클럽 브러쉬,제이빅 클럽 헤드 청소 브러쉬,1700,7,골프_골프클럽,"클럽세척용(그립,클럽)",https://prod.danawa.com/info/?pcode=97776899,2026-09-27T11:16+00:00,Danawa search (lowest listed price across malls)
고양이 터널 접이식,라일리 Rly 고양이 놀이터 접이식 터널 장난감 스트레스 해소 51691545,21000,3,패션잡화_신발,신발/남성샌들/슬리퍼/샌들,https://prod.danawa.com/info/?pcode=123908876,2026-09-27T11:16+00:00,Danawa search (lowest listed price across malls)
고양이 이동가방,페르시안캣 헥사곤 서클 휠 캐디백 025 화이트,167400,17,골프_골프용품,캐디백/여성용/ 바퀴이동/4.65kg/색상: 화이트/소재: 폴리우레탄/크기(가로x세로x폭): 35x87x20cm,https://prod.danawa.com/info/?pcode=103185242,2026-09-27T11:17+00:00,Danawa search (lowest listed price across malls)
고양이 이동가방,페르시안캣 그래피티 패턴 휠 보스턴백 P5FUWB31,377500,29,골프_골프용품,"보스턴백/남녀공용/ 바퀴이동/색상: 화이트, 블랙/소재: 폴리우레탄",https://prod.danawa.com/info/?pcode=122669344,2026-09-27T11:17+00:00,Danawa search (lowest listed price across malls)
고양이 이동가방,페르시안캣 헥사 뉴로고 휠 캐디백 PER-025,604030,12,골프_골프용품,"캐디백/여성용/ 바퀴이동/ 8.5인치(21.59cm)/ 5분할/5kg/색상: 블랙, 화이트/소재: 나일론/크기(가로x세로x폭): 42x88cm",https://prod.danawa.com/info/?pcode=17920799,2026-09-27T11:17+00:00,Danawa search (lowest listed price across malls)
고양이 이동가방,페르시안캣 헥사곤 서클 휠 보스턴백 025 화이트,269810,24,골프_골프용품,보스턴백/여성용/ 바퀴이동/2.98kg/색상: 화이트/소재: 나일론/크기(가로x세로x폭): 38x52x24cm,https://prod.danawa.com/info/?pcode=122703393,2026-09-27T11:17+00:00,Danawa search (lowest listed price across malls)
고양이 이동가방,페르시안캣 엠보 로고 텀블러 휠캐디백 030 화이트,639000,23,골프_골프용품,캐디백/남녀공용/ 바퀴이동/ 5분할/4.45kg/색상: 화이트/소재: 폴리우레탄/크기(가로x세로x폭): 35x87x20cm,https://prod.danawa.com/info/?pcode=90503579,2026-09-27T11:17+00:00,Danawa search (lowest listed price across malls)
고양이 이동가방,욜프 x 페르시안캣 레오파드 크리드 029 휠 캐디백,990000,7,골프_골프용품,캐디백/여성용/ 바퀴이동/ 5분할/5kg/색상: 퍼플/소재: 나일론,https://prod.danawa.com/info/?pcode=77017382,2026-09-27T11:17+00:00,Danawa search (lowest listed price across malls)
고양이 이동가방,라일리 Rly 반려동물 이동 가방 강아지 고양이 슬링백 501 51349013,16830,9,패션잡화_가방,가방/여성크로스백,https://prod.danawa.com/info/?pcode=123658863,2026-09-27T11:17+00:00,Danawa search (lowest listed price across malls)
고양이 이동가방,둘리나캣 휠 골프백세트 DNC-CB6755,1329900,1,골프_골프용품,"골프백세트/여성용/구성: 보스턴캐리어, 파우치, 캐디백/ 바퀴이동/색상: 레드, 그레이, 화이트/[캐디백] 소재: 폴리우레탄/ 8.5인치(21.59cm)/ 5분할/ 4.9kg/ (가로x세로x폭):37x87x25cm/[보스턴캐리어] 크기(가로x세로x폭): 39x39x19cm",https://prod.danawa.com/info/?pcode=12139235,2026-09-27T11:17+00:00,Danawa search (lowest listed price across malls)
고양이 이동가방,라일리 Rly 고양이 강아지 이동 포대기 숄더백 슬링백 캔버스 52150104,26040,9,패션잡화_가방,가방/여성크로스백,https://prod.danawa.com/info/?pcode=124028027,2026-09-27T11:17+00:00,Danawa search (lowest listed price across malls)
고양이 이동가방,라일리 Rly 501720 이동 강아지 고양이 가방 슬링백 반 51349182,17010,9,패션잡화_가방,가방/여성크로스백,https://prod.danawa.com/info/?pcode=123653268,2026-09-27T11:17+00:00,Danawa search (lowest listed price across malls)
고양이 이동가방,페르시안캣 엠보 로고 텀블러 휠보스턴백 030 화이트,389000,1,골프_골프용품,보스턴백/남녀공용/ 바퀴이동/2.65kg/색상: 화이트/소재: 폴리우레탄/크기(가로x세로x폭): 33x53x34cm,https://prod.danawa.com/info/?pcode=90503399,2026-09-27T11:17+00:00,Danawa search (lowest listed price across malls)
고양이 이동가방,페르시안캣 엠보 로고 텀블러 휠보스턴백 030 블랙,390810,13,골프_골프용품,보스턴백/남녀공용/ 바퀴이동/2.65kg/색상: 블랙/소재: 폴리우레탄/크기(가로x세로x폭): 33x53x34cm,https://prod.danawa.com/info/?pcode=90503468,2026-09-27T11:17+00:00,Danawa search (lowest listed price across malls)
골프 타올 자석,데상트골프 아크먼트 마그네틱 볼타올 블랙 DR12MFET13 BLKG,53640,34,골프_골프용품,볼타올/남녀공용/색상: 블랙,https://prod.danawa.com/info/?pcode=108229541,2026-09-27T11:17+00:00,Danawa search (lowest listed price across malls)
골프 타올 자석,데상트골프 마그네틱 볼타올 DQ12MFET21_BLKG,43470,58,골프_골프용품,볼타올/남녀공용/소재: 폴리에스터/색상: 블랙,https://prod.danawa.com/info/?pcode=77319524,2026-09-27T11:17+00:00,Danawa search (lowest listed price across malls)
골프 타올 자석,스컬독 자석 마그넷 타올,8800,1,골프_골프용품,장갑/타올홀더,https://prod.danawa.com/info/?pcode=74417648,2026-09-27T11:17+00:00,Danawa search (lowest listed price across malls)
퍼팅 거울,지온카시야 직선 퍼팅 얼라이먼트 미러 연습기,24900,270,골프_골프용품,퍼팅연습용품/퍼팅트랙(퍼팅보드)/(가로x세로x깊이):445x235x60mm,https://prod.danawa.com/info/?pcode=3264650,2026-09-27T11:17+00:00,Danawa search (lowest listed price across malls)
퍼팅 거울,지온카시야 퍼팅미러연습기,9900,209,골프_골프용품,퍼팅연습용품/퍼팅트랙(퍼팅보드)/(가로x세로x깊이):330x178mm,https://prod.danawa.com/info/?pcode=3256526,2026-09-27T11:17+00:00,Danawa search (lowest listed price across malls)
퍼팅 거울,LPSwing 멀티 퍼팅 미러,147520,258,골프_골프용품,퍼팅연습용품/퍼팅트랙(퍼팅보드)/(가로x세로x깊이):915x35x5.8mm/ 무게: 290g,https://prod.danawa.com/info/?pcode=93071717,2026-09-27T11:17+00:00,Danawa search (lowest listed price across malls)
퍼팅 거울,에코벨 미러 골프퍼터연습기,6450,43,골프_골프용품,퍼팅연습용품/퍼팅트랙(퍼팅보드),https://prod.danawa.com/info/?pcode=93633734,2026-09-27T11:17+00:00,Danawa search (lowest listed price across malls)
퍼팅 거울,캘러웨이 퍼팅미러 연습세트,48707,21,골프_골프용품,퍼팅연습용품/퍼팅트랙(퍼팅보드)/(가로x세로x깊이):300x180mm/ 무게: 340g,https://prod.danawa.com/info/?pcode=9797703,2026-09-27T11:17+00:00,Danawa search (lowest listed price across malls)
퍼팅 거울,LPSwing 멀티 퍼팅 미러 스윙 연습기,288980,6,골프_골프용품,퍼팅연습용품/그립자세교정기,https://prod.danawa.com/info/?pcode=122701774,2026-09-27T11:17+00:00,Danawa search (lowest listed price across malls)
퍼팅 거울,PURE2IMPROVE P2I 미니 퍼팅 미러,11970,8,골프_골프용품,퍼팅연습용품/퍼팅트랙(퍼팅보드)/(가로x세로x깊이):80mm,https://prod.danawa.com/info/?pcode=17022242,2026-09-27T11:17+00:00,Danawa search (lowest listed price across malls)
퍼팅 거울,바로스포츠 트레이닝 퍼팅 미러 연습기,28320,22,골프_골프용품,퍼팅연습용품/퍼팅트랙(퍼팅보드)/(가로x세로x깊이):445x235x60mm,https://prod.danawa.com/info/?pcode=4895592,2026-09-27T11:17+00:00,Danawa search (lowest listed price across malls)
퍼팅 거울,피스탑 휴대용 퍼팅미러 연습기,8100,10,골프_골프용품,퍼팅연습용품/퍼팅트랙(퍼팅보드)/(가로x세로x깊이):310x145mm/ 무게: 134g,https://prod.danawa.com/info/?pcode=11169333,2026-09-27T11:17+00:00,Danawa search (lowest listed price across malls)
퍼팅 거울,퍼팅 거울 스윙 연습기,6900,5,골프_골프용품,퍼팅연습용품/퍼팅트랙(퍼팅보드)/(가로x세로x깊이):310x145mm,https://prod.danawa.com/info/?pcode=14001281,2026-09-27T11:17+00:00,Danawa search (lowest listed price across malls)
퍼팅 거울,지온카시야 임팩트가이드백+퍼팅가이드 미러연습기,42880,17,골프_골프용품,"스윙연습용품/임팩트백/(가로x세로x깊이):420x280mm, 330x178mm/ 무게: 492g",https://prod.danawa.com/info/?pcode=3262647,2026-09-27T11:17+00:00,Danawa search (lowest listed price across malls)
퍼팅 거울,리카타 엣지 퍼팅 미러 연습기,15000,3,골프_골프용품,퍼팅연습용품/퍼팅트랙(퍼팅보드)/(가로x세로x깊이):145x310mm/ 무게: 140g,https://prod.danawa.com/info/?pcode=16571870,2026-09-27T11:17+00:00,Danawa search (lowest listed price across malls)
헤드커버 3종 세트,덱스골프 스컬 드라이버 우드 유틸리티 3종 커버 세트 화이트 핑크,54910,39,골프_골프용품,커버세트,https://prod.danawa.com/info/?pcode=78714584,2026-09-27T11:18+00:00,Danawa search (lowest listed price across malls)
헤드커버 3종 세트,젝시오 라인프렌즈 미니니 헤드커버 3종세트,126850,7,골프_골프용품,커버세트,https://prod.danawa.com/info/?pcode=30337802,2026-09-27T11:18+00:00,Danawa search (lowest listed price across malls)
헤드커버 3종 세트,스포틴 스파이더 헤드커버 3종 세트,36000,2,골프_골프용품,커버세트,https://prod.danawa.com/info/?pcode=30141677,2026-09-27T11:18+00:00,Danawa search (lowest listed price across malls)
헤드커버 3종 세트,MPK인터내셔널 국가대표 태극기 헤드커버 3종세트,62100,62,골프_골프용품,커버세트,https://prod.danawa.com/info/?pcode=19990784,2026-09-27T11:18+00:00,Danawa search (lowest listed price across malls)
헤드커버 3종 세트,디오세븐 헤드커버 3종세트,69000,2,골프_골프용품,커버세트,https://prod.danawa.com/info/?pcode=100271321,2026-09-27T11:18+00:00,Danawa search (lowest listed price across malls)
헤드커버 3종 세트,덱스골프 스컬 드라이버 우드 유틸리티 3종 커버 세트 화이트 베이비핑크,54910,1,골프_골프용품,커버세트,https://prod.danawa.com/info/?pcode=78714608,2026-09-27T11:18+00:00,Danawa search (lowest listed price across malls)
헤드커버 3종 세트,코아이골프 국가대표감성 태극 헤드커버 3종세트,113100,3,골프_골프용품,커버세트,https://prod.danawa.com/info/?pcode=17301749,2026-09-27T11:18+00:00,Danawa search (lowest listed price across malls)
헤드커버 3종 세트,스릭슨 2023 마스터즈 에디션 헤드커버 3종세트,127100,1,골프_골프용품,커버세트,https://prod.danawa.com/info/?pcode=19628558,2026-09-27T11:18+00:00,Danawa search (lowest listed price across malls)
헤드커버 3종 세트,MPK인터내셔널 스컬 스티치 헤드커버 3종세트,40000,1,골프_골프용품,커버세트,https://prod.danawa.com/info/?pcode=28496261,2026-09-27T11:18+00:00,Danawa search (lowest listed price across malls)
헤드커버 3종 세트,지프로 조이 드라이버 우드 유틸 클럽 헤드커버 3종 세트,66250,30,골프_골프용품,커버세트/남녀공용,https://prod.danawa.com/info/?pcode=101955011,2026-09-27T11:18+00:00,Danawa search (lowest listed price across malls)
헤드커버 3종 세트,지프로 스마일 드라이버 우드 유틸 헤드커버 3종 세트,62510,30,골프_골프용품,커버세트/남녀공용,https://prod.danawa.com/info/?pcode=101954927,2026-09-27T11:18+00:00,Danawa search (lowest listed price across malls)
헤드커버 3종 세트,세븐힐스 할로윈 헤드커버 3종세트,60000,35,골프_골프용품,커버세트,https://prod.danawa.com/info/?pcode=102008645,2026-09-27T11:18+00:00,Danawa search (lowest listed price across malls)
드라이버 헤드커버,겜프 드라이버커버 HD-302,9120,282,골프_골프용품,드라이버커버/남녀공용,https://prod.danawa.com/info/?pcode=2257084,2026-09-27T11:18+00:00,Danawa search (lowest listed price across malls)
드라이버 헤드커버,크로드 드라이버커버,13800,4,골프_골프용품,드라이버커버,https://prod.danawa.com/info/?pcode=17974052,2026-09-27T11:18+00:00,Danawa search (lowest listed price across malls)
드라이버 헤드커버,콜리스골프 푸들 드라이버커버,19570,266,골프_골프용품,드라이버커버,https://prod.danawa.com/info/?pcode=11964179,2026-09-27T11:18+00:00,Danawa search (lowest listed price across malls)
드라이버 헤드커버,HACC 드라이버 + 우드 + 유틸리티 헤드 커버 세트,12350,1,골프_골프용품,커버세트,https://prod.danawa.com/info/?pcode=95285147,2026-09-27T11:18+00:00,Danawa search (lowest listed price across malls)
드라이버 헤드커버,테일러메이드 TM 드라이버커버 B15874,21018,92,골프_골프용품,드라이버커버,https://prod.danawa.com/info/?pcode=5794205,2026-09-27T11:18+00:00,Danawa search (lowest listed price across malls)
드라이버 헤드커버,한양 소렌토로 고양이 드라이버커버 HE-505,26590,165,골프_골프용품,드라이버커버,https://prod.danawa.com/info/?pcode=20613509,2026-09-27T11:18+00:00,Danawa search (lowest listed price across malls)
드라이버 헤드커버,말본골프 가먼트 드라이버 커버 그린 M5343PCV17GRN,146130,77,골프_골프용품,드라이버커버,https://prod.danawa.com/info/?pcode=95000897,2026-09-27T11:18+00:00,Danawa search (lowest listed price across malls)
드라이버 헤드커버,콜리스골프 팬더 드라이버커버,17400,169,골프_골프용품,드라이버커버,https://prod.danawa.com/info/?pcode=15266261,2026-09-27T11:18+00:00,Danawa search (lowest listed price across malls)
드라이버 헤드커버,캘러웨이 니트 플라워 드라이버 커버 CMAA23X113_GR,30900,13,골프_골프용품,드라이버커버/남녀공용,https://prod.danawa.com/info/?pcode=92041982,2026-09-27T11:18+00:00,Danawa search (lowest listed price across malls)
드라이버 헤드커버,제스타임 포니테일 드라이버커버,16560,5,골프_골프용품,드라이버커버,https://prod.danawa.com/info/?pcode=16794878,2026-09-27T11:18+00:00,Danawa search (lowest listed price across malls)
드라이버 헤드커버,waac 시즌 와키 드라이버 커버 WGGJX25610YEX,86450,4,골프_골프용품,드라이버커버/남녀공용,https://prod.danawa.com/info/?pcode=96367364,2026-09-27T11:18+00:00,Danawa search (lowest listed price across malls)
골프 아이언커버 세트,MRC골프 네오프렌 엠보 아이언커버 MG-IR02,7010,55,골프_골프용품,커버세트,https://prod.danawa.com/info/?pcode=12528773,2026-09-27T11:18+00:00,Danawa search (lowest listed price across malls)
골프 아이언커버 세트,마크앤로나 아이언 헤드커버 세트 MLS 5C SH06 카키,319000,3,골프_골프용품,아이언커버,https://prod.danawa.com/info/?pcode=102489494,2026-09-27T11:18+00:00,Danawa search (lowest listed price across malls)
골프 아이언커버 세트,마크앤로나 아이언 헤드커버 세트 MLS 5C SH06 아이스그레이,350000,1,골프_골프용품,아이언커버,https://prod.danawa.com/info/?pcode=102489509,2026-09-27T11:18+00:00,Danawa search (lowest listed price across malls)
골프 아이언커버 세트,콜리스골프 체리 아이언커버 세트,30350,114,골프_골프용품,아이언커버,https://prod.danawa.com/info/?pcode=15121451,2026-09-27T11:18+00:00,Danawa search (lowest listed price across malls)
골프 아이언커버 세트,스토리너스 산리오 아이언커버,57820,2,골프_골프용품,여성용/아이언커버,https://prod.danawa.com/info/?pcode=122678330,2026-09-27T11:18+00:00,Danawa search (lowest listed price across malls)
골프 아이언커버 세트,베루툼 트라이던트 아이언커버 세트 VGH3AC901U,118440,2,골프_골프용품,아이언커버,https://prod.danawa.com/info/?pcode=20164388,2026-09-27T11:18+00:00,Danawa search (lowest listed price across malls)
골프 아이언커버 세트,PGA투어 네오프렌 아이언커버 세트,15300,44,골프_골프용품,아이언커버,https://prod.danawa.com/info/?pcode=72305225,2026-09-27T11:18+00:00,Danawa search (lowest listed price across malls)
골프 아이언커버 세트,티디지 데스스컬 화이트닝 헤드 커버 아이언,27700,79,골프_골프용품,아이언커버,https://prod.danawa.com/info/?pcode=93703787,2026-09-27T11:18+00:00,Danawa search (lowest listed price across malls)
골프 아이언커버 세트,어뉴골프 UNI 그라데이션 아이언 커버 퍼플 AGGUUIC04 PP,36050,12,골프_골프용품,남녀공용/아이언커버,https://prod.danawa.com/info/?pcode=122698036,2026-09-27T11:18+00:00,Danawa search (lowest listed price across malls)
골프 아이언커버 세트,페르시안캣 잭팟 아이언커버 P5FUIC01,97000,13,골프_골프용품,아이언커버,https://prod.danawa.com/info/?pcode=103185149,2026-09-27T11:18+00:00,Danawa search (lowest listed price across malls)
골프 아이언커버 세트,무명정품 스파클링 아이언커버,18900,23,골프_골프용품,아이언커버,https://prod.danawa.com/info/?pcode=12164846,2026-09-27T11:18+00:00,Danawa search (lowest listed price across malls)
골프 아이언커버 세트,루체 쿠션 아이언커버,10610,7,골프_골프용품,커버세트,https://prod.danawa.com/info/?pcode=12471512,2026-09-27T11:18+00:00,Danawa search (lowest listed price across malls)
강아지 슬링백,셀러허브 라일리 Rly 슬링백 가방 여성 남자 대학생 아이패드 강아지150 S9524050,23256,3,패션잡화_가방,여성가방/크로스백,https://prod.danawa.com/info/?pcode=48908570,2026-09-27T11:19+00:00,Danawa search (lowest listed price across malls)
강아지 슬링백,키플링 강아지 키링 레트로 미니 크로스백 ELG-070 R1 슬링백 메신저백 미니 버킷백 데일리 출근가방,21340,30,패션잡화_가방,버킷백,https://prod.danawa.com/info/?pcode=42559133,2026-09-27T11:19+00:00,Danawa search (lowest listed price across malls)
강아지 슬링백,라일리 Rly 반려동물 이동 가방 강아지 고양이 슬링백 501 51349013,16830,9,패션잡화_가방,가방/여성크로스백,https://prod.danawa.com/info/?pcode=123658863,2026-09-27T11:19+00:00,Danawa search (lowest listed price across malls)
강아지 슬링백,남성 DOG673K3 여성 체스트백 슬링백 스트링 크로스백 보조 가방,25550,1,패션잡화_가방,가방/백팩,https://prod.danawa.com/info/?pcode=107674850,2026-09-27T11:19+00:00,Danawa search (lowest listed price across malls)
강아지 슬링백,라일리 Rly 고양이 강아지 이동 포대기 숄더백 슬링백 캔버스 52150104,26040,9,패션잡화_가방,가방/여성크로스백,https://prod.danawa.com/info/?pcode=124028027,2026-09-27T11:19+00:00,Danawa search (lowest listed price across malls)
강아지 슬링백,라일리 Rly 501720 이동 강아지 고양이 가방 슬링백 반 51349182,17010,9,패션잡화_가방,가방/여성크로스백,https://prod.danawa.com/info/?pcode=123653268,2026-09-27T11:19+00:00,Danawa search (lowest listed price across malls)
강아지 슬링백,라일리 Rly 강아지 반려견 이동 산책 외출 슬링백 숄더백 H 51080652,26610,9,패션잡화_가방,가방/여성숄더백/숄더백,https://prod.danawa.com/info/?pcode=122958105,2026-09-27T11:19+00:00,Danawa search (lowest listed price across malls)
강아지 슬링백,제이에스글로벌 TBZ 탈출금지애견메쉬슬링백 이동 애견 카시트 산책가방-WFNGW7H,19350,5,패션잡화_가방,가방/여성숄더백/숄더백,https://prod.danawa.com/info/?pcode=123206729,2026-09-27T11:19+00:00,Danawa search (lowest listed price across malls)
강아지 슬링백,에이치플러스몰 강아지 반려견 이동 산책 외출 슬링백 숄더백 HTP-1009,24430,4,패션잡화_가방,가방/여성숄더백/숄더백,https://prod.danawa.com/info/?pcode=123131529,2026-09-27T11:19+00:00,Danawa search (lowest listed price across malls)
강아지 슬링백,캉가루 고양이강아지 포대기 후드티 애완 슬링백vwx153,42420,1,취미_강아지용품,,https://prod.danawa.com/info/?pcode=109485110,2026-09-27T11:19+00:00,Danawa search (lowest listed price across malls)
강아지 슬링백,페로앤가토 애견 슬링백 블루,33440,12,취미_강아지용품,"이동장,가방/형태: 슬링백/재질: 면,PP,스틸/크기: 65x27cm",https://prod.danawa.com/info/?pcode=33172247,2026-09-27T11:19+00:00,Danawa search (lowest listed price across malls)
강아지 슬링백,셀러허브 강아지 이동가방 슬링백 포대기 애견 반려견 고양이 숄더백 이동장 산책 S42288714,9370,50,취미_강아지용품,가방/클러치백,https://prod.danawa.com/info/?pcode=107735954,2026-09-27T11:19+00:00,Danawa search (lowest listed price across malls)
퍼터커버 말렛,골드래빗 반달 퍼터 커버 스몰말렛,19020,221,골프_골프용품,퍼터커버,https://prod.danawa.com/info/?pcode=62642345,2026-09-27T11:19+00:00,Danawa search (lowest listed price across malls)
퍼터커버 말렛,카카오프렌즈 써니프렌즈 퍼터커버 말렛 라이언,33250,1,골프_골프용품,퍼터커버,https://prod.danawa.com/info/?pcode=123436161,2026-09-27T11:19+00:00,Danawa search (lowest listed price across malls)
퍼터커버 말렛,블랙클로버 럭키 말렛 퍼터 커버 핑크,18490,6,골프_골프용품,퍼터커버/남녀공용,https://prod.danawa.com/info/?pcode=101073050,2026-09-27T11:19+00:00,Danawa search (lowest listed price across malls)
퍼터커버 말렛,지브이투어 G형 퍼터커버 말렛형,12400,65,골프_골프용품,퍼터커버,https://prod.danawa.com/info/?pcode=19302260,2026-09-27T11:19+00:00,Danawa search (lowest listed price across malls)
퍼터커버 말렛,티디지 아키타 말렛 퍼터커버,11470,116,골프_골프용품,퍼터커버/남녀공용,https://prod.danawa.com/info/?pcode=90648785,2026-09-27T11:19+00:00,Danawa search (lowest listed price across malls)
퍼터커버 말렛,"세븐힐스 네오루키 말렛형 퍼터커버 P-001, P-002",19150,154,골프_골프용품,퍼터커버,https://prod.danawa.com/info/?pcode=17020646,2026-09-27T11:19+00:00,Danawa search (lowest listed price across malls)
퍼터커버 말렛,세븐힐스 스컬 말렛 퍼터커버,23250,167,골프_골프용품,퍼터커버,https://prod.danawa.com/info/?pcode=12726662,2026-09-27T11:19+00:00,Danawa search (lowest listed price across malls)
퍼터커버 말렛,카카오프렌즈 체커보드 퍼터커버 말렛 춘식이,33250,5,골프_골프용품,퍼터커버/남녀공용,https://prod.danawa.com/info/?pcode=103124915,2026-09-27T11:19+00:00,Danawa search (lowest listed price across malls)
퍼터커버 말렛,티디지 앵그리스컬 말렛형 퍼터커버,15560,81,골프_골프용품,퍼터커버,https://prod.danawa.com/info/?pcode=6279249,2026-09-27T11:19+00:00,Danawa search (lowest listed price across malls)
퍼터커버 말렛,MPK인터내셔널 국가대표 태극기 말렛 퍼터커버,21970,116,골프_골프용품,퍼터커버,https://prod.danawa.com/info/?pcode=19990736,2026-09-27T11:19+00:00,Danawa search (lowest listed price across malls)
퍼터커버 말렛,니켄트 몬스터 말렛형 퍼터커버,23350,22,골프_골프용품,퍼터커버,https://prod.danawa.com/info/?pcode=9591417,2026-09-27T11:19+00:00,Danawa search (lowest listed price across malls)
퍼터커버 말렛,블랙클로버 럭키 말렛 퍼터 커버 화이트,18490,24,골프_골프용품,퍼터커버/남녀공용,https://prod.danawa.com/info/?pcode=101073017,2026-09-27T11:19+00:00,Danawa search (lowest listed price across malls)
가죽 데스크매트,아리아라 고급 VIP 대형 가죽 데스크패드,53280,108,문구/사무_파일/사무용품,"데스크패드/종류: 기억자형, 일자형/크기: 800 x 470mm, 800 x 500mm",https://prod.danawa.com/info/?pcode=6692734,2026-09-27T11:05+00:00,Danawa search (lowest listed price across malls)
가죽 데스크매트,비세이프 가죽 와이드 단면 데스크매트 1800,31900,11,문구/사무_파일/사무용품,"데스크패드/색상: 핑크, 민트, 블루, 퍼플, 그린, 딥그린, 그레이, 블랙, 화이트, 네이비/크기: 1800x900mm",https://prod.danawa.com/info/?pcode=14975366,2026-09-27T11:05+00:00,Danawa search (lowest listed price across malls)
가죽 데스크매트,AONE DPAD DP-842,5060,60,PC 주요 부품_마우스,마우스패드/ 제품 형태: 장패드/ 인조가죽/ 방수처리/ 가로: 800mm/ 세로: 400mm/ 두께: 2mm,https://prod.danawa.com/info/?pcode=18466277,2026-09-27T11:05+00:00,Danawa search (lowest listed price across malls)
가죽 데스크매트,앱코 파스텔 데스크 가죽 스몰 패드,3000,48,PC 주요 부품_마우스,마우스패드/1년 보증/ 제품 형태: 일반/ 가죽/ 미끄럼방지/ 방수처리/ 가로: 220 mm/ 세로: 180 mm/ 두께: 1.7 mm,https://prod.danawa.com/info/?pcode=19205462,2026-09-27T11:05+00:00,Danawa search (lowest listed price across malls)
가죽 데스크매트,다니카 철판 가죽 데스크패드 평면형,26800,6,문구/사무_파일/사무용품,데스크패드/크기: 80x40cm,https://prod.danawa.com/info/?pcode=62218028,2026-09-27T11:05+00:00,Danawa search (lowest listed price across malls)
가죽 데스크매트,야스트 가죽 데스크 매트 S,8900,6,문구/사무_파일/사무용품,데스크패드,https://prod.danawa.com/info/?pcode=79543022,2026-09-27T11:05+00:00,Danawa search (lowest listed price across malls)
가죽 데스크매트,아리아라 가죽 VIP 데스크패드 1000,68910,317,문구/사무_파일/사무용품,"데스크패드/종류: 기역자형, 일자형/색상: 블랙, 브라운/크기: 1000x380mm, 1000x400mm",https://prod.danawa.com/info/?pcode=12892898,2026-09-27T11:05+00:00,Danawa search (lowest listed price across malls)
가죽 데스크매트,야스트 가죽 데스크 매트 M,9700,9,문구/사무_파일/사무용품,"데스크패드/색상: 아이보리, 인디핑크, 라이트그린, 라이트그레이, 블랙/크기: 800x400mm",https://prod.danawa.com/info/?pcode=15234416,2026-09-27T11:05+00:00,Danawa search (lowest listed price across malls)
가죽 데스크매트,마우스 테이블 데스크 매트 가죽 패드 친환경 소재 책상매트,9650,2,문구/사무_파일/사무용품,데스크패드,https://prod.danawa.com/info/?pcode=33108722,2026-09-27T11:05+00:00,Danawa search (lowest listed price across malls)
가죽 데스크매트,비세이프 가죽 와이드 단면 데스크매트 1600,28900,10,문구/사무_파일/사무용품,데스크패드,https://prod.danawa.com/info/?pcode=79543859,2026-09-27T11:05+00:00,Danawa search (lowest listed price across malls)
가죽 데스크매트,비세이프 가죽 와이드 단면 데스크매트 1400x800,23900,12,문구/사무_파일/사무용품,"데스크패드/색상: 핑크, 민트, 블루, 퍼플, 그린, 딥그린, 그레이, 블랙, 화이트, 네이비/크기: 1400x800mm",https://prod.danawa.com/info/?pcode=14975345,2026-09-27T11:05+00:00,Danawa search (lowest listed price across malls)
가죽 데스크매트,유니온 프리미엄 양면 가죽 데스크 매트,5140,4,문구/사무_파일/사무용품,데스크패드/크기: 80x40cm,https://prod.danawa.com/info/?pcode=40889774,2026-09-27T11:05+00:00,Danawa search (lowest listed price across malls)
가죽 데스크매트,비세이프 가죽 와이드 단면 데스크매트 700,6900,8,문구/사무_파일/사무용품,데스크패드,https://prod.danawa.com/info/?pcode=79544351,2026-09-27T11:05+00:00,Danawa search (lowest listed price across malls)
가죽 데스크매트,트리 파스텔 휴대용 가죽 데스크 매트,6916,211,문구/사무_파일/사무용품,데스크패드/크기: 80x40cm,https://prod.danawa.com/info/?pcode=79543388,2026-09-27T11:05+00:00,Danawa search (lowest listed price across malls)
가죽 데스크매트,아리아라 VIP 가죽 데스크패드 세트 5종,131600,46,문구/사무_파일/사무용품,데스크패드,https://prod.danawa.com/info/?pcode=33078245,2026-09-27T11:05+00:00,Danawa search (lowest listed price across malls)
가죽 데스크매트,야스트 가죽 데스크 매트,12900,9,문구/사무_파일/사무용품,"데스크패드/색상: 아이보리, 인디핑크, 라이트그린, 라이트그레이, 블랙/크기: 900x450mm",https://prod.danawa.com/info/?pcode=15234479,2026-09-27T11:05+00:00,Danawa search (lowest listed price across malls)
가죽 데스크매트,다니카 가죽 데스크매트 장패드 7colors YS001,7900,3,문구/사무_파일/사무용품,"데스크패드/색상: 크림, 베이지, 핑크, 브라운, 그레이, 네이비, 블랙/크기: 80x33cm",https://prod.danawa.com/info/?pcode=79523405,2026-09-27T11:05+00:00,Danawa search (lowest listed price across malls)
가죽 데스크매트,아리아라 750 가죽 메탈 데스크패드 장패드,35860,45,문구/사무_파일/사무용품,"데스크패드/크기: 75x43cm,75x37cm",https://prod.danawa.com/info/?pcode=76461743,2026-09-27T11:05+00:00,Danawa search (lowest listed price across malls)
가죽 데스크매트,아리아라 가죽데스크 매트 패드 자형 SD650 검정,39150,5,문구/사무_파일/사무용품,데스크패드,https://prod.danawa.com/info/?pcode=33112451,2026-09-27T11:05+00:00,Danawa search (lowest listed price across malls)
노트북 거치대 알루미늄 접이식,알파스캔 AOC L2 휴대용 접이식 노트북 거치대,19380,23,디지털 완제품_노트북 주변기기,[분류/종류] 받침대/쿨러/ 받침대/[호환크기] 16인치대/[주요스펙] 조절 기능: 각도/ 6단계/최대 하중: 10kg/ 알루미늄/미끄럼방지 패드/[크기/무게] 165mm/ 240mm/0.27kg,https://prod.danawa.com/info/?pcode=122651782,2026-09-27T11:06+00:00,Danawa search (lowest listed price across malls)
노트북 거치대 알루미늄 접이식,컴튜 N8 2단 접이식 노트북 거치대,9900,4,디지털 완제품_노트북 주변기기,"[분류/종류] 받침대/쿨러/ 받침대/[호환크기] 15인치대/[주요스펙] 조절 기능: 높이, 각도/ 알루미늄/[크기/무게] 190mm/ 290mm/0.418kg",https://prod.danawa.com/info/?pcode=71639927,2026-09-27T11:06+00:00,Danawa search (lowest listed price across malls)
노트북 거치대 알루미늄 접이식,감성공장 LHD-15 알루미늄 휴대용 2단 접이식 노트북 거치대,18500,23,디지털 완제품_노트북 주변기기,"[분류/종류] 받침대/쿨러/ 받침대/[호환크기] 17인치대/[주요스펙] 조절 기능: 높이, 각도/ 10단계 이상/ 알루미늄/미끄럼방지 패드/[크기/무게] 200mm/ 285mm/0.45kg",https://prod.danawa.com/info/?pcode=49103888,2026-09-27T11:06+00:00,Danawa search (lowest listed price across malls)
노트북 거치대 알루미늄 접이식,이지넷유비쿼터스 NEXTU NBS5705 거이단 휴대용 접이식 알루미늄 노트북 거치대,13500,106,디지털 완제품_노트북 주변기기,[분류/종류] 받침대/쿨러/ 받침대/[호환크기] 15인치대/[주요스펙] 조절 기능: 각도/ 5단계/최대 하중: 2.5kg/ 알루미늄/미끄럼방지 패드/[크기/무게] 0.19kg,https://prod.danawa.com/info/?pcode=76075520,2026-09-27T11:06+00:00,Danawa search (lowest listed price across malls)
노트북 거치대 알루미늄 접이식,디큐브 플렉시젠 X 접이식 노트북 거치대,27410,22,디지털 완제품_노트북 주변기기,[분류/종류] 받침대/쿨러/ 받침대/[호환크기] 17인치대/[주요스펙] 조절 기능: 각도/ 6단계/최대 하중: 10kg/ 알루미늄/미끄럼방지 패드/0.139kg,https://prod.danawa.com/info/?pcode=98240102,2026-09-27T11:06+00:00,Danawa search (lowest listed price across malls)
노트북 거치대 알루미늄 접이식,상도아이앤티 ANYZONE T2 접이식 알루미늄 노트북 거치대,14453,7,디지털 완제품_노트북 주변기기,[분류/종류] 받침대/쿨러/ 받침대/[호환크기] 최대 15.6인치/[주요스펙] 조절 기능: 각도/ 6단계/ 알루미늄/미끄럼방지 패드/[크기/무게] 165mm/ 240mm/0.26kg,https://prod.danawa.com/info/?pcode=11683628,2026-09-27T11:06+00:00,Danawa search (lowest listed price across malls)
노트북 거치대 알루미늄 접이식,에이치엠픽 접이식 노트북 거치대,9400,4,디지털 완제품_노트북 주변기기,[분류/종류] 받침대/쿨러/ 받침대/[호환크기] 16인치대/[주요스펙] 조절 기능: 각도/ 6단계/ 알루미늄/[크기/무게] 255mm,https://prod.danawa.com/info/?pcode=55082024,2026-09-27T11:06+00:00,Danawa search (lowest listed price across malls)
노트북 거치대 알루미늄 접이식,SODI 360도 X형 접이식 노트북 거치대,37120,11,디지털 완제품_노트북 주변기기,"[분류/종류] 받침대/쿨러/ 받침대/[호환크기] 16인치대/[주요스펙] 조절 기능: 높이, 회전, 각도/ 3관절/최대 하중: 10kg/ 알루미늄/미끄럼방지 패드/[크기/무게] 0.755kg",https://prod.danawa.com/info/?pcode=76404728,2026-09-27T11:06+00:00,Danawa search (lowest listed price across malls)
노트북 거치대 알루미늄 접이식,올더쉘 접이식 노트북 거치대,5100,24,디지털 완제품_노트북 주변기기,[분류/종류] 받침대/쿨러/ 받침대/[호환크기] 18인치대/[주요스펙] 조절 기능: 각도/ 6단계/최대 하중: 20kg/ 알루미늄,https://prod.danawa.com/info/?pcode=32867558,2026-09-27T11:06+00:00,Danawa search (lowest listed price across malls)
노트북 거치대 알루미늄 접이식,마이스탠드 N8 2단 접이식 노트북 거치대,20070,5,디지털 완제품_노트북 주변기기,"[분류/종류] 받침대/쿨러/ 받침대/[호환크기] 17인치대/[주요스펙] 조절 기능: 높이, 각도/ 10단계 이상/최대 하중: 10kg/ 알루미늄/미끄럼방지 패드/[크기/무게] 190mm/0.48kg",https://prod.danawa.com/info/?pcode=74884769,2026-09-27T11:06+00:00,Danawa search (lowest listed price across malls)
노트북 거치대 알루미늄 접이식,세렌디피티 CHNB-N8 2단 접이식 노트북 거치대,15980,4,디지털 완제품_노트북 주변기기,"[분류/종류] 받침대/쿨러/ 받침대/[주요스펙] 조절 기능: 높이, 각도/ 10단계 이상/최대 하중: 40kg/ 알루미늄/[크기/무게] 200mm/ 295mm",https://prod.danawa.com/info/?pcode=31392203,2026-09-27T11:06+00:00,Danawa search (lowest listed price across malls)
노트북 거치대 알루미늄 접이식,삼성전자 ST-N1000S 접이식 노트북 거치대,44900,25,디지털 완제품_노트북 주변기기,"[분류/종류] 받침대/쿨러/ 받침대/[호환크기] 17인치대/[주요스펙] 조절 기능: 높이, 각도/ 2관절/최대 하중: 5kg/ 알루미늄/미끄럼방지 패드/[크기/무게] 270mm/ 224mm/0.9kg",https://prod.danawa.com/info/?pcode=18681803,2026-09-27T11:06+00:00,Danawa search (lowest listed price across malls)
노트북 거치대 알루미늄 접이식,어픽 360도 회전 접이식 노트북 거치대,22280,1,디지털 완제품_노트북 주변기기,"[분류/종류] 받침대/쿨러/ 받침대/[주요스펙] 조절 기능: 높이, 회전, 각도/ 1관절/ 알루미늄/미끄럼방지 패드/[크기/무게] 250mm/ 215mm/1.2kg",https://prod.danawa.com/info/?pcode=97775747,2026-09-27T11:06+00:00,Danawa search (lowest listed price across malls)
노트북 거치대 알루미늄 접이식,이지넷유비쿼터스 넥스트 NEXT-NBS2315 2단 접이식 알루미늄 노트북 거치대,25400,167,디지털 완제품_노트북 주변기기,[분류/종류] 받침대/쿨러/ 받침대/[호환크기] 15인치대/[주요스펙] 조절 기능: 높이/ 10단계 이상/ 알루미늄/미끄럼방지 패드/[크기/무게] 45mm/ 285mm/ 25mm/0.47kg,https://prod.danawa.com/info/?pcode=14433032,2026-09-27T11:06+00:00,Danawa search (lowest listed price across malls)
노트북 거치대 알루미늄 접이식,스마텍 ST-NT5 접이식 노트북 거치대,12150,1,디지털 완제품_노트북 주변기기,[분류/종류] 받침대/쿨러/ 받침대/[주요스펙] 조절 기능: 각도/ 7단계/ 알루미늄/미끄럼방지 패드/0.2kg,https://prod.danawa.com/info/?pcode=98240093,2026-09-27T11:06+00:00,Danawa search (lowest listed price across malls)
노트북 거치대 알루미늄 접이식,쿠팡 홈플래닛 CP-LS01 접이식 노트북 거치대,8380,6,디지털 완제품_노트북 주변기기,[분류/종류] 받침대/쿨러/ 받침대/[주요스펙] 조절 기능: 각도/ 6단계/ 알루미늄/[크기/무게] 165mm/ 250mm/0.29kg,https://prod.danawa.com/info/?pcode=14549159,2026-09-27T11:06+00:00,Danawa search (lowest listed price across malls)
노트북 거치대 알루미늄 접이식,COMS iTOM N1 접이식 노트북 거치대,26260,1,디지털 완제품_노트북 주변기기,[분류/종류] 받침대/쿨러/ 받침대/[호환크기] 15인치대/[주요스펙] 알루미늄/미끄럼방지 패드/[크기/무게] 225mm/ 257mm/0.433kg,https://prod.danawa.com/info/?pcode=122665386,2026-09-27T11:06+00:00,Danawa search (lowest listed price across malls)
노트북 거치대 알루미늄 접이식,라이트컴 COMS BB831 접이식 노트북 거치대,7240,29,디지털 완제품_노트북 주변기기,[분류/종류] 받침대/쿨러/ 받침대/[호환크기] 15인치대/[주요스펙] 조절 기능: 각도/ 6단계/ 알루미늄/[크기/무게] 170mm/ 255mm/0.257kg,https://prod.danawa.com/info/?pcode=62569613,2026-09-27T11:06+00:00,Danawa search (lowest listed price across malls)
노트북 거치대 알루미늄 접이식,GPOP CW-NTS-100 접이식 노트북 거치대,13110,127,디지털 완제품_노트북 주변기기,[분류/종류] 받침대/쿨러/ 받침대/[호환크기] 15인치대/[주요스펙] 조절 기능: 각도/ 6단계/최대 하중: 5kg/ 알루미늄/미끄럼방지 패드/[크기/무게] 180mm/ 250mm/0.16kg,https://prod.danawa.com/info/?pcode=18698399,2026-09-27T11:06+00:00,Danawa search (lowest listed price across malls)
노트북 거치대 알루미늄 접이식,이지넷유비쿼터스 넥스트 NEXT-NBS5505 접이식 노트북 거치대,9600,108,디지털 완제품_노트북 주변기기,[분류/종류] 받침대/쿨러/ 받침대/[호환크기] 15인치대/[주요스펙] 조절 기능: 각도/ 5단계/ 알루미늄/[크기/무게] 0.18kg,https://prod.danawa.com/info/?pcode=14932457,2026-09-27T11:06+00:00,Danawa search (lowest listed price across malls)
모니터 받침대,레토GMS LMS-G01 강화유리 모니터받침대,17900,14,가구/침구_홈오피스가구,모니터받침대/프레임 주요재질: 유리/크기(가로x세로x높이): 55x21x8cm/색상: 투명+흰색,https://prod.danawa.com/info/?pcode=2964804,2026-09-27T11:06+00:00,Danawa search (lowest listed price across malls)
모니터 받침대,데스커 수납형 모니터받침대 DSAA0302,44500,6,가구/침구_홈오피스가구,"모니터받침대/서랍포함/크기(가로x세로x높이): 60x22x9cm/색상: 화이트, 메이플, 빈티지블랙",https://prod.danawa.com/info/?pcode=5705502,2026-09-27T11:06+00:00,Danawa search (lowest listed price across malls)
모니터 받침대,이킵먼트 원목 모니터 받침대 선반,101630,49,가구/침구_홈오피스가구,모니터받침대/프레임 주요재질: 가공목/크기(가로x세로x높이): 116x23x11cm,https://prod.danawa.com/info/?pcode=19110365,2026-09-27T11:06+00:00,Danawa search (lowest listed price across malls)
모니터 받침대,우드웰 MT-09 스토리 서랍형 2단 모니터받침대,10900,61,가구/침구_홈오피스가구,"모니터받침대/서랍포함/프레임 주요재질: 가공목/크기(가로x세로x높이): 51.3x23x15.5cm/색상: 메이플, 화이트, 워시, 그레이",https://prod.danawa.com/info/?pcode=16526564,2026-09-27T11:06+00:00,Danawa search (lowest listed price across malls)
모니터 받침대,일리안 베이직 모듈러 듀얼 모니터 받침대 L,98000,3,가구/침구_홈오피스가구,"모니터받침대/높이조절가능/프레임 주요재질: 가공목/크기(가로x세로x높이): 118x23x11cm/색상: 블랙, 화이트",https://prod.danawa.com/info/?pcode=71505059,2026-09-27T11:06+00:00,Danawa search (lowest listed price across malls)
모니터 받침대,프랜디 소나무 원목 서랍형 모니터 받침대 D2,14730,7,가구/침구_홈오피스가구,모니터받침대/서랍포함/프레임 주요재질: 원목/크기(가로x세로x높이): 50x20x13cm,https://prod.danawa.com/info/?pcode=16871423,2026-09-27T11:06+00:00,Danawa search (lowest listed price across malls)
모니터 받침대,데스커 수납형 모니터받침대,51420,22,가구/침구_홈오피스가구,"모니터받침대/서랍포함/프레임 주요재질: 가공목/크기(가로x세로x높이): 100x22x9cm/색상: 빈티지블랙, 화이트, 메이플",https://prod.danawa.com/info/?pcode=5705517,2026-09-27T11:06+00:00,Danawa search (lowest listed price across malls)
모니터 받침대,앱코 AMS10S 싱글 모니터 받침대,12900,45,가구/침구_홈오피스가구,모니터받침대/프레임 주요재질: 가공목/크기(가로x세로x높이): 50x26x12.2cm/색상: 티크,https://prod.danawa.com/info/?pcode=15902054,2026-09-27T11:06+00:00,Danawa search (lowest listed price across malls)
모니터 받침대,엔키마운트 ENK-DT100 3단계 높이조절 모니터 받침대,9290,38,가구/침구_홈오피스가구,모니터받침대/높이조절가능/프레임 주요재질: 철제/크기(가로x세로x높이): 37x23.5x10~14cm/색상: 블랙,https://prod.danawa.com/info/?pcode=15519296,2026-09-27T11:06+00:00,Danawa search (lowest listed price across malls)
모니터 받침대,앱코 MES100 사이드 폴딩 RGB 오거나이저 USB 3.0 모니터받침대,174880,1,가구/침구_홈오피스가구,"모니터받침대/서랍포함/스마트폰거치대포함/USB포트포함/프레임 주요재질: 가공목/크기(가로x세로x높이): 55x20x8cm/색상: 블랙, 화이트",https://prod.danawa.com/info/?pcode=12362060,2026-09-27T11:06+00:00,Danawa search (lowest listed price across malls)
모니터 받침대,우드웰 MT-01 스토리 서랍형 듀얼 모니터받침대,29600,203,가구/침구_홈오피스가구,"모니터받침대/서랍포함/프레임 주요재질: 가공목/크기(가로x세로x높이): 110x23x11.5cm/색상: 메이플, 화이트, 워시, 그레이",https://prod.danawa.com/info/?pcode=16526624,2026-09-27T11:06+00:00,Danawa search (lowest listed price across malls)
모니터 받침대,마이크로닉스 UV-M100 살균 모니터 받침대,11850,71,가구/침구_홈오피스가구,모니터받침대/프레임 주요재질: 알루미늄/크기: 61.5x21x9cm/색상: 블랙,https://prod.danawa.com/info/?pcode=15118211,2026-09-27T11:06+00:00,Danawa search (lowest listed price across malls)
모니터 받침대,데스커 고속무선충전 USB허브 서랍형 모니터 받침대 2.0,106000,11,가구/침구_홈오피스가구,"모니터받침대/서랍포함/USB포트포함/무선충전가능/프레임 주요재질: 가공목/크기(가로x세로x높이): 100x22x9cm/색상: 화이트, 메이플, 빈티지블랙",https://prod.danawa.com/info/?pcode=60232697,2026-09-27T11:06+00:00,Danawa search (lowest listed price across malls)
모니터 받침대,크로스오버존 듀얼받침대 STB-111-03,24460,22,가구/침구_홈오피스가구,"모니터받침대/프레임 주요재질: 가공목/크기(가로x세로x높이): 100x26x12.2cm/색상: 블랙, 화이트, 우드",https://prod.danawa.com/info/?pcode=98085149,2026-09-27T11:06+00:00,Danawa search (lowest listed price across malls)
모니터 받침대,NEXI NX-STB-111 모니터 받침대,11200,86,가구/침구_홈오피스가구,모니터받침대/프레임 주요재질: 가공목/크기(가로x세로x높이): 60x26x12cm/색상: 블랙,https://prod.danawa.com/info/?pcode=15094034,2026-09-27T11:06+00:00,Danawa search (lowest listed price across malls)
모니터 받침대,이지마운트 모니터 받침대 스탠드 거치대 MT-05,12600,7,가구/침구_홈오피스가구,모니터받침대/높이조절가능/프레임 주요재질: 강화유리/크기(가로x세로x높이): 58x21x8~13cm/색상: 투명,https://prod.danawa.com/info/?pcode=122668167,2026-09-27T11:06+00:00,Danawa search (lowest listed price across malls)
모니터 받침대,BRAVOTEC EQUALE AP-2006 RGB 모니터 받침대,158440,1,가구/침구_홈오피스가구,"모니터받침대/서랍포함/스마트폰거치대포함/프레임 주요재질: 플라스틱/크기(가로x세로x높이): 42~52x20x8cm/색상: 블랙, 화이트",https://prod.danawa.com/info/?pcode=16853906,2026-09-27T11:06+00:00,Danawa search (lowest listed price across malls)
모니터 받침대,크로스오버존 싱글받침대 STB-111-02,13990,29,가구/침구_홈오피스가구,"모니터받침대/프레임 주요재질: 가공목/크기(가로x세로x높이): 50x26x12cm/색상: 블랙, 화이트, 우드",https://prod.danawa.com/info/?pcode=98085131,2026-09-27T11:06+00:00,Danawa search (lowest listed price across malls)
모니터 받침대,앱코 AMS10D 듀얼 모니터 받침대,28900,11,가구/침구_홈오피스가구,모니터받침대/프레임 주요재질: 가공목/크기(가로x세로x높이): 100x26x12.2cm/색상: 티크,https://prod.danawa.com/info/?pcode=15977450,2026-09-27T11:06+00:00,Danawa search (lowest listed price across malls)
모니터 받침대,COX CMS10D 듀얼 모니터 스탠드,165220,4,가구/침구_홈오피스가구,모니터받침대/높이조절가능/프레임 주요재질: 유리/크기(가로x세로x높이): 102.9x28.5x12.7cm/색상: 블랙,https://prod.danawa.com/info/?pcode=15722297,2026-09-27T11:06+00:00,Danawa search (lowest listed price across malls)
키보드 손목받침대 메모리폼,쿨러마스터 Wrist Rest WR531 풀사이즈 손목받침대,11720,34,PC 주요 부품_키보드,손목받침대(팜레스트)/메모리폼/로우프로필 기계식 키보드용,https://prod.danawa.com/info/?pcode=14208638,2026-09-27T11:06+00:00,Danawa search (lowest listed price across malls)
키보드 손목받침대 메모리폼,Razer Ergonomic Wrist Rest,29000,41,PC 주요 부품_키보드,손목받침대(팜레스트)/메모리폼/텐키리스용,https://prod.danawa.com/info/?pcode=14731214,2026-09-27T11:06+00:00,Danawa search (lowest listed price across malls)
키보드 손목받침대 메모리폼,로지텍 MX PALM REST (정품),32890,11,PC 주요 부품_키보드,손목받침대(팜레스트)/메모리폼/메모리폼,https://prod.danawa.com/info/?pcode=13541414,2026-09-27T11:06+00:00,Danawa search (lowest listed price across malls)
키보드 손목받침대 메모리폼,펠로우즈 플러쉬터치 손목받침대,13120,,PC 주요 부품_키보드,손목받침대(팜레스트)/메모리폼,https://prod.danawa.com/info/?pcode=5706845,2026-09-27T11:06+00:00,Danawa search (lowest listed price across malls)
키보드 손목받침대 메모리폼,해브잇올 morac 모쿠 메모리폼 팜레스트,9400,10,PC 주요 부품_키보드,손목받침대(팜레스트)/메모리폼,https://prod.danawa.com/info/?pcode=28123013,2026-09-27T11:06+00:00,Danawa search (lowest listed price across malls)
키보드 손목받침대 메모리폼,펠로우즈 레더렛 메모리폼 손목받침대,18430,297,PC 주요 부품_키보드,손목받침대(팜레스트)/메모리폼,https://prod.danawa.com/info/?pcode=14822504,2026-09-27T11:06+00:00,Danawa search (lowest listed price across malls)
키보드 손목받침대 메모리폼,NPX 메모리폼 팔꿈치패드,4270,143,PC 주요 부품_키보드,손목받침대(팜레스트),https://prod.danawa.com/info/?pcode=92237192,2026-09-27T11:06+00:00,Danawa search (lowest listed price across malls)
키보드 손목받침대 메모리폼,지클릭커 윙 코튼 키보드 쿠션 손목 받침대,6400,105,PC 주요 부품_키보드,"손목받침대(팜레스트)/메모리폼/마우스용 : 160x92x18, 티코스터 : 120x90x3",https://prod.danawa.com/info/?pcode=53520386,2026-09-27T11:06+00:00,Danawa search (lowest listed price across malls)
키보드 손목받침대 메모리폼,QSENN 구름 팜레스트 스폰지밥 에디션,12890,4,PC 주요 부품_키보드,손목받침대(팜레스트)/메모리폼,https://prod.danawa.com/info/?pcode=124238176,2026-09-27T11:06+00:00,Danawa search (lowest listed price across malls)
키보드 손목받침대 메모리폼,DURGOD W300 텐키리스 87키 전용 키보드 손목받침대,12200,65,PC 주요 부품_키보드,손목받침대(팜레스트)/메모리폼/87키 전용,https://prod.danawa.com/info/?pcode=13252340,2026-09-27T11:06+00:00,Danawa search (lowest listed price across malls)
키보드 손목받침대 메모리폼,QSENN 구름 팜레스트,5400,62,PC 주요 부품_키보드,손목받침대(팜레스트)/메모리폼,https://prod.danawa.com/info/?pcode=103752779,2026-09-27T11:06+00:00,Danawa search (lowest listed price across malls)
키보드 손목받침대 메모리폼,엠비에프 MBF-KPR44-PK 키보드 손목 받침대 메모리폼 팜레스트 핑크,3500,89,PC 주요 부품_키보드,손목받침대(팜레스트)/메모리폼,https://prod.danawa.com/info/?pcode=32075684,2026-09-27T11:06+00:00,Danawa search (lowest listed price across malls)
키보드 손목받침대 메모리폼,Razer Ergonomic Wrist Rest Pro,48020,29,PC 주요 부품_키보드,손목받침대(팜레스트)/메모리폼/쿨링젤주입,https://prod.danawa.com/info/?pcode=10357521,2026-09-27T11:06+00:00,Danawa search (lowest listed price across malls)
키보드 손목받침대 메모리폼,엠비에프 MBF-KPR44-BK 키보드 손목 받침대 메모리폼 팜레스트 블랙,3500,80,PC 주요 부품_키보드,손목받침대(팜레스트)/메모리폼,https://prod.danawa.com/info/?pcode=32075666,2026-09-27T11:06+00:00,Danawa search (lowest listed price across malls)
키보드 손목받침대 메모리폼,엠비에프 MBF-KPR44-WH 키보드 손목 받침대 메모리폼 팜레스트 화이트,3500,88,PC 주요 부품_키보드,손목받침대(팜레스트)/메모리폼,https://prod.danawa.com/info/?pcode=32075672,2026-09-27T11:06+00:00,Danawa search (lowest listed price across malls)
키보드 손목받침대 메모리폼,엠비에프 MBF-KPR44-DB 키보드 손목 받침대 메모리폼 팜레스트 다크블루,3770,83,PC 주요 부품_키보드,손목받침대(팜레스트)/메모리폼,https://prod.danawa.com/info/?pcode=32075675,2026-09-27T11:06+00:00,Danawa search (lowest listed price across malls)
키보드 손목받침대 메모리폼,Razer Ergonomic Wrist Rest Standard,28000,30,PC 주요 부품_키보드,손목받침대(팜레스트)/메모리폼,https://prod.danawa.com/info/?pcode=10357491,2026-09-27T11:06+00:00,Danawa search (lowest listed price across malls)
키보드 손목받침대 메모리폼,카카오프렌즈 CS 메모리폼 키보드 손목패드 열공 춘식이,15800,81,PC 주요 부품_키보드,손목받침대(팜레스트)/메모리폼,https://prod.danawa.com/info/?pcode=69867923,2026-09-27T11:06+00:00,Danawa search (lowest listed price across malls)
키보드 손목받침대 메모리폼,카카오프렌즈 CS 메모리폼 키보드 손목패드 뭉게구름 춘식이,15450,73,PC 주요 부품_키보드,손목받침대(팜레스트)/메모리폼,https://prod.danawa.com/info/?pcode=71156864,2026-09-27T11:06+00:00,Danawa search (lowest listed price across malls)
키보드 손목받침대 메모리폼,지클릭커 올인원 키보드 청소키트 손목받침대 블랙,12900,5,PC 주요 부품_키보드,키보드 받침대/메모리폼,https://prod.danawa.com/info/?pcode=122651350,2026-09-27T11:06+00:00,Danawa search (lowest listed price across malls)
독서대 360도 회전,아크릴 360도 회전 독서대,33220,1,문구/사무_파일/사무용품,"거치형 독서대/접이식/각도조절가능/높이조절가능/색상: 반투명,실버/크기: 34.1x23.1cm/무게: 1.27kg",https://prod.danawa.com/info/?pcode=79549853,2026-09-27T11:06+00:00,Danawa search (lowest listed price across malls)
독서대 360도 회전,무무 360도 회전 우드 독서대,20350,21,문구/사무_파일/사무용품,거치형 독서대/재질: 목재(MDF 외)/가로: 30cm/접이식/각도조절가능/높이조절가능/크기: 30x23.5x6.6cm/무게: 1.13kg,https://prod.danawa.com/info/?pcode=106786781,2026-09-27T11:06+00:00,Danawa search (lowest listed price across malls)
독서대 360도 회전,이앤 360도회전 북홀더 독서대 AP-7CB,20770,42,문구/사무_파일/사무용품,접이식/크기: 41.5x16.7cm,https://prod.danawa.com/info/?pcode=71069624,2026-09-27T11:06+00:00,Danawa search (lowest listed price across malls)
독서대 360도 회전,무무 360도 회전 아크릴 독서대,22480,22,문구/사무_파일/사무용품,거치형 독서대/재질: 아크릴/가로: 30cm/접이식/각도조절가능/높이조절가능/크기: 30x23.5x6.1cm/무게: 1kg,https://prod.danawa.com/info/?pcode=106786784,2026-09-27T11:06+00:00,Danawa search (lowest listed price across malls)
독서대 360도 회전,애니클리어 360도 회전형 독서대 BS-1PLUS,46430,9,문구/사무_파일/사무용품,거치형 독서대/가로: 39cm/접이식/각도조절가능/크기: 39x26.2x5.3cm/무게: 1.9kg,https://prod.danawa.com/info/?pcode=79527083,2026-09-27T11:06+00:00,Danawa search (lowest listed price across malls)
독서대 360도 회전,씨앤초이스 접이식 아크릴 독서대 360도 회전 각도 높이조절 다용도 거치대,21900,1,문구/사무_파일/사무용품,거치형 독서대/크기: 240x300mm,https://prod.danawa.com/info/?pcode=124259407,2026-09-27T11:06+00:00,Danawa search (lowest listed price across malls)
노트북 수직거치대 알루미늄,UGREEN LP258 클램쉘 듀얼 수직 노트북 거치대,17890,13,디지털 완제품_노트북 주변기기,[분류/종류] 받침대/쿨러/ 클램쉘 거치대/[주요스펙] 조절 기능: 너비/ 알루미늄/ 다이얼 방식/[크기/무게] 105mm/ 150mm/ 54.3mm/0.3kg,https://prod.danawa.com/info/?pcode=67509008,2026-09-27T11:07+00:00,Danawa search (lowest listed price across malls)
노트북 수직거치대 알루미늄,UGREEN LP258 클램쉘 수직 노트북 거치대,17780,14,디지털 완제품_노트북 주변기기,[분류/종류] 받침대/쿨러/ 클램쉘 거치대/[주요스펙] 조절 기능: 너비/ 너비조절: 12~26mm/ 알루미늄/ 다이얼 방식/미끄럼방지 패드/[크기/무게] 78mm/ 150mm/ 50mm/0.176kg,https://prod.danawa.com/info/?pcode=18255638,2026-09-27T11:07+00:00,Danawa search (lowest listed price across malls)
노트북 수직거치대 알루미늄,산와서플라이 PDA-STN31S 수직 노트북 거치대,81300,47,디지털 완제품_노트북 주변기기,[분류/종류] 받침대/쿨러/ 클램쉘 거치대/[주요스펙] 조절 기능: 너비/ 너비조절: ~30mm/ 알루미늄/ 다이얼 방식/미끄럼방지 패드/[크기/무게] 90mm/ 180mm/ 46mm/0.63kg,https://prod.danawa.com/info/?pcode=99714542,2026-09-27T11:07+00:00,Danawa search (lowest listed price across malls)
노트북 수직거치대 알루미늄,이킵먼트 EKMT-VS1 수직 노트북 거치대,15240,18,디지털 완제품_노트북 주변기기,[분류/종류] 받침대/쿨러/ 클램쉘 거치대/[주요스펙] 조절 기능: 너비/ 너비조절: 12~63mm/ 알루미늄/ 렌치 조절식/[크기/무게] 90mm/ 150mm/ 47mm/0.325kg,https://prod.danawa.com/info/?pcode=15189866,2026-09-27T11:07+00:00,Danawa search (lowest listed price across malls)
노트북 수직거치대 알루미늄,토비메모리 수직 듀얼 노트북 거치대,21000,1,디지털 완제품_노트북 주변기기,[분류/종류] 받침대/쿨러/ 클램쉘 거치대/[주요스펙] 조절 기능: 너비/ 너비조절: 14~42mm/ 알루미늄/ 렌치 조절식/[크기/무게] 120mm/ 150mm/ 50mm/0.66kg,https://prod.danawa.com/info/?pcode=18587828,2026-09-27T11:07+00:00,Danawa search (lowest listed price across malls)
노트북 수직거치대 알루미늄,이킵먼트 EKMT-VS2-2 수직 듀얼 노트북 거치대,18800,9,디지털 완제품_노트북 주변기기,[분류/종류] 받침대/쿨러/ 클램쉘 거치대/[주요스펙] 조절 기능: 너비/ 너비조절: 16~42mm/ 알루미늄/ 렌치 조절식/[크기/무게] 120mm/ 150mm/ 47mm/0.7kg,https://prod.danawa.com/info/?pcode=42725285,2026-09-27T11:07+00:00,Danawa search (lowest listed price across malls)
노트북 수직거치대 알루미늄,이킵먼트 EKMT-VS2 수직 듀얼 노트북 거치대,17340,17,디지털 완제품_노트북 주변기기,[분류/종류] 받침대/쿨러/ 클램쉘 거치대/[주요스펙] 조절 기능: 너비/ 너비조절: 16~42mm/ 알루미늄/ 렌치 조절식/[크기/무게] 120mm/ 150mm/ 47mm/0.7kg,https://prod.danawa.com/info/?pcode=15452723,2026-09-27T11:07+00:00,Danawa search (lowest listed price across malls)
노트북 수직거치대 알루미늄,랩디오 LD_TS 클램쉘 수직 노트북 거치대,16800,1,디지털 완제품_노트북 주변기기,[분류/종류] 받침대/쿨러/ 클램쉘 거치대/[주요스펙] 조절 기능: 너비/ 너비조절: 50mm/ 알루미늄/ 렌치 조절식/[크기/무게] 65mm/ 150mm/ 47mm/0.35kg,https://prod.danawa.com/info/?pcode=73427984,2026-09-27T11:07+00:00,Danawa search (lowest listed price across malls)
노트북 수직거치대 알루미늄,그리핑 GP-VLST200 수직 듀얼 노트북 거치대,19900,1,디지털 완제품_노트북 주변기기,[분류/종류] 받침대/쿨러/ 클램쉘 거치대/[주요스펙] 조절 기능: 너비/ 너비조절: 13~41mm/ 알루미늄/ 렌치 조절식/[크기/무게] 120mm/ 149mm/ 47mm/0.561kg,https://prod.danawa.com/info/?pcode=50000372,2026-09-27T11:07+00:00,Danawa search (lowest listed price across malls)
노트북 수직거치대 알루미늄,SODI 클램쉘 수직 거치대,27910,16,디지털 완제품_노트북 주변기기,[분류/종류] 받침대/쿨러/ 클램쉘 거치대/ 너비조절: ~26mm/ 알루미늄/자동 조절식/미끄럼방지 패드/[크기/무게] 110mm/ 162mm/ 88mm/0.408kg,https://prod.danawa.com/info/?pcode=76404752,2026-09-27T11:07+00:00,Danawa search (lowest listed price across malls)
노트북 수직거치대 알루미늄,노커드 3슬롯 수직 거치대,20900,3,디지털 완제품_노트북 주변기기,[분류/종류] 받침대/쿨러/ 클램쉘 거치대/[주요스펙] 조절 기능: 너비/ 너비조절: 13~42mm/ 알루미늄/ 렌치 조절식/미끄럼방지 패드/[크기/무게] 120mm/ 150mm/ 47mm/0.7kg,https://prod.danawa.com/info/?pcode=72674339,2026-09-27T11:07+00:00,Danawa search (lowest listed price across malls)
노트북 수직거치대 알루미늄,이킵먼트 EKMT-VS2-1 수직 듀얼 노트북 거치대,20170,15,디지털 완제품_노트북 주변기기,[분류/종류] 받침대/쿨러/ 클램쉘 거치대/[주요스펙] 조절 기능: 너비/ 너비조절: 16~42mm/ 알루미늄/ 렌치 조절식/[크기/무게] 120mm/ 150mm/ 47mm/0.7kg,https://prod.danawa.com/info/?pcode=42725309,2026-09-27T11:07+00:00,Danawa search (lowest listed price across malls)
노트북 수직거치대 알루미늄,리버네트워크 NEXI NX1293 세로형 듀얼 수직 노트북 거치대,18300,4,디지털 완제품_노트북 주변기기,[분류/종류] 받침대/쿨러/ 클램쉘 거치대/[호환크기] 15인치대/[주요스펙] 조절 기능: 너비/최대 하중: 10kg/ 알루미늄/ 다이얼 방식/[크기/무게] 136mm/ 180mm/ 46mm/0.486kg,https://prod.danawa.com/info/?pcode=17473160,2026-09-27T11:07+00:00,Danawa search (lowest listed price across malls)
노트북 수직거치대 알루미늄,DAMONCOM NS-880 알루미늄 수직 노트북 거치대,20400,2,디지털 완제품_노트북 주변기기,[분류/종류] 받침대/쿨러/ 클램쉘 거치대/[주요스펙] 조절 기능: 너비/ 너비조절: 14~73mm/ 알루미늄/ 렌치 조절식/[크기/무게] 95mm/ 150mm/ 46mm,https://prod.danawa.com/info/?pcode=7609267,2026-09-27T11:07+00:00,Danawa search (lowest listed price across malls)
노트북 수직거치대 알루미늄,감성공장 클램쉘 2슬롯 수직 노트북 거치대,18200,4,디지털 완제품_노트북 주변기기,[분류/종류] 받침대/쿨러/ 클램쉘 거치대/[주요스펙] 조절 기능: 너비/ 너비조절: 15~65mm/ 알루미늄/ 렌치 조절식/[크기/무게] 96mm/ 150mm/ 47mm,https://prod.danawa.com/info/?pcode=58447556,2026-09-27T11:07+00:00,Danawa search (lowest listed price across malls)
노트북 수직거치대 알루미늄,잇에버 클램쉘 수직 노트북 거치대,26800,3,디지털 완제품_노트북 주변기기,[분류/종류] 받침대/쿨러/ 클램쉘 거치대/[주요스펙] 너비조절: ~18.3mm/ 알루미늄/패킹 교체식/[크기/무게] 83mm/ 225mm/0.26kg,https://prod.danawa.com/info/?pcode=33433001,2026-09-27T11:07+00:00,Danawa search (lowest listed price across malls)
노트북 수직거치대 알루미늄,이킵먼트 EKMT-VS5 수직 듀얼 노트북 거치대,146630,1,디지털 완제품_노트북 주변기기,[분류/종류] 받침대/쿨러/ 클램쉘 거치대/[주요스펙] 조절 기능: 너비/ 너비조절: 15~27mm/ 알루미늄/ 렌치 조절식/[크기/무게] 110mm/ 180mm/ 60mm/0.675kg,https://prod.danawa.com/info/?pcode=16032065,2026-09-27T11:07+00:00,Danawa search (lowest listed price across malls)
노트북 수직거치대 알루미늄,이킵먼트 EKMT-VS3 수직 노트북 거치대,19990,4,디지털 완제품_노트북 주변기기,[분류/종류] 받침대/쿨러/ 클램쉘 거치대/[주요스펙] 조절 기능: 너비/ 너비조절: 13~28mm/ 알루미늄/ 다이얼 방식/[크기/무게] 88mm/ 180mm/ 72.5mm/0.488kg,https://prod.danawa.com/info/?pcode=15504698,2026-09-27T11:07+00:00,Danawa search (lowest listed price across malls)
노트북 수직거치대 알루미늄,비브 수직 노트북 거치대,39900,2,디지털 완제품_노트북 주변기기,[분류/종류] 받침대/쿨러/ 클램쉘 거치대/[주요스펙] 조절 기능: 너비/ 너비조절: 20~40mm/ 알루미늄 외 포함/ 렌치 조절식/미끄럼방지 패드/[크기/무게] 100mm/ 250mm/ 160mm/1.5kg,https://prod.danawa.com/info/?pcode=72968630,2026-09-27T11:07+00:00,Danawa search (lowest listed price across malls)
노트북 수직거치대 알루미늄,감성공장 클램쉘 4슬롯 수직 노트북 거치대,21900,1,디지털 완제품_노트북 주변기기,[분류/종류] 받침대/쿨러/ 클램쉘 거치대/[주요스펙] 조절 기능: 너비/ 너비조절: 15~40mm/ 알루미늄/ 렌치 조절식/[크기/무게] 120mm/ 150mm/ 45mm,https://prod.danawa.com/info/?pcode=58450160,2026-09-27T11:07+00:00,Danawa search (lowest listed price across malls)
